title,RefinableString01,AssuntoNormativoOWSMTXT,ResponsavelOWSText,listItemId,TipodoNormativoOWSCHCS,NumeroOWSNMBR,RevogadoOWSBOOL,HitHighlightedSummary,CanceladoOWSBOOL,data,RefinableString03,RowNumber
Comunicado N° 42.141,17/9/2024 09:23,Divulga nome aprovado de pessoas eleitas/nomeadas para cargos de órgãos estatutários ou contratuais de sociedades autorizadas a funcionar pelo Banco Central do Brasil.,DEORF,132502,Comunicado,42141,0,Instituição Cooperativa de Economia e Crédito Mútuo Unicred Coalizão Ltda. - Unicred  Instituição Cooperativa de Crédito do Planalto Sul - Sicoob Credisserrana (CNPJ 03.033.469  ,0,2024-09-17T12:23:36Z,17/9/2024 09:23,0
Comunicado N° 42.136,16/9/2024 09:32,Divulga nome aprovado de pessoas eleitas/nomeadas para cargos de órgãos estatutários ou contratuais de sociedades autorizadas a funcionar pelo Banco Central do Brasil.,DEORF,132497,Comunicado,42136,0,Instituição Cooperativa de Crédito Credinosso Ltda. - Sicoob Credinosso (CNPJ 06.324.872  Instituição Cooperativa de Crédito Unicred Valor Capital Ltda. - Unicred Valor Capital  ,0,2024-09-16T12:32:09Z,16/9/2024 09:32,1
Comunicado N° 42.130,13/9/2024 09:59,Divulga nome aprovado de pessoas eleitas/nomeadas para cargos de órgãos estatutários ou contratuais de sociedades autorizadas a funcionar pelo Banco Central do Brasil.,DEORF,132491,Comunicado,42130,0,Instituição Confederação Nacional das Cooperativas Centrais Unicred Ltda. - Unicred do  Instituição Cooperativa de Crédito de Livre Admissão do Centro-Norte Brasileiro (CNPJ  ,0,2024-09-13T12:59:18Z,13/9/2024 09:59,2
Comunicado N° 42.123,12/9/2024 10:08,Divulga nome aprovado de pessoas eleitas/nomeadas para cargos de órgãos estatutários ou contratuais de sociedades autorizadas a funcionar pelo Banco Central do Brasil.,DEORF,132484,Comunicado,42123,0,Instituição Cooperativa Central de Crédito do Estado de São Paulo - Sicoob São Paulo (CNPJ  Instituição Cooperativa de Crédito de Livre Admissão do Vale do São Patrício Ltda. (CNPJ  ,0,2024-09-12T13:08:46Z,12/9/2024 10:08,3
Instrução Normativa BCB N° 521,11/9/2024 10:52,"Altera a Carta Circular nº 3.853, de 19 de dezembro de 2017, que detalha as rubricas contábeis a serem utilizadas no cálculo da parcela dos ativos ponderados pelo risco na forma simplificada referentes às exposições ao risco de crédito sujeitas à apuração do requerimento mínimo de capital mediante abordagem padronizada simplificada (RWARCSimp).
",DEREG,52390,Instrução Normativa BCB,521,0,"referentes às exposições ao risco de crédito sujeitas à apuração do requerimento mínimo de  1º, incisos III-A e XV, “c  XV - valores de crédito contratados a liberar, que correspondem  ",0,2024-09-11T13:52:00Z,11/9/2024 10:52,4
Resolução CMN N° 5.172,9/9/2024 18:40,"Altera a Resolução CMN nº 5.140, de 5 de junho de 2024, que estabelece as condições, os encargos financeiros, os prazos e as demais normas regulamentadoras das linhas de financiamento disponibilizadas com recursos do superávit financeiro do Fundo Social. ",MF,52389,Resolução CMN,5172,0,"9º da Lei nº
4.595, de  perdida, não tenha sido comercializada pelas cooperativas ou não
tenha sido entregue pelos associados à cooperativa em decorrência das enchentes,
alagamentos  ",0,2024-09-09T21:40:00Z,9/9/2024 18:40,5
Comunicado N° 42.105,9/9/2024 09:25,Divulga nome aprovado de pessoas eleitas/nomeadas para cargos de órgãos estatutários ou contratuais de sociedades autorizadas a funcionar pelo Banco Central do Brasil.,DEORF,132467,Comunicado,42105,0,Divulga nome aprovado de pessoas eleitas/nomeadas para cargos de órgãos estatutários ou  Instituição Cooperativa de Crédito de Livre Admissão do Vale do Aço Ltda. - Sicoob Vale do  ,0,2024-09-09T12:25:15Z,9/9/2024 09:25,6
Comunicado N° 42.098,6/9/2024 08:20,Divulga nome aprovado de pessoas eleitas/nomeadas para cargos de órgãos estatutários ou contratuais de sociedades autorizadas a funcionar pelo Banco Central do Brasil.,DEORF,132460,Comunicado,42098,0,Divulga nome aprovado de pessoas eleitas/nomeadas para cargos de órgãos estatutários ou contratuais  Instituição Cooperativa de Economia e Crédito Mútuo dos Funcionários da Sanepar  ,0,2024-09-06T11:20:52Z,6/9/2024 08:20,7
Comunicado N° 42.095,5/9/2024 09:24,Divulga nome aprovado de pessoas eleitas/nomeadas para cargos de órgãos estatutários ou contratuais de sociedades autorizadas a funcionar pelo Banco Central do Brasil.,DEORF,132457,Comunicado,42095,0,Instituição Cooperativa de Crédito Rural de São Miguel do Oeste - Sulcredi/São Miguel  Instituição Cooperativa de Crédito Sicoob Coopemar Ltda.  (CNPJ 04.174.720  ,0,2024-09-05T12:24:09Z,5/9/2024 09:24,8
Comunicado N° 42.087,4/9/2024 09:18,Divulga nome aprovado de pessoas eleitas/nomeadas para cargos de órgãos estatutários ou contratuais de sociedades autorizadas a funcionar pelo Banco Central do Brasil.,DEORF,132449,Comunicado,42087,0,Instituição Cooperativa de Crédito Crediguaçu - Sicoob Crediguaçu (CNPJ 67.960.229  Instituição Cooperativa de Crédito e Investimento com Interação Solidária Alternativa  ,0,2024-09-04T12:18:12Z,4/9/2024 09:18,9
Comunicado N° 42.078,3/9/2024 11:06,Divulga nome aprovado de pessoas eleitas/nomeadas para cargos de órgãos estatutários ou contratuais de sociedades autorizadas a funcionar pelo Banco Central do Brasil.,DEORF,132440,Comunicado,42078,0,"Instituição Cooperativa de Economia e Crédito Mútuo dos Empresários de Americana, Limeira  Instituição Cooperativa Central de Crédito da Bahia Ltda. - Sicoob Central BA (CNPJ  ",0,2024-09-03T14:06:26Z,3/9/2024 11:06,10
Comunicado N° 42.073,2/9/2024 12:02,Divulga nome aprovado de pessoas eleitas/nomeadas para cargos de órgãos estatutários ou contratuais de sociedades autorizadas a funcionar pelo Banco Central do Brasil.,DEORF,132435,Comunicado,42073,0,Divulga nome aprovado de pessoas eleitas/nomeadas para cargos de órgãos estatutários ou  Instituição Sicoob Credinova - Cooperativa de Crédito de Livre Admissão de Nova Serrana e  ,0,2024-09-02T15:02:02Z,2/9/2024 12:02,11
Instrução Normativa BCB N° 511,30/8/2024 11:19,"No âmbito do Pix, estabelece os procedimentos necessários para pleitear: a adesão ao Pix; a alteração na modalidade de participação no Pix; a alteração na forma de acesso ao Diretório de Identificadores de Contas Transacionais (DICT) e de participação no Sistema de Pagamentos Instantâneos (SPI); a alteração de participante responsável, liquidante ou prestador de serviços no DICT; a oferta de produtos e serviços adicionais ou facultativos; e a atualização cadastral das demais informações pertinentes.
",DECEM,52379,Instrução Normativa BCB,511,0,"No âmbito do Pix, estabelece os procedimentos necessários para pleitear: a adesão ao Pix; a alteração na modalidade de participação no Pix; a alteração na forma de acesso ao  ",0,2024-08-30T14:19:00Z,30/8/2024 11:19,12
Comunicado N° 42.056,30/8/2024 08:25,Divulga nome aprovado de pessoas eleitas/nomeadas para cargos de órgãos estatutários ou contratuais de sociedades autorizadas a funcionar pelo Banco Central do Brasil.,DEORF,132418,Comunicado,42056,0,Instituição Cooperativa de Crédito Cogem (CNPJ 44.401.800  Instituição Cooperativa de Crédito Credinorte Ltda. - Sicoob Credinorte (CNPJ 64.276.058  Nome Lia Machado de Matos (CPF  ,0,2024-08-30T11:25:17Z,30/8/2024 08:25,13
Comunicado N° 42.050,29/8/2024 10:48,Divulga nome aprovado de pessoas eleitas/nomeadas para cargos de órgãos estatutários ou contratuais de sociedades autorizadas a funcionar pelo Banco Central do Brasil.,DEORF,132412,Comunicado,42050,0,Instituição Servicoop - Cooperativa de Crédito dos Servidores Públicos Estaduais e  Instituição Cooperativa de Crédito Sicoob Norte Sul Ltda. (CNPJ 02.876.918  ,0,2024-08-29T13:48:49Z,29/8/2024 10:48,14
Comunicado N° 42.042,28/8/2024 09:22,Divulga nome aprovado de pessoas eleitas/nomeadas para cargos de órgãos estatutários ou contratuais de sociedades autorizadas a funcionar pelo Banco Central do Brasil.,DEORF,132404,Comunicado,42042,0,"Instituição Sicoob Crediconsumo - Cooperativa de Crédito (CNPJ 47.074.323  Instituição Stone Sociedade de Crédito, Financiamento e Investimento S.A. (CNPJ 53.505.601  ",0,2024-08-28T12:22:44Z,28/8/2024 09:22,15
Comunicado N° 42.038,27/8/2024 12:18,Divulga nome aprovado de pessoas eleitas/nomeadas para cargos de órgãos estatutários ou contratuais de sociedades autorizadas a funcionar pelo Banco Central do Brasil.,DEORF,132400,Comunicado,42038,0,"Instituição Cooperativa de Crédito Mútuo dos Empregados do Magazine Luiza, Empresas  Instituição Cooperativa de Crédito de Livre Admissão de Roraima Ltda. (CNPJ 02.137.018  ",0,2024-08-27T15:18:08Z,27/8/2024 12:18,16
Comunicado N° 42.033,26/8/2024 09:41,Divulga nome aprovado de pessoas eleitas/nomeadas para cargos de órgãos estatutários ou contratuais de sociedades autorizadas a funcionar pelo Banco Central do Brasil.,DEORF,132395,Comunicado,42033,0,Divulga nome aprovado de pessoas eleitas/nomeadas para cargos de órgãos estatutários ou  Instituição Cooperativa de Crédito de Livre Admissão de Pernambuco - Sicoob Pernambuco  ,0,2024-08-26T12:41:56Z,26/8/2024 09:41,17
Comunicado N° 42.028,23/8/2024 10:42,Divulga nome aprovado de pessoas eleitas/nomeadas para cargos de órgãos estatutários ou contratuais de sociedades autorizadas a funcionar pelo Banco Central do Brasil.,DEORF,132390,Comunicado,42028,0,Instituição Cooperativa de Crédito Mútuo dos Empregados do Centro Universitário Newton  Instituição Cooperativa de Economia e Crédito Mútuo dos Servidores Públicos Municipais de  ,0,2024-08-23T13:42:32Z,23/8/2024 10:42,18
Resolução CMN N° 5.165,22/8/2024 18:03,Ajusta normas na Seção 9 (Contratos de Opção de Compra e Venda como Instrumento de Política Agrícola) do Capítulo 4 (Finalidades e Instrumentos Especiais de Política Agrícola) do Manual de Crédito Rural – MCR. ,MF,52365,Resolução CMN,5165,0,"Especiais de
Política Agrícola) do Manual de Crédito Rural – MCR passa a vigorar com as  a) adquirentes
produtores rurais e suas cooperativas de produção;b) prêmio
valor que o  ",0,2024-08-22T21:03:00Z,22/8/2024 18:03,19
Comunicado N° 42.022,22/8/2024 08:44,"
Divulga nome aprovado de pessoas eleitas/nomeadas para cargos de órgãos estatutários ou contratuais de sociedades autorizadas a funcionar pelo Banco Central do Brasil.",DEORF,132384,Comunicado,42022,0,"Instituição Cooperativa de Crédito, Poupança e Investimento de Campo Grande e Região  Instituição Cooperativa de Crédito e Investimento com Interação Solidária Conexão - Cresol  ",0,2024-08-22T11:44:32Z,22/8/2024 08:44,20
Comunicado N° 42.017,21/8/2024 10:11,"
Divulga nome aprovado de pessoas eleitas/nomeadas para cargos de órgãos estatutários ou contratuais de sociedades autorizadas a funcionar pelo Banco Central do Brasil.",DEORF,132379,Comunicado,42017,0,Instituição Cooperativa de Economia e Crédito Mútuo dos Profissionais da Saúde da Região  Instituição Cooperativa de Crédito de Livre Admissão de Associados - Sicoob Credicaru SC  ,0,2024-08-21T13:11:26Z,21/8/2024 10:11,21
Comunicado N° 42.012,20/8/2024 10:02,Divulga nome aprovado de pessoas eleitas/nomeadas para cargos de órgãos estatutários ou contratuais de sociedades autorizadas a funcionar pelo Banco Central do Brasil.,DEORF,132374,Comunicado,42012,0,Instituição Cooperativa de Crédito Unicred Desbravadora Ltda. - Unicred Desbravadora (CNPJ  Instituição Cooperativa de Crédito dos Servidores Públicos no Estado da Bahia Ltda  ,0,2024-08-20T13:02:09Z,20/8/2024 10:02,22
Comunicado N° 42.007,19/8/2024 09:46,Divulga nome aprovado de pessoas eleitas/nomeadas para cargos de órgãos estatutários ou contratuais de sociedades autorizadas a funcionar pelo Banco Central do Brasil.,DEORF,132368,Comunicado,42007,0,Instituição Cooperativa de Crédito de Livre Admissão do Vale do Araguaia Ltda. (CNPJ  Instituição Cooperativa de Crédito e Economia com Interação Solidária - Cresol Noroeste  ,0,2024-08-19T12:46:34Z,19/8/2024 09:46,23
Comunicado N° 41.999,16/8/2024 08:31,Divulga nome aprovado de pessoas eleitas/nomeadas para cargos de órgãos estatutários ou contratuais de sociedades autorizadas a funcionar pelo Banco Central do Brasil.,DEORF,132360,Comunicado,41999,0,Instituição Cooperativa de Economia e Crédito Mútuo dos Empregados da Mondelez Brasil  Instituição Cooperativa de Crédito dos Servidores Públicos no Estado da Bahia Ltda  ,0,2024-08-16T11:31:42Z,16/8/2024 08:31,24
Comunicado N° 41.994,15/8/2024 10:25,"
Divulga nome aprovado de pessoas eleitas/nomeadas para cargos de órgãos estatutários ou contratuais de sociedades autorizadas a funcionar pelo Banco Central do Brasil.",DEORF,132355,Comunicado,41994,0,Instituição Cooperativa de Economia e Crédito Mútuo dos Colaboradores da Vale S.A. Ltda  Instituição Cooperativa de Economia e Crédito Mútuo dos Servidores Públicos Municipais de  ,0,2024-08-15T13:25:50Z,15/8/2024 10:25,25
Comunicado N° 41.988,14/8/2024 11:29,"
Divulga nome aprovado de pessoas eleitas/nomeadas para cargos de órgãos estatutários ou contratuais de sociedades autorizadas a funcionar pelo Banco Central do Brasil.",DEORF,132347,Comunicado,41988,0,Divulga nome aprovado de pessoas eleitas/nomeadas para cargos de órgãos estatutários ou  Instituição Cooperativa de Crédito Credialp Ltda. - Sicoob Credialp (CNPJ 25.353.939  ,0,2024-08-14T14:29:30Z,14/8/2024 11:29,26
Comunicado N° 41.981,13/8/2024 14:35,Divulga nome aprovado de pessoas eleitas/nomeadas para cargos de órgãos estatutários ou contratuais de sociedades autorizadas a funcionar pelo Banco Central do Brasil.,DEORF,132340,Comunicado,41981,0,"Instituição Cooperativa de Crédito de Livre Admissão de Pitangui, Papagaios, Maravilhas e  Instituição Cooperativa de Crédito de Livre Admissão do Vale do Araguaia Ltda. (CNPJ  ",0,2024-08-13T17:35:19Z,13/8/2024 14:35,27
Comunicado N° 41.973,12/8/2024 11:26,Divulga nome aprovado de pessoas eleitas/nomeadas para cargos de órgãos estatutários ou contratuais de sociedades autorizadas a funcionar pelo Banco Central do Brasil.,DEORF,132332,Comunicado,41973,0,Instituição Cooperativa de Economia e Crédito Mútuo dos Empregados da Eaton (CNPJ  Instituição BNK Digital Sociedade de Crédito Direto S.A. (CNPJ 45.331.622  ,0,2024-08-12T14:26:52Z,12/8/2024 11:26,28
Comunicado N° 41.969,9/8/2024 10:35,Divulga nome aprovado de pessoas eleitas/nomeadas para cargos de órgãos estatutários ou contratuais de sociedades autorizadas a funcionar pelo Banco Central do Brasil.,DEORF,132328,Comunicado,41969,0,"Instituição Cooperativa de Crédito Potiguar - Sicoob Potiguar (CNPJ 02.382.755  Instituição Financeira Alfa S.A. - Crédito, Financiamento e Investimentos (CNPJ 17.167.412  ",0,2024-08-09T13:35:32Z,9/8/2024 10:35,29
Comunicado N° 41.964,8/8/2024 09:23,Divulga nome aprovado de pessoas eleitas/nomeadas para cargos de órgãos estatutários ou contratuais de sociedades autorizadas a funcionar pelo Banco Central do Brasil.,DEORF,132323,Comunicado,41964,0,Instituição Central das Cooperativas de Crédito do Estado de São Paulo - Sicoob Central  Instituição Cooperativa de Crédito de Livre Admissão Sicoob União Sudeste (CNPJ 07.946.216  ,0,2024-08-08T12:23:56Z,8/8/2024 09:23,30
Comunicado N° 41.959,7/8/2024 11:56,Divulga nome aprovado de pessoas eleitas/nomeadas para cargos de órgãos estatutários ou contratuais de sociedades autorizadas a funcionar pelo Banco Central do Brasil.,DEORF,132318,Comunicado,41959,0,Instituição Cooperativa de Crédito Credibam Ltda. - Sicoob Credibam (CNPJ 66.259.110  Instituição Servicoop - Cooperativa de Crédito dos Servidores Públicos Estaduais e  ,0,2024-08-07T14:56:14Z,7/8/2024 11:56,31
Instrução Normativa BCB N° 503,7/8/2024 10:14,"Altera a Instrução Normativa BCB nº 179, de 25 de outubro de 2021, que consolida e atualiza os procedimentos para a remessa do Balancete Combinado do Sistema Cooperativo, de que trata a Circular nº 3.669, de 2 de outubro de 2013.
",DESIG,52358,Instrução Normativa BCB,503,0,"Combinado
do Sistema Cooperativo confederações de crédito e 4433 - Balancete Combinado
do Sistema Cooperativo cooperativas centrais de crédito, criados com base na
Resolução CMN  ",0,2024-08-07T13:14:00Z,7/8/2024 10:14,32
Comunicado N° 41.954,6/8/2024 09:44,Divulga nome aprovado de pessoas eleitas/nomeadas para cargos de órgãos estatutários ou contratuais de sociedades autorizadas a funcionar pelo Banco Central do Brasil.,DEORF,132313,Comunicado,41954,0,Instituição Cooperativa de Economia e Crédito Mútuo dos Servidores Públicos de Pinhão  Instituição Cooperativa de Crédito e Investimento com Interação Solidária Progresso  ,0,2024-08-06T12:44:21Z,6/8/2024 09:44,33
Comunicado N° 41.949,5/8/2024 16:43,Divulga nome aprovado de pessoas eleitas/nomeadas para cargos de órgãos estatutários ou contratuais de sociedades autorizadas a funcionar pelo Banco Central do Brasil.,DEORF,132308,Comunicado,41949,0,Instituição Cooperativa de Crédito Credisudeste Ltda. - Sicoob Credisudeste (CNPJ  Instituição Cooperativa de Crédito de Livre Admissão Sul Maranhense - Sicoob Sul  ,0,2024-08-05T19:43:10Z,5/8/2024 16:43,34
Comunicado N° 41.943,2/8/2024 12:25,Divulga nome aprovado de pessoas eleitas/nomeadas para cargos de órgãos estatutários ou contratuais de sociedades autorizadas a funcionar pelo Banco Central do Brasil.,DEORF,132302,Comunicado,41943,0,Instituição Cooperativa de Crédito e Serviços Financeiros de Curitiba e Região  Instituição Cooperativa de Crédito da Serra Catarinense - Credicomin (CNPJ 09.590.601  ,0,2024-08-02T15:25:50Z,2/8/2024 12:25,35
Comunicado N° 41.935,1/8/2024 10:08,Divulga nome aprovado de pessoas eleitas/nomeadas para cargos de órgãos estatutários ou contratuais de sociedades autorizadas a funcionar pelo Banco Central do Brasil.,DEORF,132294,Comunicado,41935,0,Instituição Cooperativa de Crédito Sicoob 3 Colinas Ltda. (CNPJ 04.013.172  Instituição Cooperativa de Crédito Coopcred (CNPJ 53.623.781  ,0,2024-08-01T13:08:26Z,1/8/2024 10:08,36
Comunicado N° 41.927,31/7/2024 09:14,Divulga nome aprovado de pessoas eleitas/nomeadas para cargos de órgãos estatutários ou contratuais de sociedades autorizadas a funcionar pelo Banco Central do Brasil.,DEORF,132286,Comunicado,41927,0,Instituição Cooperativa de Crédito e Serviços Financeiros de Curitiba e Região  Instituição Cooperativa de Crédito e Investimentos de Rondônia - Sicoob Credjurd (CNPJ  ,0,2024-07-31T12:14:07Z,31/7/2024 09:14,37
Comunicado N° 41.921,30/7/2024 09:21,Divulga nome aprovado de pessoas eleitas/nomeadas para cargos de órgãos estatutários ou contratuais de sociedades autorizadas a funcionar pelo Banco Central do Brasil.,DEORF,132280,Comunicado,41921,0,Divulga nome aprovado de pessoas eleitas/nomeadas para cargos de órgãos estatutários ou contratuais de sociedades  Instituição Sicoob Cocred Cooperativa de Crédito (CNPJ 71.328.769  ,0,2024-07-30T12:21:32Z,30/7/2024 09:21,38
Comunicado N° 41.917,29/7/2024 09:46,Divulga nome aprovado de pessoas eleitas/nomeadas para cargos de órgãos estatutários ou contratuais de sociedades autorizadas a funcionar pelo Banco Central do Brasil.,DEORF,132276,Comunicado,41917,0,Instituição Cooperativa de Crédito e Investimento com Interação Solidária Nascente  Instituição Cooperativa de Crédito de Livre Admissão do Circuito das Águas - Sicoob  ,0,2024-07-29T12:46:54Z,29/7/2024 09:46,39
Instrução Normativa BCB N° 500,26/7/2024 20:24,"Altera a Instrução Normativa BCB nº 433, de 1º de dezembro de 2023, que define as rubricas contábeis do grupo Compensação Passiva do elenco de contas do Padrão Contábil das Instituições Reguladas pelo Banco Central do Brasil (Cosif) para utilização pelas instituições financeiras e demais instituições autorizadas a funcionar pelo Banco Central do Brasil.
",DENOR,52351,Instrução Normativa BCB,500,0,"Altera a Instrução Normativa BCB nº 433  exterior, pela abertura
  de cartas de crédito de importação, em contrapartida ao título 3.0.1.10.00.00-3
  CRÉDITOS ABERTOS PARA IMPORTAÇÃO  ",0,2024-07-26T23:24:00Z,26/7/2024 20:24,40
Instrução Normativa BCB N° 499,26/7/2024 20:18,"Altera a Instrução Normativa BCB nº 432, de 1º de dezembro de 2023, que define as rubricas contábeis do grupo Resultado Devedor do elenco de contas do Padrão Contábil das Instituições Reguladas pelo Banco Central do Brasil (Cosif) para utilização pelas instituições financeiras e demais instituições autorizadas a funcionar pelo Banco Central do Brasil.
",DENOR,52350,Instrução Normativa BCB,499,0,"de recursos
  com base em títulos de crédito, valores mobiliários e/ou demais ativos  captação de recursos de Letras de Crédito do Agronegócio que constituam custo
  efetivo da  ",0,2024-07-26T23:18:00Z,26/7/2024 20:18,41
Instrução Normativa BCB N° 498,26/7/2024 20:13,"Altera a Instrução Normativa BCB nº 431, de 1º de dezembro de 2023, de define as rubricas contábeis do grupo Resultado Credor do elenco de contas do Padrão Contábil das Instituições Reguladas pelo Banco Central do Brasil (Cosif) para utilização pelas instituições financeiras e demais instituições autorizadas a funcionar pelo Banco Central do Brasil.
",DENOR,52349,Instrução Normativa BCB,498,0,"a fim de identificar as rendas sobre cada um dos fundos,
  programas ou linhas de crédito  de financiamentos rurais concedidos com
  recursos de Letra de Crédito do Agronegócio (LCA  ",0,2024-07-26T23:13:00Z,26/7/2024 20:13,42
Instrução Normativa BCB N° 497,26/7/2024 20:09,"Altera a Instrução Normativa BCB nº 430, de 1º de dezembro de 2023, que define as rubricas contábeis do grupo Patrimônio Líquido do elenco de contas do Padrão Contábil das Instituições Reguladas pelo Banco Central do Brasil (Cosif) para utilização pelas instituições financeiras e demais instituições autorizadas a funcionar pelo Banco Central do Brasil.
",DENOR,52348,Instrução Normativa BCB,497,0,"Altera a Instrução Normativa BCB nº 430, de 1º de dezembro de 2023, que define as rubricas contábeis do grupo Patrimônio Líquido do elenco de contas do Padrão Contábil das  ",0,2024-07-26T23:09:00Z,26/7/2024 20:09,43
Instrução Normativa BCB N° 496,26/7/2024 20:06,"Altera a Instrução Normativa BCB nº 429, de 1º de dezembro de 2023, que define as rubricas contábeis do grupo Passivo Exigível do elenco de contas do Padrão Contábil das Instituições Reguladas pelo Banco Central do Brasil (Cosif) para utilização pelas instituições financeiras e demais instituições autorizadas a funcionar pelo Banco Central do Brasil.
",DENOR,52347,Instrução Normativa BCB,496,0,"Altera a Instrução Normativa BCB nº 429, de 1º de dezembro de 2023, que define as rubricas contábeis do grupo Passivo Exigível do elenco de contas do Padrão Contábil das  ",0,2024-07-26T23:06:00Z,26/7/2024 20:06,44
Instrução Normativa BCB N° 495,26/7/2024 19:53,"Altera a Instrução Normativa BCB nº 428, de 1º de dezembro de 2023, que define as rubricas contábeis do grupo Compensação Ativa do elenco de contas do Padrão Contábil das Instituições Reguladas pelo Banco Central do Brasil (Cosif) para utilização pelas instituições financeiras e demais instituições autorizadas a funcionar pelo Banco Central do Brasil.
",DENOR,52346,Instrução Normativa BCB,495,0,"Altera a Instrução Normativa BCB nº 428, de 1º de dezembro de 2023, que define as rubricas  00-6
INSTRUMENTOS FINANCEIROS RISCO DE CRÉDITO, segregado nas rubricas definidas no
Anexo  ",0,2024-07-26T22:53:00Z,26/7/2024 19:53,45
Instrução Normativa BCB N° 493,26/7/2024 19:37,"Altera a Instrução Normativa BCB nº 426, de 1º de dezembro de 2023, que define as rubricas contábeis do grupo Ativo Realizável do elenco de contas do Padrão Contábil das Instituições Reguladas pelo Banco Central do Brasil (Cosif) para utilização pelas instituições financeiras e demais instituições autorizadas a funcionar pelo Banco Central do Brasil.
",DENOR,52344,Instrução Normativa BCB,493,0,"Altera a Instrução Normativa BCB nº 426, de 1º de dezembro de 2023, que define as rubricas contábeis do grupo Ativo Realizável do elenco de contas do Padrão Contábil das  ",0,2024-07-26T22:37:00Z,26/7/2024 19:37,46
Comunicado N° 41.912,26/7/2024 11:58,Divulga nome aprovado de pessoas eleitas/nomeadas para cargos de órgãos estatutários ou contratuais de sociedades autorizadas a funcionar pelo Banco Central do Brasil.,DEORF,132271,Comunicado,41912,0,Instituição Cooperativa de Economia e Crédito Mútuo dos Trabalhadores do Grupo Empresarial  Instituição Cooperativa de Crédito da Região e Colar Metropolitano do Vale do Aço Ltda  ,0,2024-07-26T14:58:29Z,26/7/2024 11:58,47
Comunicado N° 41.908,25/7/2024 11:24,Divulga nome aprovado de pessoas eleitas/nomeadas para cargos de órgãos estatutários ou contratuais de sociedades autorizadas a funcionar pelo Banco Central do Brasil.,DEORF,132267,Comunicado,41908,0,Instituição Cooperativa de Crédito Aracredi Ltda. - Sicoob Aracredi (CNPJ 00.068.987  Instituição Cooperativa de Crédito de Livre Admissão de Associados Oeste Catarinense (CNPJ  ,0,2024-07-25T14:24:33Z,25/7/2024 11:24,48
Comunicado N° 41.904,24/7/2024 12:38,"
Divulga nome aprovado de pessoas eleitas/nomeadas para cargos de órgãos estatutários ou contratuais de sociedades autorizadas a funcionar pelo Banco Central do Brasil.",DEORF,132263,Comunicado,41904,0,Instituição Cooperativa de Crédito União do Centro Oeste de Minas Ltda. - Sicoob Centro  Instituição Cooperativa de Crédito Credicitrus (CNPJ 54.037.916  ,0,2024-07-24T15:38:08Z,24/7/2024 12:38,49
Comunicado N° 41.898,23/7/2024 10:26,"
Divulga nome aprovado de pessoas eleitas/nomeadas para cargos de órgãos estatutários ou contratuais de sociedades autorizadas a funcionar pelo Banco Central do Brasil.",DEORF,132257,Comunicado,41898,0,Instituição Cooperativa de Crédito Coopacredi Ltda. - Sicoob Coopacredi (CNPJ 65.229.254  Instituição Cooperativa de Crédito de Livre Admissão do Estado do Pará - Sicoob Cooesa  ,0,2024-07-23T13:26:12Z,23/7/2024 10:26,50
Comunicado N° 41.894,22/7/2024 17:37,Divulga nome aprovado de pessoas eleitas/nomeadas para cargos de órgãos estatutários ou contratuais de sociedades autorizadas a funcionar pelo Banco Central do Brasil.,DEORF,132253,Comunicado,41894,0,"Instituição Cooperativa de Crédito, Poupança e Investimento Univales - Sicredi Univales MT  Instituição Cooperativa de Crédito do Vale Europeu - Sicoob Euro Vale (CNPJ 82.133.182  ",0,2024-07-22T20:37:20Z,22/7/2024 17:37,51
Instrução Normativa BCB N° 490,22/7/2024 10:26,"Altera a Instrução Normativa BCB nº 299, de 30 de agosto de 2022, que divulga procedimentos, documentos, prazos e informações necessários à instrução dos pedidos de autorização relacionados ao funcionamento das instituições de que trata a Resolução CMN nº 4.970, de 25 de novembro de 2021.",DEORF,52337,Instrução Normativa BCB,490,0,"Resolução CMN nº 4.072/2012, art  sociedade de empréstimo
entre pessoas, cooperativa de crédito clássica ou plena filiada a cooperativa central
de crédito, cooperativa de crédito de  ",0,2024-07-22T13:26:00Z,22/7/2024 10:26,52
Comunicado N° 41.886,19/7/2024 08:28,Divulga nome aprovado de pessoas eleitas/nomeadas para cargos de órgãos estatutários ou contratuais de sociedades autorizadas a funcionar pelo Banco Central do Brasil.,DEORF,132245,Comunicado,41886,0,Instituição Cooperativa de Crédito de Livre Admissão de Pedro Leopoldo Ltda. - Sicoob  Instituição Cooperativa de Crédito Sicoob Norte Sul Ltda. (CNPJ 02.876.918  ,0,2024-07-19T11:28:13Z,19/7/2024 08:28,53
Comunicado N° 41.882,18/7/2024 11:24,Divulga nome aprovado de pessoas eleitas/nomeadas para cargos de órgãos estatutários ou contratuais de sociedades autorizadas a funcionar pelo Banco Central do Brasil.,DEORF,132241,Comunicado,41882,0,Instituição Cooperativa de Poupança e Crédito do Vale do Rio Doce Ltda. - Sicoob  Instituição Cooperativa de Crédito e Investimento com Interação Solidária União - Cresol  ,0,2024-07-18T14:24:54Z,18/7/2024 11:24,54
Comunicado N° 41.873,17/7/2024 09:36,"
Divulga nome aprovado de pessoas eleitas/nomeadas para cargos de órgãos estatutários ou contratuais de sociedades autorizadas a funcionar pelo Banco Central do Brasil.",DEORF,132231,Comunicado,41873,0,Instituição Cooperativa de Crédito Credinosso Ltda. - Sicoob Credinosso (CNPJ 06.324.872  Instituição Cooperativa de Crédito de Livre Admissão de Pitangui e Região Ltda. - Sicoob  ,0,2024-07-17T12:36:44Z,17/7/2024 09:36,55
Comunicado N° 41.866,16/7/2024 09:38,Divulga nome aprovado de pessoas eleitas/nomeadas para cargos de órgãos estatutários ou contratuais de sociedades autorizadas a funcionar pelo Banco Central do Brasil.,DEORF,132224,Comunicado,41866,0,Instituição Cooperativa de Crédito de Livre Admissão de Associados de Jaraguá do Sul e  Instituição Cooperativa de Crédito de Livre Admissão Sicoob Unimais Centro Leste Paulista  ,0,2024-07-16T12:38:06Z,16/7/2024 09:38,56
Comunicado N° 41.861,15/7/2024 09:49,Divulga nome aprovado de pessoas eleitas/nomeadas para cargos de órgãos estatutários ou contratuais de sociedades autorizadas a funcionar pelo Banco Central do Brasil.,DEORF,132219,Comunicado,41861,0,Instituição Cooperativa de Crédito Mútuo dos Funcionários das Empresas Ferroviárias no  Instituição Cooperativa de Crédito de Livre Admissão da Margem Esquerda do Urucuia e São  ,0,2024-07-15T12:49:02Z,15/7/2024 09:49,57
Comunicado N° 41.856,12/7/2024 10:41,Divulga nome aprovado de pessoas eleitas/nomeadas para cargos de órgãos estatutários ou contratuais de sociedades autorizadas a funcionar pelo Banco Central do Brasil.,DEORF,132214,Comunicado,41856,0,Instituição Cooperativa de Crédito Mútuo dos Corretores de Seguros do Estado de São Paulo  Instituição Cooperativa de Crédito dos Profissionais da Área da Saúde e de Livre Admissão  ,0,2024-07-12T13:41:18Z,12/7/2024 10:41,58
Comunicado N° 41.850,11/7/2024 10:18,Divulga nome aprovado de pessoas eleitas/nomeadas para cargos de órgãos estatutários ou contratuais de sociedades autorizadas a funcionar pelo Banco Central do Brasil.,DEORF,132208,Comunicado,41850,0,Instituição Cooperativa de Crédito de Livre Admissão da União dos Vales do Piranga e  Instituição Cooperativa de Crédito de Livre Admissão de Associados do Planalto Catarinense  ,0,2024-07-11T13:18:17Z,11/7/2024 10:18,59
Comunicado N° 41.839,9/7/2024 09:45,Divulga nome aprovado de pessoas eleitas/nomeadas para cargos de órgãos estatutários ou contratuais de sociedades autorizadas a funcionar pelo Banco Central do Brasil.,DEORF,132197,Comunicado,41839,0,Instituição Cooperativa de Crédito de Livre Admissão do Vale do Aço Ltda. - Sicoob Vale do  Instituição Cooperativa de Crédito dos Empresários e Empregados dos Transportes e Correios  ,0,2024-07-09T12:45:44Z,9/7/2024 09:45,60
Comunicado N° 41.838,9/7/2024 09:44,Divulga nome aprovado de pessoas eleitas/nomeadas para cargos de órgãos estatutários ou contratuais de sociedades autorizadas a funcionar pelo Banco Central do Brasil.,DEORF,132196,Comunicado,41838,0,Instituição Cooperativa de Crédito Mútuo dos Servidores de Órgãos Gestores de Recursos  Instituição Cooperativa de Crédito dos Profissionais da Saúde e Livre Admissão do Sul de  ,0,2024-07-09T12:44:14Z,9/7/2024 09:44,61
Instrução Normativa BCB N° 487,5/7/2024 18:28,"Dispõe sobre os procedimentos para a solicitação de autorização para a utilização da metodologia completa para a avaliação da perda esperada e para a apuração e constituição da provisão para perdas esperadas associadas ao risco de crédito, facultada às instituições financeiras e demais instituições autorizadas a funcionar pelo Banco Central do Brasil, enquadradas no Segmento 4 (S4), mencionadas na Resolução CMN nº 4.966, de 25 de novembro de 2021, e na Resolução BCB nº 352, de 23 de novembro de 2023.",DEGEF,52331,Instrução Normativa BCB,487,0,"R E S O L V E M  prudencial pleiteante ou, no caso de cooperativas de crédito, todas as cooperativas
de crédito do sistema cooperativo pleiteante, conforme determina o art  ",0,2024-07-05T21:28:00Z,5/7/2024 18:28,62
Comunicado N° 41.829,5/7/2024 08:43,Divulga nome aprovado de pessoas eleitas/nomeadas para cargos de órgãos estatutários ou contratuais de sociedades autorizadas a funcionar pelo Banco Central do Brasil.,DEORF,132187,Comunicado,41829,0,Instituição Cooperativa de Crédito da Região e Colar Metropolitano do Vale do Aço Ltda  Instituição Cooperativa de Crédito de Livre Admissão de Santa Cruz das Palmeiras e Região  ,0,2024-07-05T11:43:48Z,5/7/2024 08:43,63
Instrução Normativa BCB N° 485,4/7/2024 10:45,"Divulga a categorização das instituições participantes do Open Finance e as faixas de patrimônio líquido que devem ser utilizadas no cálculo da contribuição para o custeio da Estrutura de Governança do Open Finance.
",DENOR,52329,Instrução Normativa BCB,485,0,"e Associação Nacional das
  Instituições de Crédito, Financiamento e Investimento (ACREFI)  Cooperativas de crédito Organização das Cooperativas Brasileiras  ",0,2024-07-04T13:45:00Z,4/7/2024 10:45,64
Resolução BCB N° 400,4/7/2024 10:32,Dispõe sobre as diretrizes para o estabelecimento da Estrutura de Governança do Open Finance.,DINOR,52327,Resolução BCB,400,0,"Dispõe sobre as diretrizes para o estabelecimento da Estrutura de Governança do Open Finance  Publicada no DOU de 5/7/2024, Seção 1, p. 151-153  9º; 10, caput, incisos VI e IX; e  ",0,2024-07-04T13:32:00Z,4/7/2024 10:32,65
Comunicado N° 41.825,4/7/2024 09:28,Divulga nome aprovado de pessoas eleitas/nomeadas para cargos de órgãos estatutários ou contratuais de sociedades autorizadas a funcionar pelo Banco Central do Brasil.,DEORF,132183,Comunicado,41825,0,Instituição Cooperativa de Crédito Credipimenta Ltda. - Sicoob Credipimenta (CNPJ  Instituição Cooperativa de Crédito e Economia com Interação Solidária - Cresol Aliança  ,0,2024-07-04T12:28:50Z,4/7/2024 09:28,66
Resolução BCB N° 397,3/7/2024 18:00,"Altera a Resolução BCB nº 352, de 23 de novembro de 2023, que dispõe sobre os conceitos e os critérios contábeis aplicáveis a instrumentos financeiros, bem como para a designação e o reconhecimento das relações de proteção (contabilidade de hedge) pelas sociedades corretoras de títulos e valores mobiliários, pelas sociedades distribuidoras de títulos e valores mobiliários, pelas sociedades corretoras de câmbio, pelas administradoras de consórcio e pelas instituições de pagamento autorizadas a funcionar pelo Banco Central do Brasil e sobre os procedimentos contábeis para a definição de fluxos de caixas de ativo financeiro como somente pagamento de principal e juros, a aplicação da metodologia para apuração da taxa de juros efetiva de instrumentos financeiros, a constituição de provisão para perdas associadas ao risco de crédito e a evidenciação de informações relativas a instrumentos financeiros em notas explicativas a serem observados pelas instituições financeiras e demais instituições autorizadas a funcionar pelo Banco Central do Brasil. ",DINOR,52324,Resolução BCB,397,0,"artigo não se aplica
às operações de crédito realizadas no âmbito de programas federais  1º não se
aplica às operações de crédito pessoal com consignação, sem atraso ou com
atraso  ",0,2024-07-03T21:00:00Z,3/7/2024 18:00,67
Comunicado N° 41.820,3/7/2024 11:46,Divulga nome aprovado de pessoas eleitas/nomeadas para cargos de órgãos estatutários ou contratuais de sociedades autorizadas a funcionar pelo Banco Central do Brasil.,DEORF,132178,Comunicado,41820,0,Instituição Cooperativa de Crédito de Capital e Empréstimo dos Empregados Celetistas de Cooperativas dos Estados de São Paulo e Minas  ,0,2024-07-03T14:46:09Z,3/7/2024 11:46,68
Resolução CMN N° 5.153,3/7/2024 09:04,Define os encargos financeiros e limites de crédito para as linhas de crédito e programas de que trata o Capítulo 7 (Encargos Financeiros e Limites de Crédito) e ajusta normas da Seção 4 (Metodologia de cálculo das Taxas de Juros do Crédito Rural – TCR) do Capítulo 2 (Condições Básicas) do Manual de Crédito Rural – MCR.  ,MF,52319,Resolução CMN,5153,0,"9º da Lei
nº 4.595, de 31  MCR 6-2) R$400.000.000,00 a) limite de crédito por
  integradora que não seja classificada como cooperativa de produção
  agropecuária, por ano agrícola e  ",0,2024-07-03T12:04:00Z,3/7/2024 09:04,69
Resolução CMN N° 5.151,3/7/2024 09:03,Ajusta normas a serem aplicadas às operações de crédito rural contratadas no âmbito do Programa Nacional de Fortalecimento da Agricultura Familiar – Pronaf.,MF,52317,Resolução CMN,5151,0,"Programas de Investimento Agropecuário (InvestAgro), nos
financiamentos para cooperativas  10-4-10, por intermédio de agentes de crédito rural, nas condições previstas no
MCR 1-1-12  ",0,2024-07-03T12:03:00Z,3/7/2024 09:03,70
Resolução CMN N° 5.150,3/7/2024 09:02,Altera a denominação e ajusta normas do Capítulo 11 (Programas com Recursos do BNDES) do Manual de Crédito Rural – MCR. ,MF,52316,Resolução CMN,5150,0,"2 (Programa de Capitalização de Cooperativas Agropecuárias –
Procap-Agro) do Capítulo 11  concessão de mais de uma operação de crédito de que trata este
item ao mesmo beneficiário  ",0,2024-07-03T12:02:00Z,3/7/2024 09:02,71
Comunicado N° 41.815,2/7/2024 09:34,Divulga nome aprovado de pessoas eleitas/nomeadas para cargos de órgãos estatutários ou contratuais de sociedades autorizadas a funcionar pelo Banco Central do Brasil.,DEORF,132173,Comunicado,41815,0,Instituição Cooperativa de Crédito e Investimento com Interação Solidária Ativa - Cresol  Instituição Cooperativa de Crédito Mútuo dos Empregados da Embraer - Sicoob Cooperemb  ,0,2024-07-02T12:34:53Z,2/7/2024 09:34,72
Comunicado N° 41.809,1/7/2024 10:53,Divulga nome aprovado de pessoas eleitas/nomeadas para cargos de órgãos estatutários ou contratuais de sociedades autorizadas a funcionar pelo Banco Central do Brasil.,DEORF,132167,Comunicado,41809,0,"Instituição Cooperativa de Crédito de Empresários - Sicoob - Transcredi (CNPJ 04.247.370  Instituição Cooperativa de Crédito, Poupança e Investimento Planalto - Sicredi Planalto RS  ",0,2024-07-01T13:53:37Z,1/7/2024 10:53,73
Instrução Normativa BCB N° 481,28/6/2024 15:59,"Altera as Instruções Normativas BCB ns. 268, 270 e 275, todas de 1º de abril de 2022, e a Instrução Normativa BCB nº 315, de 27 de outubro de 2022, para criar e alterar rubricas contábeis do elenco de contas do Padrão Contábil das Instituições Reguladas pelo Banco Central do Brasil (Cosif).",DENOR,52309,Instrução Normativa BCB,481,0,"Resolução CMN nº 4.858/2020, art  cuja função é registrar a participação
das cooperativas de crédito em operações de crédito concedidas com
compartilhamento de recursos e de riscos  ",0,2024-06-28T18:59:00Z,28/6/2024 15:59,74
Comunicado N° 41.803,28/6/2024 10:55,Divulga nome aprovado de pessoas eleitas/nomeadas para cargos de órgãos estatutários ou contratuais de sociedades autorizadas a funcionar pelo Banco Central do Brasil.,DEORF,132161,Comunicado,41803,0,Instituição Cooperativa de Crédito União Centro Oeste Ltda. - Sicoob União Centro Oeste  Instituição Cooperativa de Crédito do Vale do São Francisco - Sicredi Vale do São  ,0,2024-06-28T13:55:41Z,28/6/2024 10:55,75
Resolução BCB N° 396,27/6/2024 18:01,Divulga alterações no Regimento Interno do Banco Central do Brasil. ,"PRESI, DIRAD, DIFIS, DIORF, DIPEC, DIPOM, DINOR, DIREC",52308,Resolução BCB,396,0,"Divulga alterações no Regimento Interno do Banco Central do Brasil  Altera anexo à Resolução BCB n  da
Diretoria Colegiada, da Comissão Técnica da Moeda e do Crédito – Comoc e do
GRC  ",0,2024-06-27T21:01:00Z,27/6/2024 18:01,76
Comunicado N° 41.796,27/6/2024 10:20,Divulga nome aprovado de pessoas eleitas/nomeadas para cargos de órgãos estatutários ou contratuais de sociedades autorizadas a funcionar pelo Banco Central do Brasil.,DEORF,132154,Comunicado,41796,0,Instituição Sicoob Credinova - Cooperativa de Crédito de Livre Admissão de Nova Serrana e  Instituição Cooperativa de Crédito de Livre Admissão da Região Central e Oeste Mineiro  ,0,2024-06-27T13:20:50Z,27/6/2024 10:20,77
Resolução CMN N° 5.146,26/6/2024 18:30,"Altera a Resolução CMN nº 4.966, de 25 de novembro de 2021, que dispõe sobre os conceitos e os critérios contábeis aplicáveis a instrumentos financeiros, bem como para a designação e o reconhecimento das relações de proteção (contabilidade de hedge) pelas instituições financeiras e demais instituições autorizadas a funcionar pelo Banco Central do Brasil.",DINOR,52306,Resolução CMN,5146,0,"no caput não se
aplica às cooperativas de crédito I - integrantes
de sistemas cooperativos de dois ou de três níveis que  ",0,2024-06-26T21:30:00Z,26/6/2024 18:30,78
Comunicado N° 41.791,26/6/2024 09:23,Divulga nome aprovado de pessoas eleitas/nomeadas para cargos de órgãos estatutários ou contratuais de sociedades autorizadas a funcionar pelo Banco Central do Brasil.,DEORF,132149,Comunicado,41791,0,"Instituição Cooperativa de Crédito Mútuo dos Empregados das Indústrias do Papel, Papelão e  Instituição Cooperativa de Crédito dos Servidores Públicos Municipais da Grande Vitória/ES  ",0,2024-06-26T12:23:27Z,26/6/2024 09:23,79
Comunicado N° 41.785,25/6/2024 09:26,"
Divulga nome aprovado de pessoas eleitas/nomeadas para cargos de órgãos estatutários ou contratuais de sociedades autorizadas a funcionar pelo Banco Central do Brasil.",DEORF,132143,Comunicado,41785,0,Instituição Cooperativa de Crédito de Livre Admissão do Sul de Minas Ltda. - Sicoob  Instituição Cooperativa de Crédito de Livre Admissão do Oeste Maranhense - Sicoob Oeste  ,0,2024-06-25T12:26:42Z,25/6/2024 09:26,80
Comunicado N° 41.782,24/6/2024 18:35,"Divulga procedimentos a serem observados pelas instituições financeiras, instituições de pagamento e demais instituições autorizadas a funcionar pelo Banco Central do Brasil na comunicação a essa Autarquia das informações relativas à contratação de serviços relevantes de processamento e armazenamento de dados e de computação em nuvem de que tratam a Resolução CMN nº 4.893, de 26 de fevereiro de 2021 e a Resolução BCB nº 85, de 8 de abril de 2021 e suas alterações posteriores.
",DESUP,132140,Comunicado,41782,0,"encaminhadas individualmente, ou de forma consolidada por cooperativa central de crédito ou confederação do sistema cooperativo ao qual pertença  ",0,2024-06-24T21:35:56Z,24/6/2024 18:35,81
Comunicado N° 41.775,24/6/2024 09:38,Divulga nome aprovado de pessoas eleitas/nomeadas para cargos de órgãos estatutários ou contratuais de sociedades autorizadas a funcionar pelo Banco Central do Brasil.,DEORF,132133,Comunicado,41775,0,Instituição Cooperativa de Crédito dos Empregados das Empresas do Grupo Indorama no Brasil  Instituição Cooperativa de Crédito Unicred Centro-Sul Ltda. - Unicred Centro-Sul (CNPJ  ,0,2024-06-24T12:38:53Z,24/6/2024 09:38,82
Comunicado N° 41.770,21/6/2024 10:41,Divulga nome aprovado de pessoas eleitas/nomeadas para cargos de órgãos estatutários ou contratuais de sociedades autorizadas a funcionar pelo Banco Central do Brasil.,DEORF,132128,Comunicado,41770,0,Instituição Cooperativa de Crédito de Livre Admissão de Martinho Campos Ltda. - Sicoob  Instituição Cooperativa de Crédito de Livre Admissão de Associados do Planalto Catarinense  ,0,2024-06-21T13:41:06Z,21/6/2024 10:41,83
Comunicado N° 41.765,20/6/2024 11:14,Divulga nome aprovado de pessoas eleitas/nomeadas para cargos de órgãos estatutários ou contratuais de sociedades autorizadas a funcionar pelo Banco Central do Brasil.,DEORF,132123,Comunicado,41765,0,Instituição Cooperativa de Crédito de Livre Admissão da Região de São Sebastião do Paraíso  Instituição Cooperativa de Crédito de Livre Admissão do Centro-Sul Rondoniense - Sicoob  ,0,2024-06-20T14:14:14Z,20/6/2024 11:14,84
Comunicado N° 41.758,19/6/2024 11:28,Divulga nome aprovado de pessoas eleitas/nomeadas para cargos de órgãos estatutários ou contratuais de sociedades autorizadas a funcionar pelo Banco Central do Brasil.,DEORF,132116,Comunicado,41758,0,Instituição Cooperativa de Crédito dos Fornecedores de Cana de Barra Bonita e Região (CNPJ  Instituição Cooperativa de Crédito de Livre Admissão da Região de Pará de Minas Ltda  ,0,2024-06-19T14:28:16Z,19/6/2024 11:28,85
Comunicado N° 41.745,14/6/2024 10:46,Divulga nome aprovado de pessoas eleitas/nomeadas para cargos de órgãos estatutários ou contratuais de sociedades autorizadas a funcionar pelo Banco Central do Brasil.,DEORF,132103,Comunicado,41745,0,"Instituição Cooperativa de Crédito, Poupança e Investimento Integração do Sul de Mato  Instituição Cooperativa de Crédito de Livre Admissão de Associados Sul Catarinense  ",0,2024-06-14T13:46:57Z,14/6/2024 10:46,86
Comunicado N° 41.739,13/6/2024 10:26,"
Divulga nome aprovado de pessoas eleitas/nomeadas para cargos de órgãos estatutários ou contratuais de sociedades autorizadas a funcionar pelo Banco Central do Brasil.",DEORF,132097,Comunicado,41739,0,Instituição Cooperativa de Crédito Mútuo dos Profissionais da Saúde e Livre Admissão de  Instituição Cooperativa de Crédito Maxi Alfa de Livre Admissão de Associados - Sicoob  ,0,2024-06-13T13:26:12Z,13/6/2024 10:26,87
Comunicado N° 41.732,12/6/2024 09:59,Divulga nome aprovado de pessoas eleitas/nomeadas para cargos de órgãos estatutários ou contratuais de sociedades autorizadas a funcionar pelo Banco Central do Brasil.,DEORF,132090,Comunicado,41732,0,Instituição Cooperativa de Crédito de Livre Admissão do Centro-Norte Brasileiro (CNPJ  Uniprime Central Nacional - Central Nacional de Cooperativa de Crédito (CNPJ 03.046.391  ,0,2024-06-12T12:59:12Z,12/6/2024 09:59,88
Instrução Normativa BCB N° 479,12/6/2024 09:50,"Detalha a composição do Indicador de Negócios (BI)
",DEREG,52294,Instrução Normativa BCB,479,0,"Detalha a composição do Indicador de  de fundos de investimento
detidas por cooperativa central de crédito decorrentes de ato cooperativo
denominado centralização financeira, de que  ",0,2024-06-12T12:50:00Z,12/6/2024 09:50,89
Comunicado N° 41.727,11/6/2024 09:47,Divulga nome aprovado de pessoas eleitas/nomeadas para cargos de órgãos estatutários ou contratuais de sociedades autorizadas a funcionar pelo Banco Central do Brasil.,DEORF,132085,Comunicado,41727,0,Instituição Cooperativa de Crédito Mútuo dos Servidores da Assembleia Legislativa do  Instituição Trybe Sociedade de Crédito Direto S.A. (CNPJ 42.622.791  ,0,2024-06-11T12:47:09Z,11/6/2024 09:47,90
Comunicado N° 41.721,10/6/2024 09:43,"
Divulga nome aprovado de pessoas eleitas/nomeadas para cargos de órgãos estatutários ou contratuais de sociedades autorizadas a funcionar pelo Banco Central do Brasil.",DEORF,132079,Comunicado,41721,0,Instituição Cooperativa de Crédito de Livre Admissão de Roraima Ltda. (CNPJ 02.137.018  Instituição Cooperativa de Crédito Rural de São Miguel do Oeste - Sulcredi/São Miguel  ,0,2024-06-10T12:43:58Z,10/6/2024 09:43,91
Comunicado N° 41.715,7/6/2024 10:28,Divulga nome aprovado de pessoas eleitas/nomeadas para cargos de órgãos estatutários ou contratuais de sociedades autorizadas a funcionar pelo Banco Central do Brasil.,DEORF,132073,Comunicado,41715,0,"Instituição Cooperativa de Crédito de Livre Admissão do Sudoeste Goiano (CNPJ 24.795.049  Instituição Cooperativa de Crédito, Poupança e Investimento União dos Estados de Mato  ",0,2024-06-07T13:28:26Z,7/6/2024 10:28,92
Comunicado N° 41.710,6/6/2024 10:00,"
Divulga nome aprovado de pessoas eleitas/nomeadas para cargos de órgãos estatutários ou contratuais de sociedades autorizadas a funcionar pelo Banco Central do Brasil.",DEORF,132068,Comunicado,41710,0,Instituição Cooperativa de Crédito Carlos Chagas Ltda. - Sicoob Carlos Chagas (CNPJ  Instituição Cooperativa de Crédito e Investimento com Interação Solidária Centro Serra  ,0,2024-06-06T13:00:21Z,6/6/2024 10:00,93
Resolução CMN N° 5.140,5/6/2024 19:28,"Estabelece as condições, os encargos financeiros, os prazos e as demais normas regulamentadoras das linhas de financiamento de que trata o art. 47-A da Lei nº 12.351, de 22 de dezembro de 2010.",MF,52291,Resolução CMN,5140,0,"Estabelece as condições, os encargos financeiros, os prazos e as demais normas  das operações, incluído o risco de
crédito, e serão destinadas às pessoas jurídicas e  ",0,2024-06-05T22:28:00Z,5/6/2024 19:28,94
Comunicado N° 41.704,5/6/2024 12:01,Divulga nome aprovado de pessoas eleitas/nomeadas para cargos de órgãos estatutários ou contratuais de sociedades autorizadas a funcionar pelo Banco Central do Brasil.,DEORF,132062,Comunicado,41704,0,Instituição Cooperativa de Crédito dos Profissionais dos Creas e Demais Áreas Tecnológicas  Instituição Cooperativa de Crédito de Livre Admissão do Alto Vale do Itajaí - Viacredi  ,0,2024-06-05T15:01:56Z,5/6/2024 12:01,95
Comunicado N° 41.699,4/6/2024 12:32,Divulga nome aprovado de pessoas eleitas/nomeadas para cargos de órgãos estatutários ou contratuais de sociedades autorizadas a funcionar pelo Banco Central do Brasil.,DEORF,132057,Comunicado,41699,0,"Instituição Cooperativa de Crédito, Poupança e Investimento das Regiões Centro do RS e MG  Instituição Cooperativa de Crédito dos Magistrados do Estado do Rio de Janeiro Ltda  ",0,2024-06-04T15:32:35Z,4/6/2024 12:32,96
Comunicado N° 41.692,3/6/2024 11:58,Divulga nome aprovado de pessoas eleitas/nomeadas para cargos de órgãos estatutários ou contratuais de sociedades autorizadas a funcionar pelo Banco Central do Brasil.,DEORF,132050,Comunicado,41692,0,Instituição Cooperativa de Crédito de Livre Admissão de Associados do Sul do Brasil  Instituição Cooperativa de Crédito de Livre Admissão do Alto Vale do Itajaí - Viacredi  ,0,2024-06-03T14:58:39Z,3/6/2024 11:58,97
Comunicado N° 41.680,29/5/2024 09:19,Divulga nome aprovado de pessoas eleitas/nomeadas para cargos de órgãos estatutários ou contratuais de sociedades autorizadas a funcionar pelo Banco Central do Brasil.,DEORF,132038,Comunicado,41680,0,"Instituição Cooperativa de Crédito de Livre Admissão do Brasil Central Ltda. - Sicoob  Instituição Cooperativa de Crédito, Poupança e Investimento Sicredi Serigy - Sicredi  ",0,2024-05-29T12:19:03Z,29/5/2024 09:19,98
Comunicado N° 41.676,28/5/2024 15:55,Divulga nome aprovado de pessoas eleitas/nomeadas para cargos de órgãos estatutários ou contratuais de sociedades autorizadas a funcionar pelo Banco Central do Brasil.,DEORF,132034,Comunicado,41676,0,"Instituição Cooperativa de Crédito de Livre Admissão de Pará de Minas Ltda. - Sicoob  Instituição Cooperativa de Crédito, Poupança e Investimento do Noroeste do Estado de São  ",0,2024-05-28T18:55:56Z,28/5/2024 15:55,99
Comunicado N° 41.668,27/5/2024 10:15,Divulga nome aprovado de pessoas eleitas/nomeadas para cargos de órgãos estatutários ou contratuais de sociedades autorizadas a funcionar pelo Banco Central do Brasil.,DEORF,132026,Comunicado,41668,0,"Instituição Cooperativa de Crédito de Livre Admissão Credfaz Ltda. - Sicoob Credfaz (CNPJ  Instituição Cooperativa de Crédito, Poupança e Investimento Sorriso - Sicredi Celeiro MT  ",0,2024-05-27T13:15:21Z,27/5/2024 10:15,100
Instrução Normativa BCB N° 476,24/5/2024 14:31,"Altera as Instruções de preenchimento e o Leiaute do documento de código 2061 - Demonstrativo de Limites Operacionais (DLO), de que trata a Instrução Normativa BCB nº 81, de 23 de fevereiro de 2021.
",DESIG,52283,Instrução Normativa BCB,476,0,"incluir domínio relativo a
créditos tributários  Banco Central do Brasil (BCB), exceto as cooperativas de crédito e as
administradoras de consórcio, de que  ",0,2024-05-24T17:31:00Z,24/5/2024 14:31,101
Comunicado N° 41.661,24/5/2024 08:26,Divulga nome aprovado de pessoas eleitas/nomeadas para cargos de órgãos estatutários ou contratuais de sociedades autorizadas a funcionar pelo Banco Central do Brasil.,DEORF,132019,Comunicado,41661,0,Instituição Cooperativa de Crédito de Livre Admissão de Associados Vale do Rio do Peixe  Instituição Cooperativa de Crédito da Foz do Rio Itajaí-Açu - Credifoz (CNPJ 09.512.539  ,0,2024-05-24T11:26:03Z,24/5/2024 08:26,102
Resolução CMN N° 5.139,23/5/2024 18:03,"Altera a Resolução CMN nº 5.061, de 16 de fevereiro de 2023, que dispõe sobre a organização e o funcionamento de confederações de serviço. ",DINOR,52282,Resolução CMN,5139,0,"Altera a Resolução CMN nº 5.061, de 16  I a IV do caput para as cooperativas singulares de crédito
integrantes do mesmo sistema cooperativo, desde que existam previsões
específicas  ",0,2024-05-23T21:03:00Z,23/5/2024 18:03,103
Resolução CMN N° 5.138,23/5/2024 18:02,Define os recursos para os financiamentos ao amparo do Fundo de Defesa da Economia Cafeeira (Funcafé) e define as instituições que podem operar diretamente os recursos do Fundo.,MF,52281,Resolução CMN,5138,0,"múltiplos;V
- bancos cooperativos;VI
- cooperativas centrais de crédito; eVII
- cooperativas de crédito singulares não filiadas a cooperativa central ou a banco
cooperativo  ",0,2024-05-23T21:02:00Z,23/5/2024 18:02,104
Instrução Normativa BCB N° 472,23/5/2024 10:03,"Altera o Leiaute, as Instruções de Preenchimento e as Instruções complementares relativas a informações de operações de crédito do documento 3040 - Dados de Risco de Crédito, do Sistema de Informações de Créditos (SCR), de que tratam a Circular nº 3.870, de 19 de dezembro de 2017, e a Carta Circular nº 3.869, de 19 de março de 2018;
",DESIG,52275,Instrução Normativa BCB,472,0,"relativas a informações de operações de crédito do documento 3040 - Dados de Risco de Crédito, do Sistema de Informações de Créditos (SCR), de que tratam a Circular nº 3.870  ",0,2024-05-23T13:03:00Z,23/5/2024 10:03,105
Comunicado N° 41.657,23/5/2024 09:33,Divulga nome aprovado de pessoas eleitas/nomeadas para cargos de órgãos estatutários ou contratuais de sociedades autorizadas a funcionar pelo Banco Central do Brasil.,DEORF,132015,Comunicado,41657,0,Instituição Cooperativa de Crédito de Livre Admissão do Tocantins Ltda. (CNPJ 26.960.328  Instituição Cooperativa de Crédito da Região do Contestado - CIVIA (CNPJ 10.218.474  ,0,2024-05-23T12:33:19Z,23/5/2024 09:33,106
Comunicado N° 41.652,22/5/2024 10:17,Divulga nome aprovado de pessoas eleitas/nomeadas para cargos de órgãos estatutários ou contratuais de sociedades autorizadas a funcionar pelo Banco Central do Brasil.,DEORF,132010,Comunicado,41652,0,Instituição Credisis Capitalcredi - Cooperativa de Crédito de Livre Admissão do Acre Ltda  Instituição Cooperativa de Crédito de Livre Admissão da Região Sul do Maranhão - Sicredi  ,0,2024-05-22T13:17:43Z,22/5/2024 10:17,107
Comunicado N° 41.646,21/5/2024 10:23,Divulga nome aprovado de pessoas eleitas/nomeadas para cargos de órgãos estatutários ou contratuais de sociedades autorizadas a funcionar pelo Banco Central do Brasil.,DEORF,132004,Comunicado,41646,0,Instituição Cooperativa de Crédito da Região e Colar Metropolitano do Vale do Aço Ltda  Instituição Cooperativa de Crédito de Livre Admissão do Centro Norte dos Estados de Mato  ,0,2024-05-21T13:23:01Z,21/5/2024 10:23,108
Comunicado N° 41.639,20/5/2024 09:10,Divulga nome aprovado de pessoas eleitas/nomeadas para cargos de órgãos estatutários ou contratuais de sociedades autorizadas a funcionar pelo Banco Central do Brasil.,DEORF,131997,Comunicado,41639,0,"Instituição Cooperativa de Crédito de Livre Admissão do Pontal do Triângulo Ltda. - Sicoob  Instituição Cooperativa de Crédito, Poupança e Investimento do Sul do Estado de Santa  ",0,2024-05-20T12:10:59Z,20/5/2024 09:10,109
Comunicado N° 41.638,20/5/2024 09:04,"Divulga, para fins de recebimento de eventuais objeções, nomes de pessoas eleitas ou nomeadas para ocupar cargos de administração em instituições autorizadas a funcionar
",DEORF,131996,Comunicado,41638,0,"em Belo Horizonte (GTBHO) 
Instituição Banco Cooperativo Sicoob S.A. - Banco Sicoob (CNPJ  Alegre (GTPAL) 
Instituição Todescredi S.A. - Crédito, Financiamento e Investimento (CNPJ  ",0,2024-05-20T12:04:50Z,20/5/2024 09:04,110
Comunicado N° 41.632,17/5/2024 08:01,Divulga nome aprovado de pessoas eleitas/nomeadas para cargos de órgãos estatutários ou contratuais de sociedades autorizadas a funcionar pelo Banco Central do Brasil.,DEORF,131990,Comunicado,41632,0,"Instituição Cooperativa de Crédito dos Profissionais da Área da Saúde e de Livre Admissão  Instituição Cooperativa de Crédito Mútuo dos Funcionários da Fiep, Sesi, Senai, Iel e do  ",0,2024-05-17T11:01:52Z,17/5/2024 08:01,111
Comunicado N° 41.625,16/5/2024 09:22,Divulga nome aprovado de pessoas eleitas/nomeadas para cargos de órgãos estatutários ou contratuais de sociedades autorizadas a funcionar pelo Banco Central do Brasil.,DEORF,131983,Comunicado,41625,0,Instituição Cooperativa de Crédito de Livre Admissão do Vale do Aço Ltda. - Sicoob Vale do  Instituição Cooperativa de Crédito de Livre Admissão da Região Metropolitana de Goiânia  ,0,2024-05-16T12:22:35Z,16/5/2024 09:22,112
Instrução Normativa BCB N° 470,15/5/2024 18:18,"Divulga procedimentos a respeito da Resolução BCB nº 188, de 23 de fevereiro de 2022, que define e consolida as regras do recolhimento compulsório sobre recursos de depósitos de poupança. ",DEBAN,52272,Instrução Normativa BCB,470,0,"responsáveis pelo
recolhimento de cooperativas de crédito integrantes de sistema cooperativo, de
que trata o parágrafo único  ",0,2024-05-15T21:18:00Z,15/5/2024 18:18,113
Comunicado N° 41.622,15/5/2024 09:46,Divulga nome aprovado de pessoas eleitas/nomeadas para cargos de órgãos estatutários ou contratuais de sociedades autorizadas a funcionar pelo Banco Central do Brasil.,DEORF,131980,Comunicado,41622,0,"Instituição Cooperativa de Crédito, Poupança e Investimento Norte Mato-Grossense e Oeste  Instituição Cooperativa de Crédito e Investimento com Interação Solidária Centro Serra  ",0,2024-05-15T12:46:12Z,15/5/2024 09:46,114
Comunicado N° 41.613,14/5/2024 09:34,Divulga nome aprovado de pessoas eleitas/nomeadas para cargos de órgãos estatutários ou contratuais de sociedades autorizadas a funcionar pelo Banco Central do Brasil.,DEORF,131971,Comunicado,41613,0,Instituição Cooperativa de Crédito e Investimento com Interação Solidária Vale das Águas  Instituição Cooperativa de Crédito e Economia com Interação Solidária do Planalto Serra do  ,0,2024-05-14T12:34:29Z,14/5/2024 09:34,115
Comunicado N° 41.608,13/5/2024 09:37,Divulga nome aprovado de pessoas eleitas/nomeadas para cargos de órgãos estatutários ou contratuais de sociedades autorizadas a funcionar pelo Banco Central do Brasil.,DEORF,131966,Comunicado,41608,0,Instituição Cooperativa de Crédito de Livre Admissão da Grande Goiânia Ltda. (CNPJ  Instituição Cooperativa de Crédito e Economia com Interação Solidária do Planalto Serra do  ,0,2024-05-13T12:37:49Z,13/5/2024 09:37,116
Comunicado N° 41.602,10/5/2024 08:30,Divulga nome aprovado de pessoas eleitas/nomeadas para cargos de órgãos estatutários ou contratuais de sociedades autorizadas a funcionar pelo Banco Central do Brasil.,DEORF,131960,Comunicado,41602,0,Instituição Cooperativa de Crédito de Livre Admissão do Centro Sul de Mato Grosso do Sul  Instituição Cooperativa de Crédito e Investimento com Interação Solidária Confiança  ,0,2024-05-10T11:30:18Z,10/5/2024 08:30,117
Comunicado N° 41.596,9/5/2024 09:36,Divulga nome aprovado de pessoas eleitas/nomeadas para cargos de órgãos estatutários ou contratuais de sociedades autorizadas a funcionar pelo Banco Central do Brasil.,DEORF,131954,Comunicado,41596,0,Instituição Cooperativa de Crédito Sul - Sicoob Sul (CNPJ 05.888.589  Instituição Sicredi Ceará - Cooperativa de Crédito do Estado do Ceará (CNPJ 72.257.793  ,0,2024-05-09T12:36:12Z,9/5/2024 09:36,118
Comunicado N° 41.590,8/5/2024 09:09,Divulga nome aprovado de pessoas eleitas/nomeadas para cargos de órgãos estatutários ou contratuais de sociedades autorizadas a funcionar pelo Banco Central do Brasil.,DEORF,131948,Comunicado,41590,0,Instituição Cooperativa de Crédito CrediNacional Ltda. - Sicoob CrediNacional (CNPJ  Instituição Cooperativa de Crédito dos Empresários de Manaus - Sicoob Credempresas AM  ,0,2024-05-08T12:09:29Z,8/5/2024 09:09,119
Comunicado N° 41.586,7/5/2024 09:37,Divulga nome aprovado de pessoas eleitas/nomeadas para cargos de órgãos estatutários ou contratuais de sociedades autorizadas a funcionar pelo Banco Central do Brasil.,DEORF,131944,Comunicado,41586,0,Instituição Cooperativa de Crédito de Livre Admissão de Itaúna e Região Ltda. - Sicoob  Instituição Cooperativa de Crédito de Livre Admissão do Sudoeste Goiano (CNPJ 24.795.049  ,0,2024-05-07T12:37:59Z,7/5/2024 09:37,120
Comunicado N° 41.581,6/5/2024 10:26,Divulga nome aprovado de pessoas eleitas/nomeadas para cargos de órgãos estatutários ou contratuais de sociedades autorizadas a funcionar pelo Banco Central do Brasil.,DEORF,131939,Comunicado,41581,0,"Instituição Cooperativa de Crédito, Poupança e Investimento Ouro Verde do Mato Grosso  Instituição Cooperativa de Crédito e Investimento com Interação Solidária Centro Norte  ",0,2024-05-06T13:26:13Z,6/5/2024 10:26,121
Comunicado N° 41.577,3/5/2024 10:30,Divulga nome aprovado de pessoas eleitas/nomeadas para cargos de órgãos estatutários ou contratuais de sociedades autorizadas a funcionar pelo Banco Central do Brasil.,DEORF,131935,Comunicado,41577,0,Instituição Cooperativa Central de Crédito com Interação Solidária - Central Cresol Baser  Instituição Cooperativa de Crédito e Investimento com Interação Solidária Centro Norte  ,0,2024-05-03T13:30:26Z,3/5/2024 10:30,122
Comunicado N° 41.570,2/5/2024 11:03,Divulga nome aprovado de pessoas eleitas/nomeadas para cargos de órgãos estatutários ou contratuais de sociedades autorizadas a funcionar pelo Banco Central do Brasil.,DEORF,131928,Comunicado,41570,0,"Instituição Cooperativa de Crédito, Poupança e Investimento de Araraquara e Região  Instituição Cooperativa de Crédito e Investimento com Interação Solidária de Minas Gerais  ",0,2024-05-02T14:03:10Z,2/5/2024 11:03,123
Comunicado N° 41.562,30/4/2024 09:30,Divulga nome aprovado de pessoas eleitas/nomeadas para cargos de órgãos estatutários ou contratuais de sociedades autorizadas a funcionar pelo Banco Central do Brasil.,DEORF,131920,Comunicado,41562,0,"Instituição Cooperativa de Crédito de Livre Admissão do Estado do Pará - Sicoob Cooesa  Instituição Cooperativa de Crédito, Poupança e Investimento Vale do Piquiri ABCD - Sicredi  ",0,2024-04-30T12:30:53Z,30/4/2024 09:30,124
Instrução Normativa BCB N° 468,29/4/2024 16:28,"Divulga os procedimentos operacionais relacionados às Linhas Financeiras de Liquidez (LFL), de que tratam os Regulamentos Anexos à Resolução BCB nº 374, de 27 de março de 2024.",DEBAN,52260,Instrução Normativa BCB,468,0,"Divulga os procedimentos operacionais relacionados às Linhas Financeiras de Liquidez (LFL), de  c) no caso de cooperativas
de crédito, a indicação de sua categoria, na forma do art  ",0,2024-04-29T19:28:00Z,29/4/2024 16:28,125
Comunicado N° 41.555,29/4/2024 09:18,Divulga nome aprovado de pessoas eleitas/nomeadas para cargos de órgãos estatutários ou contratuais de sociedades autorizadas a funcionar pelo Banco Central do Brasil.,DEORF,131913,Comunicado,41555,0,"Instituição Cooperativa de Crédito, Poupança e Investimento de Espumoso - Sicredi Espumoso  Instituição Cooperativa de Crédito e Economia com Interação Solidária Cresol Evolução  ",1,2024-04-29T12:18:17Z,29/4/2024 09:18,126
Comunicado N° 41.548,26/4/2024 10:27,Divulga nome aprovado de pessoas eleitas/nomeadas para cargos de órgãos estatutários ou contratuais de sociedades autorizadas a funcionar pelo Banco Central do Brasil.,DEORF,131906,Comunicado,41548,0,Instituição Cooperativa de Crédito Credifor Ltda. - Sicoob Credifor (CNPJ 41.931.445  Instituição Cooperativa de Crédito e Investimento com Interação Solidária de Goiás  ,0,2024-04-26T13:27:24Z,26/4/2024 10:27,127
Resolução CMN N° 5.131,25/4/2024 18:02,"Altera a Resolução CMN nº 5.051, de 25 de novembro de 2022, que dispõe sobre a organização e o funcionamento de cooperativas de crédito. ",DINOR,52259,Resolução CMN,5131,0,"XIII -
realizar operações de crédito com o compartilhamento de recursos e de riscos em
conjunto com outras cooperativas de crédito integrantes do mesmo sistema
cooperativo  ",0,2024-04-25T21:02:00Z,25/4/2024 18:02,128
Comunicado N° 41.544,25/4/2024 10:03,Divulga nome aprovado de pessoas eleitas/nomeadas para cargos de órgãos estatutários ou contratuais de sociedades autorizadas a funcionar pelo Banco Central do Brasil.,DEORF,131902,Comunicado,41544,0,Instituição Cooperativa de Economia e Crédito Mútuo dos Petroleiros no Estado de Minas  Instituição Cooperativa de Crédito e Investimento com Interação Solidária Alto Vale  ,0,2024-04-25T13:03:22Z,25/4/2024 10:03,129
Comunicado N° 41.536,24/4/2024 09:33,Divulga nome aprovado de pessoas eleitas/nomeadas para cargos de órgãos estatutários ou contratuais de sociedades autorizadas a funcionar pelo Banco Central do Brasil.,DEORF,131894,Comunicado,41536,0,Divulga nome aprovado de pessoas eleitas/nomeadas para cargos de órgãos estatutários ou contratuais de sociedades  Instituição Credicoamo Crédito Rural Cooperativa (CNPJ 81.723.108  ,0,2024-04-24T12:33:36Z,24/4/2024 09:33,130
Comunicado N° 41.532,23/4/2024 11:20,Divulga nome aprovado de pessoas eleitas/nomeadas para cargos de órgãos estatutários ou contratuais de sociedades autorizadas a funcionar pelo Banco Central do Brasil.,DEORF,131890,Comunicado,41532,0,Divulga nome aprovado de pessoas eleitas/nomeadas para cargos de órgãos estatutários ou  Instituição Cooperativa de Crédito e Investimento com Interação Solidária de Goiás  ,0,2024-04-23T14:20:03Z,23/4/2024 11:20,131
Comunicado N° 41.524,22/4/2024 09:56,Divulga nome aprovado de pessoas eleitas/nomeadas para cargos de órgãos estatutários ou contratuais de sociedades autorizadas a funcionar pelo Banco Central do Brasil.,DEORF,131882,Comunicado,41524,0,Instituição Cooperativa de Crédito e Investimento com Interação Solidária de Toledo e  Instituição Cooperativa de Crédito Poupança e Investimento dos Profissionais Médicos e da  ,0,2024-04-22T12:56:17Z,22/4/2024 09:56,132
Comunicado N° 41.518,19/4/2024 10:27,Divulga nome aprovado de pessoas eleitas/nomeadas para cargos de órgãos estatutários ou contratuais de sociedades autorizadas a funcionar pelo Banco Central do Brasil.,DEORF,131876,Comunicado,41518,0,Instituição Cooperativa de Crédito de Livre Admissão de Jataí e Região Ltda. (CNPJ  Instituição Cooperativa de Crédito de Livre Admissão do Sul Catarinense - Acentra (CNPJ  ,0,2024-04-19T13:27:11Z,19/4/2024 10:27,133
Comunicado N° 41.514,18/4/2024 09:12,"
Divulga nome aprovado de pessoas eleitas/nomeadas para cargos de órgãos estatutários ou contratuais de sociedades autorizadas a funcionar pelo Banco Central do Brasil.",DEORF,131872,Comunicado,41514,0,Divulga nome aprovado de pessoas eleitas/nomeadas para cargos de órgãos estatutários ou  Instituição Cooperativa de Crédito Unicred Centro-Sul Ltda. - Unicred Centro-Sul (CNPJ  ,0,2024-04-18T12:12:10Z,18/4/2024 09:12,134
Comunicado N° 41.508,17/4/2024 08:22,"Divulga, para fins de recebimento de eventuais objeções, nomes de pessoas eleitas ou nomeadas para ocupar cargos de administração em instituições autorizadas a funcionar
",DEORF,131866,Comunicado,41508,0,"Porto Alegre (GTPAL) 
Instituição Banco Cooperativo Sicredi S.A. (CNPJ 01.181.521) 
Órgão  GTSP1) 
Instituição Superlógica Sociedade de Crédito Direto S.A. (CNPJ 43.599.047) 
Órgão  ",0,2024-04-17T11:22:14Z,17/4/2024 08:22,135
Comunicado N° 41.507,17/4/2024 08:20,Divulga nome aprovado de pessoas eleitas/nomeadas para cargos de órgãos estatutários ou contratuais de sociedades autorizadas a funcionar pelo Banco Central do Brasil.,DEORF,131865,Comunicado,41507,0,"Instituição Cooperativa de Crédito de Livre Admissão Crediembrapa Ltda. - Sicoob (CNPJ  Instituição Cooperativa de Crédito, Poupança e Investimento Novos Horizontes - Sicredi  ",0,2024-04-17T11:20:14Z,17/4/2024 08:20,136
Comunicado N° 41.496,15/4/2024 09:36,Divulga nome aprovado de pessoas eleitas/nomeadas para cargos de órgãos estatutários ou contratuais de sociedades autorizadas a funcionar pelo Banco Central do Brasil.,DEORF,131854,Comunicado,41496,0,Instituição Cooperativa de Crédito de Livre Admissão de Vitória da Conquista (CNPJ  Instituição Cooperativa de Crédito e Investimento com Interação Solidária Raiz - Cresol  ,0,2024-04-15T12:36:43Z,15/4/2024 09:36,137
Comunicado N° 41.491,12/4/2024 11:51,"
Divulga nome aprovado de pessoas eleitas/nomeadas para cargos de órgãos estatutários ou contratuais de sociedades autorizadas a funcionar pelo Banco Central do Brasil.",DEORF,131849,Comunicado,41491,0,Divulga nome aprovado de pessoas eleitas/nomeadas para cargos de órgãos estatutários ou  Instituição Cooperativa de Economia e Crédito Mútuo dos Bancários do Triângulo Ltda. (CNPJ  ,0,2024-04-12T14:51:47Z,12/4/2024 11:51,138
Comunicado N° 41.482,11/4/2024 10:31,Divulga nome aprovado de pessoas eleitas/nomeadas para cargos de órgãos estatutários ou contratuais de sociedades autorizadas a funcionar pelo Banco Central do Brasil.,DEORF,131839,Comunicado,41482,0,Divulga nome aprovado de pessoas eleitas/nomeadas para cargos de órgãos estatutários ou  Instituição Cooperativa de Crédito Crediuna Ltda. - Sicoob Crediuna (CNPJ 64.237.530  ,0,2024-04-11T13:31:53Z,11/4/2024 10:31,139
Comunicado N° 41.476,10/4/2024 09:17,Divulga nome aprovado de pessoas eleitas/nomeadas para cargos de órgãos estatutários ou contratuais de sociedades autorizadas a funcionar pelo Banco Central do Brasil.,DEORF,131833,Comunicado,41476,0,Divulga nome aprovado de pessoas eleitas/nomeadas para cargos de órgãos estatutários ou  Instituição Cooperativa de Crédito Cooperação - Sicredi Cooperação (CNPJ 87.779.625  ,0,2024-04-10T12:17:28Z,10/4/2024 09:17,140
Comunicado N° 41.470,9/4/2024 09:26,Divulga nome aprovado de pessoas eleitas/nomeadas para cargos de órgãos estatutários ou contratuais de sociedades autorizadas a funcionar pelo Banco Central do Brasil.,DEORF,131827,Comunicado,41470,0,Instituição Cooperativa de Crédito dos Integrantes do Ministério Público e do Poder  Instituição Cooperativa de Crédito e Investimento com Interação Solidária Conexão - Cresol  ,0,2024-04-09T12:26:52Z,9/4/2024 09:26,141
Comunicado N° 41.463,8/4/2024 09:32,Divulga nome aprovado de pessoas eleitas/nomeadas para cargos de órgãos estatutários ou contratuais de sociedades autorizadas a funcionar pelo Banco Central do Brasil.,DEORF,131820,Comunicado,41463,0,Divulga nome aprovado de pessoas eleitas/nomeadas para cargos de órgãos estatutários ou  Instituição Cooperativa de Economia e Crédito Mútuo dos Empregados de Elevadores Atlas  ,0,2024-04-08T12:32:39Z,8/4/2024 09:32,142
Comunicado N° 41.458,5/4/2024 08:21,Divulga nome aprovado de pessoas eleitas/nomeadas para cargos de órgãos estatutários ou contratuais de sociedades autorizadas a funcionar pelo Banco Central do Brasil.,DEORF,131815,Comunicado,41458,0,Instituição Cooperativa de Crédito Noroeste de Minas Ltda. - Sicoob Noroeste de Minas  Instituição Central das Cooperativas de Crédito Unicoob - Sicoob Central Unicoob (CNPJ  ,0,2024-04-05T11:21:47Z,5/4/2024 08:21,143
Comunicado N° 41.450,4/4/2024 09:22,Divulga nome aprovado de pessoas eleitas/nomeadas para cargos de órgãos estatutários ou contratuais de sociedades autorizadas a funcionar pelo Banco Central do Brasil.,DEORF,131807,Comunicado,41450,0,Divulga nome aprovado de pessoas eleitas/nomeadas para cargos de órgãos estatutários ou contratuais de  Instituição Cooperativa de Crédito - Sicredi Expansão (CNPJ 41.180.092  ,0,2024-04-04T12:22:51Z,4/4/2024 09:22,144
Comunicado N° 41.444,3/4/2024 09:22,Divulga nome aprovado de pessoas eleitas/nomeadas para cargos de órgãos estatutários ou contratuais de sociedades autorizadas a funcionar pelo Banco Central do Brasil.,DEORF,131801,Comunicado,41444,0,Instituição Cooperativa de Economia e Crédito Mútuo dos Bancários de Sorocaba e Região  Instituição Cooperativa de Economia e Crédito Mútuo dos Funcionários da Assembleia  ,0,2024-04-03T12:22:27Z,3/4/2024 09:22,145
Comunicado N° 41.438,2/4/2024 10:02,Divulga nome aprovado de pessoas eleitas/nomeadas para cargos de órgãos estatutários ou contratuais de sociedades autorizadas a funcionar pelo Banco Central do Brasil.,DEORF,131795,Comunicado,41438,0,Instituição Cooperativa de Crédito de Livre Admissão da Região de São Sebastião do Paraíso  Instituição Cooperativa de Crédito Rural de Pequenos Agricultores e da Reforma Agrária do  ,0,2024-04-02T13:02:23Z,2/4/2024 10:02,146
Comunicado N° 41.431,1/4/2024 09:20,Divulga nome aprovado de pessoas eleitas/nomeadas para cargos de órgãos estatutários ou contratuais de sociedades autorizadas a funcionar pelo Banco Central do Brasil.,DEORF,131788,Comunicado,41431,0,Divulga nome aprovado de pessoas eleitas/nomeadas para cargos de órgãos estatutários ou  Instituição Cooperativa de Economia e Crédito Mútuo dos Bancários de Belo Horizonte e  ,0,2024-04-01T12:20:53Z,1/4/2024 09:20,147
Resolução CMN N° 5.123,28/3/2024 18:01,"Autoriza a renegociação de parcelas de operações de crédito rural de investimento, com vencimento em 2024, contratadas por agricultores familiares, médios e demais produtores rurais cuja renda da atividade tenha sido prejudicada por adversidades climáticas ou dificuldades de comercialização. ",MF,52243,Resolução CMN,5123,0,"no âmbito dos Programas
de Desenvolvimento Cooperativo para Agregação de Valor à Produção  rurais detentores de operações de crédito rural de investimento com
parcelas previstas  ",0,2024-03-28T21:01:00Z,28/3/2024 18:01,148
Comunicado N° 41.423,28/3/2024 09:24,Divulga nome aprovado de pessoas eleitas/nomeadas para cargos de órgãos estatutários ou contratuais de sociedades autorizadas a funcionar pelo Banco Central do Brasil.,DEORF,131780,Comunicado,41423,0,"Divulga nome aprovado de pessoas eleitas/nomeadas para cargos de órgãos estatutários ou  Instituição Cooperativa de Economia e Crédito Mútuo dos Empregados do Grupo Casino, Grupo  ",0,2024-03-28T12:24:33Z,28/3/2024 09:24,149
Resolução BCB N° 374,27/3/2024 08:31,Dispõe sobre as Linhas Financeiras de Liquidez (LFL) do Banco Central do Brasil e aprova os regulamentos que disciplinam o seu funcionamento.,"DIPOM, DIFIS, DIRAD",52240,Resolução BCB,374,0,"aspectos relativos às cédulas de crédito
bancário oferecidas em garantia para geração de limites de crédito no âmbito
das LFL; e  ",0,2024-03-27T11:31:00Z,27/3/2024 08:31,150
Comunicado N° 41.411,26/3/2024 09:24,Divulga nome aprovado de pessoas eleitas/nomeadas para cargos de órgãos estatutários ou contratuais de sociedades autorizadas a funcionar pelo Banco Central do Brasil.,DEORF,131768,Comunicado,41411,0,"Instituição Cooperativa de Crédito Nossocrédito Ltda. - Sicoob Nossocrédito (CNPJ  Instituição Cooperativa de Crédito,Poupança e Serviços Financeiros (CNPJ 05.491.616  ",0,2024-03-26T12:24:27Z,26/3/2024 09:24,151
Comunicado N° 41.403,25/3/2024 09:40,Divulga nome aprovado de pessoas eleitas/nomeadas para cargos de órgãos estatutários ou contratuais de sociedades autorizadas a funcionar pelo Banco Central do Brasil.,DEORF,131760,Comunicado,41403,0,Divulga nome aprovado de pessoas eleitas/nomeadas para cargos de órgãos estatutários ou  Instituição Cooperativa de Crédito dos Empregados das Empresas do Grupo Indorama no Brasil  ,0,2024-03-25T12:40:18Z,25/3/2024 09:40,152
Comunicado N° 41.399,22/3/2024 09:16,Divulga nome aprovado de pessoas eleitas/nomeadas para cargos de órgãos estatutários ou contratuais de sociedades autorizadas a funcionar pelo Banco Central do Brasil.,DEORF,131756,Comunicado,41399,0,Instituição Cooperativa de Crédito de Livre Admissão da Região de Pará de Minas Ltda  Instituição Cooperativa de Crédito de Produtores Rurais e de Livre Admissão do Triângulo  ,0,2024-03-22T12:16:20Z,22/3/2024 09:16,153
Comunicado N° 41.380,19/3/2024 09:30,Divulga nome aprovado de pessoas eleitas/nomeadas para cargos de órgãos estatutários ou contratuais de sociedades autorizadas a funcionar pelo Banco Central do Brasil.,DEORF,131737,Comunicado,41380,0,Instituição Cooperativa de Crédito Credipeu Ltda. - Sicoob Credipeu (CNPJ 66.262.643  Instituição Nixfin Sociedade de Crédito Direto S.A. (CNPJ 44.921.281  ,0,2024-03-19T12:30:47Z,19/3/2024 09:30,154
Comunicado N° 41.372,15/3/2024 14:28,Divulga nome aprovado de pessoas eleitas/nomeadas para cargos de órgãos estatutários ou contratuais de sociedades autorizadas a funcionar pelo Banco Central do Brasil.,DEORF,131729,Comunicado,41372,0,"Instituição Cooperativa de Crédito, Poupança e Investimento da Região Centro Oeste  Instituição Aymoré Crédito, Financiamento e Investimento S.A. (CNPJ 07.707.650  ",0,2024-03-15T17:28:12Z,15/3/2024 14:28,155
Comunicado N° 41.352,12/3/2024 10:57,Divulga nome aprovado de pessoas eleitas/nomeadas para cargos de órgãos estatutários ou contratuais de sociedades autorizadas a funcionar pelo Banco Central do Brasil.,DEORF,131709,Comunicado,41352,0,Instituição Cooperativa de Crédito dos Profissionais de Saúde e de Livre Admissão do  Instituição Cooperativa de Crédito e Economia com Interação Solidária - Cresol Litoral  ,0,2024-03-12T13:57:31Z,12/3/2024 10:57,156
Comunicado N° 41.340,8/3/2024 10:24,Divulga nome aprovado de pessoas eleitas/nomeadas para cargos de órgãos estatutários ou contratuais de sociedades autorizadas a funcionar pelo Banco Central do Brasil.,DEORF,131697,Comunicado,41340,0,Divulga nome aprovado de pessoas eleitas/nomeadas para cargos de órgãos estatutários ou  Instituição Cooperativa de Crédito Crediverde Ltda. - Sicoob Crediverde (CNPJ 25.528.753  ,0,2024-03-08T13:24:42Z,8/3/2024 10:24,157
Comunicado N° 41.334,7/3/2024 09:20,Divulga nome aprovado de pessoas eleitas/nomeadas para cargos de órgãos estatutários ou contratuais de sociedades autorizadas a funcionar pelo Banco Central do Brasil.,DEORF,131691,Comunicado,41334,0,Instituição Cooperativa de Crédito de Livre Admissão de Belo Horizonte e Cidades Polo do  Instituição Cooperativa de Crédito e Economia com Interação Solidária - Cresol Xanxerê  ,0,2024-03-07T12:20:21Z,7/3/2024 09:20,158
Comunicado N° 41.329,6/3/2024 11:13,Divulga nome aprovado de pessoas eleitas/nomeadas para cargos de órgãos estatutários ou contratuais de sociedades autorizadas a funcionar pelo Banco Central do Brasil.,DEORF,131686,Comunicado,41329,0,Instituição Cooperativa de Crédito Gerações - Sicredi Gerações RS/MG (CNPJ 88.471.024  Instituição Cooperativa de Crédito da Amazônia - Sicoob Amazônia (CNPJ 05.203.605  ,0,2024-03-06T14:13:59Z,6/3/2024 11:13,159
Comunicado N° 41.321,5/3/2024 10:46,"
Esclarece acerca da realização de operações e da prestação de serviços por parte das sociedades de crédito direto e das sociedades de empréstimo entre pessoas, nos termos da Resolução CMN nº 5.050, de 25 de novembro de 2022.
",DENOR,131678,Comunicado,41321,0,serviços por parte das sociedades de crédito direto e das sociedades de empréstimo entre  Chefe do Departamento de Supervisão de Cooperativas e de Instituições Não Bancárias (Desuc  ,0,2024-03-05T13:46:02Z,5/3/2024 10:46,160
Comunicado N° 41.313,4/3/2024 09:25,Divulga nome aprovado de pessoas eleitas/nomeadas para cargos de órgãos estatutários ou contratuais de sociedades autorizadas a funcionar pelo Banco Central do Brasil.,DEORF,131670,Comunicado,41313,0,Instituição Cooperativa de Crédito Credisudeste Ltda. - Sicoob Credisudeste (CNPJ  Instituição Cooperativa de Economia e Crédito Mútuo dos Empregados da Pontifícia  ,0,2024-03-04T12:25:28Z,4/3/2024 09:25,161
Comunicado N° 41.306,1/3/2024 10:42,"
Comunica a cessação da liquidação extrajudicial da Cooperativa de Economia e Crédito Mútuo dos Servidores da Administração Pública Municipal de Porto Alegre - MUNICRED",DERAD,131663,Comunicado,41306,0,a cessação da liquidação extrajudicial da Cooperativa de Economia e Crédito Mútuo dos Servidores da Administração Pública  ,0,2024-03-01T13:42:26Z,1/3/2024 10:42,162
Comunicado N° 41.305,1/3/2024 10:24,Divulga nome aprovado de pessoas eleitas/nomeadas para cargos de órgãos estatutários ou contratuais de sociedades autorizadas a funcionar pelo Banco Central do Brasil.,DEORF,131662,Comunicado,41305,0,Instituição Cooperativa de Crédito dos Servidores do Município de Santo André - SP  Instituição Cooperativa de Crédito Mútuo dos Empregados da SKF e Coligadas (CNPJ  ,0,2024-03-01T13:24:14Z,1/3/2024 10:24,163
Comunicado N° 41.299,29/2/2024 11:10,Divulga nome aprovado de pessoas eleitas/nomeadas para cargos de órgãos estatutários ou contratuais de sociedades autorizadas a funcionar pelo Banco Central do Brasil.,DEORF,131656,Comunicado,41299,0,Divulga nome aprovado de pessoas eleitas/nomeadas para cargos de órgãos estatutários ou  Instituição Cooperativa de Crédito de Livre Admissão do Estado de São Paulo - Sicoob  ,0,2024-02-29T14:10:38Z,29/2/2024 11:10,164
Comunicado N° 41.288,27/2/2024 09:42,Divulga nome aprovado de pessoas eleitas/nomeadas para cargos de órgãos estatutários ou contratuais de sociedades autorizadas a funcionar pelo Banco Central do Brasil.,DEORF,131645,Comunicado,41288,0,Instituição Cooperativa de Crédito Credimota - Sicoob Credimota (CNPJ 66.788.142  Instituição Cartos Sociedade de Crédito Direto S.A. (CNPJ 21.332.862  ,0,2024-02-27T12:42:26Z,27/2/2024 09:42,165
Comunicado N° 41.283,26/2/2024 09:33,Divulga nome aprovado de pessoas eleitas/nomeadas para cargos de órgãos estatutários ou contratuais de sociedades autorizadas a funcionar pelo Banco Central do Brasil.,DEORF,131640,Comunicado,41283,0,"Instituição Central das Cooperativas de Crédito dos Estados de Mato Grosso, Mato Grosso do  Instituição Credifit Sociedade de Crédito Direto S.A. (CNPJ 39.676.772  ",0,2024-02-26T12:33:39Z,26/2/2024 09:33,166
Comunicado N° 41.277,23/2/2024 10:34,Divulga nome aprovado de pessoas eleitas/nomeadas para cargos de órgãos estatutários ou contratuais de sociedades autorizadas a funcionar pelo Banco Central do Brasil.,DEORF,131634,Comunicado,41277,0,Divulga nome aprovado de pessoas eleitas/nomeadas para cargos de órgãos estatutários ou contratuais de  Instituição Sicoob Crediconsumo - Cooperativa de Crédito (CNPJ 47.074.323  ,0,2024-02-23T13:34:32Z,23/2/2024 10:34,167
Comunicado N° 41.273,22/2/2024 16:10,Divulga nome aprovado de pessoas eleitas/nomeadas para cargos de órgãos estatutários ou contratuais de sociedades autorizadas a funcionar pelo Banco Central do Brasil.,DEORF,131630,Comunicado,41273,0,Instituição Credi-Shop - Sociedade de Crédito Direto S.A. (CNPJ INEXISTENTE  Instituição Cooperativa de Crédito e Economia com Interação Solidária - Cresol Mais (CNPJ  ,0,2024-02-22T19:10:18Z,22/2/2024 16:10,168
Comunicado N° 41.252,16/2/2024 11:43,Divulga nome aprovado de pessoas eleitas/nomeadas para cargos de órgãos estatutários ou contratuais de sociedades autorizadas a funcionar pelo Banco Central do Brasil.,DEORF,131609,Comunicado,41252,0,Divulga nome aprovado de pessoas eleitas/nomeadas para cargos de órgãos estatutários ou  Instituição Cooperativa de Crédito e Investimento com Interação Solidária Fronteiras PR/SC  ,0,2024-02-16T14:43:14Z,16/2/2024 11:43,169
Comunicado N° 41.251,16/2/2024 08:11,Divulga nome aprovado de pessoas eleitas/nomeadas para cargos de órgãos estatutários ou contratuais de sociedades autorizadas a funcionar pelo Banco Central do Brasil.,DEORF,131608,Comunicado,41251,0,Instituição Cooperativa de Crédito e Investimento com Interação Solidária Grandes Lagos PR  Instituição Cooperativa de Crédito do Vale dos Pinhais - Sicoob Vale dos Pinhais (CNPJ  ,0,2024-02-16T11:11:15Z,16/2/2024 08:11,170
Comunicado N° 41.232,8/2/2024 09:30,Divulga nome aprovado de pessoas eleitas/nomeadas para cargos de órgãos estatutários ou contratuais de sociedades autorizadas a funcionar pelo Banco Central do Brasil.,DEORF,131588,Comunicado,41232,0,"Instituição Cooperativa de Crédito, Poupança e Investimento do Cerrado de Goiás - Sicredi  Instituição Cooperativa de Crédito e Economia com Interação Solidária - Cresol Encostas da  ",0,2024-02-08T12:30:06Z,8/2/2024 09:30,171
Comunicado N° 41.220,6/2/2024 09:18,Divulga nome aprovado de pessoas eleitas/nomeadas para cargos de órgãos estatutários ou contratuais de sociedades autorizadas a funcionar pelo Banco Central do Brasil.,DEORF,131576,Comunicado,41220,0,Divulga nome aprovado de pessoas eleitas/nomeadas para cargos de órgãos estatutários ou  Instituição Cooperativa de Crédito e Investimento de Livre Admissão Agroempresarial  ,0,2024-02-06T12:18:20Z,6/2/2024 09:18,172
Comunicado N° 41.214,5/2/2024 09:49,Divulga nome aprovado de pessoas eleitas/nomeadas para cargos de órgãos estatutários ou contratuais de sociedades autorizadas a funcionar pelo Banco Central do Brasil.,DEORF,131570,Comunicado,41214,0,Instituição Cooperativa de Crédito dos Profissionais dos Creas e Demais Áreas Tecnológicas  Instituição Cooperativa de Crédito e Investimento com Interação Solidária Planalto Sul  ,0,2024-02-05T12:49:14Z,5/2/2024 09:49,173
Instrução Normativa BCB N° 453,30/1/2024 14:46,"Divulga procedimentos, documentos, prazos e informações necessários à instrução dos pedidos de autorização previstos no art. 3º, incisos V, VII, XI e XIII, da Resolução CMN nº 4.970, de 25 de novembro de 2021, formulados por cooperativa singular de crédito filiada a cooperativa central de crédito, e altera a Instrução Normativa BCB nº 299, de 30 de agosto de 2022.",DEORF,52223,Instrução Normativa BCB,453,0,"para cargos em órgãos
estatutários, a cooperativa singular de crédito deverá enviar à respectiva
cooperativa central de crédito, no prazo de quinze dias do respectivo  ",0,2024-01-30T17:46:00Z,30/1/2024 14:46,174
Comunicado N° 41.189,30/1/2024 11:34,Divulga nome aprovado de pessoas eleitas/nomeadas para cargos de órgãos estatutários ou contratuais de sociedades autorizadas a funcionar pelo Banco Central do Brasil.,DEORF,131545,Comunicado,41189,0,Instituição Cooperativa de Economia e Crédito Mútuo dos Bancários do Triângulo Ltda. (CNPJ  Instituição Cooperativa de Economia e Crédito Mútuo dos Funcionários da Cargill (CNPJ  ,0,2024-01-30T14:34:48Z,30/1/2024 11:34,175
Comunicado N° 41.184,29/1/2024 11:37,Divulga nome aprovado de pessoas eleitas/nomeadas para cargos de órgãos estatutários ou contratuais de sociedades autorizadas a funcionar pelo Banco Central do Brasil.,DEORF,131540,Comunicado,41184,0,Instituição Cooperativa de Crédito de Livre Admissão de Vitória da Conquista (CNPJ  Instituição Cooperativa de Crédito de Livre Admissão do Estado de Goiás (CNPJ 04.406.371  ,0,2024-01-29T14:37:11Z,29/1/2024 11:37,176
Resolução CMN N° 5.117,25/1/2024 18:01,"Altera a Resolução nº 4.595, de 28 de agosto de 2017; e as Resoluções CMN ns. 4.860, de 23 de outubro de 2020; 4.879, de 23 de dezembro de 2020; 4.893, de 26 de fevereiro de 2021; 4.949, de 30 de setembro de 2021; 4.968, de 25 de novembro de 2021; e 4.984, de 17 de fevereiro de 2022, para excluir de seus escopos de aplicação as sociedades corretoras de títulos e valores mobiliários, as sociedades distribuidoras de títulos e valores mobiliários e as sociedades corretoras de câmbio autorizadas a funcionar pelo Banco Central do Brasil. ",DINOR,52217,Resolução CMN,5117,0,"Altera a Resolução nº 4.595, de 28 de agosto de 2017; e as Resoluções CMN ns. 4.860, de 23 de outubro de 2020; 4.879, de 23 de dezembro de 2020; 4.893, de 26 de fevereiro de 2021  ",0,2024-01-25T21:01:00Z,25/1/2024 18:01,177
Comunicado N° 41.174,25/1/2024 11:12,"
Divulga nome aprovado de pessoas eleitas/nomeadas para cargos de órgãos estatutários ou contratuais de sociedades autorizadas a funcionar pelo Banco Central do Brasil.",DEORF,131530,Comunicado,41174,0,Divulga nome aprovado de pessoas eleitas/nomeadas para cargos de órgãos estatutários ou  Instituição Cooperativa de Crédito de Livre Admissão do Estado de Goiás (CNPJ 04.406.371  ,0,2024-01-25T14:12:56Z,25/1/2024 11:12,178
Comunicado N° 41.165,24/1/2024 11:05,Divulga nome aprovado de pessoas eleitas/nomeadas para cargos de órgãos estatutários ou contratuais de sociedades autorizadas a funcionar pelo Banco Central do Brasil.,DEORF,131521,Comunicado,41165,0,Divulga nome aprovado de pessoas eleitas  Instituição Medcred Cooperativa de Crédito (CNPJ 03.575.699  Instituição Central Sicoob Uni de Cooperativas de Crédito (CNPJ 04.243.780  ,0,2024-01-24T14:05:24Z,24/1/2024 11:05,179
Comunicado N° 41.150,19/1/2024 11:08,Divulga nome aprovado de pessoas eleitas/nomeadas para cargos de órgãos estatutários ou contratuais de sociedades autorizadas a funcionar pelo Banco Central do Brasil.,DEORF,131506,Comunicado,41150,0,Instituição Cooperativa de Crédito dos Integrantes do Poder Judiciário e do Ministério  Instituição Cooperativa de Crédito de Produtores Rurais e de Livre Admissão do Triângulo  ,0,2024-01-19T14:08:07Z,19/1/2024 11:08,180
Comunicado N° 41.145,18/1/2024 11:16,Divulga nome aprovado de pessoas eleitas/nomeadas para cargos de órgãos estatutários ou contratuais de sociedades autorizadas a funcionar pelo Banco Central do Brasil.,DEORF,131501,Comunicado,41145,0,Divulga nome aprovado de pessoas eleitas/nomeadas para cargos de órgãos estatutários ou  Instituição Cooperativa de Crédito de Livre Admissão do Centro-Nordeste Mineiro Ltda  ,0,2024-01-18T14:16:54Z,18/1/2024 11:16,181
Comunicado N° 41.135,16/1/2024 11:49,Divulga nome aprovado de pessoas eleitas/nomeadas para cargos de órgãos estatutários ou contratuais de sociedades autorizadas a funcionar pelo Banco Central do Brasil.,DEORF,131491,Comunicado,41135,0,Instituição Cooperativa de Crédito e Economia com Interação Solidária - Cresol Aliança  Instituição Cooperativa de Crédito Centro-Leste - Sicredi Centro-Leste RS (CNPJ 88.471.024  ,0,2024-01-16T14:49:24Z,16/1/2024 11:49,182
Comunicado N° 41.127,15/1/2024 14:52,Divulga nome aprovado de pessoas eleitas/nomeadas para cargos de órgãos estatutários ou contratuais de sociedades autorizadas a funcionar pelo Banco Central do Brasil.,DEORF,131483,Comunicado,41127,0,"Instituição Cooperativa de Crédito Mútuo dos Empregados das Indústrias do Papel, Papelão e  Instituição Credisis - Central de Cooperativas de Crédito Ltda. (CNPJ 04.632.856  ",0,2024-01-15T17:52:10Z,15/1/2024 14:52,183
Comunicado N° 41.102,8/1/2024 09:23,Divulga nome aprovado de pessoas eleitas/nomeadas para cargos de órgãos estatutários ou contratuais de sociedades autorizadas a funcionar pelo Banco Central do Brasil.,DEORF,131458,Comunicado,41102,0,"Instituição Cooperativa de Crédito e Economia com Interação Solidária - Cresol Mais (CNPJ  Instituição Cooperativa de Crédito, Poupança e Investimento da Região Altos da Serra  ",0,2024-01-08T12:23:18Z,8/1/2024 09:23,184
Comunicado N° 41.083,2/1/2024 16:01,Divulga nome aprovado de pessoas eleitas/nomeadas para cargos de órgãos estatutários ou contratuais de sociedades autorizadas a funcionar pelo Banco Central do Brasil.,DEORF,131439,Comunicado,41083,0,Instituição Cooperativa de Crédito Mútuo dos Empregados da SKF e Coligadas (CNPJ  Instituição Cooperativa de Crédito de Livre Admissão do Vale do São Patrício Ltda. (CNPJ  ,0,2024-01-02T19:01:51Z,2/1/2024 16:01,185
Comunicado N° 41.071,28/12/2023 11:31,Divulga nome aprovado de pessoas eleitas/nomeadas para cargos de órgãos estatutários ou contratuais de sociedades autorizadas a funcionar pelo Banco Central do Brasil.,DEORF,131427,Comunicado,41071,0,"Instituição Cooperativa de Crédito dos Magistrados, Servidores da Justiça do Estado de  Instituição Cooperativa de Crédito Uniprime Sul Ltda. (CNPJ 01.572.667  ",0,2023-12-28T14:31:01Z,28/12/2023 11:31,186
Comunicado N° 41.062,26/12/2023 12:03,Divulga nome aprovado de pessoas eleitas/nomeadas para cargos de órgãos estatutários ou contratuais de sociedades autorizadas a funcionar pelo Banco Central do Brasil.,DEORF,131418,Comunicado,41062,0,Divulga nome aprovado de pessoas eleitas/nomeadas para cargos de órgãos estatutários ou  Instituição Cooperativa de Crédito e Investimento com Interação Solidária de Nova Mutum e  ,0,2023-12-26T15:03:39Z,26/12/2023 12:03,187
Resolução Conjunta N° 8,21/12/2023 18:02,"Dispõe sobre medidas de educação financeira a serem adotadas por instituições financeiras, instituições de pagamento e demais instituições autorizadas a funcionar pelo Banco Central do Brasil. ",SECRE,52204,Resolução Conjunta,8,0,"Dispõe sobre medidas de educação financeira a serem adotadas por instituições financeiras  trata
o caput seja unificada porI
- conglomerado; ouII
- sistema cooperativo de crédito  ",0,2023-12-21T21:02:00Z,21/12/2023 18:02,188
Resolução CMN N° 5.110,21/12/2023 18:00,"Define condições especiais para o financiamento de capital de giro destinado a cooperativas agropecuárias do setor leiteiro, no âmbito do Crédito de Investimento para Agregação de Renda (Pronaf Agroindústria) e do Programa de Capitalização de Cooperativas Agropecuárias (Procap-Agro).",MF,52201,Resolução CMN,5110,0,"de capital de giro destinado a cooperativas agropecuárias do setor leiteiro, no âmbito do Crédito de Investimento para Agregação de Renda (Pronaf  O texto vigente do MCR encontra-se  ",0,2023-12-21T21:00:00Z,21/12/2023 18:00,189
Instrução Normativa BCB N° 444,21/12/2023 13:31,"Altera a Instrução Normativa BCB nº 33, de 29 de outubro de 2020, que estabelece os procedimentos para a remessa do Documento 5050 (DRO – Demonstrativo de Risco Operacional) de que trata a Circular nº 3.979, de 30 de janeiro de 2020.
",DESIG,52199,Instrução Normativa BCB,444,0,"do Departamento de
Supervisão de Cooperativas e de Instituições não Bancárias (Desuc) e do  da
Resolução BCB nº 229, de 12 de maio de 2022, e de crédito imobiliário
residencial  ",0,2023-12-21T16:31:00Z,21/12/2023 13:31,190
Comunicado N° 41.051,21/12/2023 10:09,Divulga nome aprovado de pessoas eleitas/nomeadas para cargos de órgãos estatutários ou contratuais de sociedades autorizadas a funcionar pelo Banco Central do Brasil.,DEORF,131407,Comunicado,41051,0,"Instituição Cooperativa de Crédito, Poupança e Investimento União - Sicredi União RS/ES  Instituição Cooperativa de Crédito dos Magistrados do Estado do Rio de Janeiro Ltda  ",0,2023-12-21T13:09:29Z,21/12/2023 10:09,191
Instrução Normativa BCB N° 442,20/12/2023 15:05,"Altera as Instruções Normativas BCB ns. 268, 270, 271, 273 e 275, todas de 1º de abril de 2022, e a Instrução Normativa BCB nº 315, de 27 de outubro de 2022, para criar rubricas contábeis do elenco de contas do Padrão Contábil das Instituições Reguladas pelo Banco Central do Brasil (Cosif) para registro de direitos creditórios oriundos de processos judiciais, bem como para linhas financeiras de liquidez.",DENOR,52197,Instrução Normativa BCB,442,0,"Altera as Instruções Normativas BCB ns. 268, 270, 271, 273 e 275, todas de 1º de abril de 2022, e a Instrução Normativa BCB nº 315, de 27 de outubro de 2022, para criar rubricas  ",0,2023-12-20T18:05:00Z,20/12/2023 15:05,192
Comunicado N° 41.033,18/12/2023 09:37,"
Divulga nome aprovado de pessoas eleitas/nomeadas para cargos de órgãos estatutários ou contratuais de sociedades autorizadas a funcionar pelo Banco Central do Brasil.",DEORF,131389,Comunicado,41033,0,Instituição Cooperativa de Crédito de Livre Admissão de Belo Horizonte e Cidades Polo do  Instituição Rapidium Sociedade de Crédito ao Microempreendedor e à Empresa de Pequeno  ,0,2023-12-18T12:37:41Z,18/12/2023 09:37,193
Comunicado N° 41.014,12/12/2023 14:54,"Comunica a liberação de funcionalidade para consulta às informações do Sistema de Controle de Remessa de Documentos (CRD), via WebService.",DESIG,131367,Comunicado,41014,0,"consultar as informações das cooperativas filiadas; e
 IV - As confederações de crédito podem consultar as informações das centrais e das cooperativas filiadas  ",0,2023-12-12T17:54:57Z,12/12/2023 14:54,194
Comunicado N° 41.011,12/12/2023 09:21,Divulga nome aprovado de pessoas eleitas/nomeadas para cargos de órgãos estatutários ou contratuais de sociedades autorizadas a funcionar pelo Banco Central do Brasil.,DEORF,131365,Comunicado,41011,0,Instituição Cooperativa de Crédito dos Metalúrgicos do ABC - CredABC (CNPJ 05.740.092  Instituição Cooperativa de Crédito Sicoob Engecred Ltda. (CNPJ 04.388.688  ,0,2023-12-12T12:21:15Z,12/12/2023 09:21,195
Comunicado N° 41.007,11/12/2023 08:48,Divulga nome aprovado de pessoas eleitas/nomeadas para cargos de órgãos estatutários ou contratuais de sociedades autorizadas a funcionar pelo Banco Central do Brasil.,DEORF,131362,Comunicado,41007,0,Instituição Cooperativa de Crédito CredSãoPaulo - Sicoob CredSãoPaulo (CNPJ 02.197.569  Instituição Sicoob Unisp - Cooperativa de Crédito (CNPJ 74.220.948  ,0,2023-12-11T11:48:59Z,11/12/2023 08:48,196
Comunicado N° 41.002,8/12/2023 10:37,Divulga nome aprovado de pessoas eleitas/nomeadas para cargos de órgãos estatutários ou contratuais de sociedades autorizadas a funcionar pelo Banco Central do Brasil.,DEORF,131357,Comunicado,41002,0,Instituição Sicoob Crediconsumo - Cooperativa de Crédito (CNPJ 47.074.323  Instituição Cooperativa de Crédito Sicoob Primavera - Sicoob Primavera (CNPJ 05.241.619  ,0,2023-12-08T13:37:23Z,8/12/2023 10:37,197
Comunicado N° 40.996,7/12/2023 09:27,Divulga nome aprovado de pessoas eleitas/nomeadas para cargos de órgãos estatutários ou contratuais de sociedades autorizadas a funcionar pelo Banco Central do Brasil.,DEORF,131349,Comunicado,40996,0,Divulga nome aprovado de pessoas eleitas/nomeadas para cargos de órgãos estatutários ou  Instituição Cooperativa de Crédito CooperMais - Sicoob CooperMais (CNPJ 31.804.966  ,0,2023-12-07T12:27:52Z,7/12/2023 09:27,198
Comunicado N° 40.987,5/12/2023 09:40,Divulga nome aprovado de pessoas eleitas/nomeadas para cargos de órgãos estatutários ou contratuais de sociedades autorizadas a funcionar pelo Banco Central do Brasil.,DEORF,131335,Comunicado,40987,0,Instituição Cooperativa de Economia e Crédito de Livre Admissão dos Empregados dos  Instituição Ser Finance Sociedade de Crédito Direto S.A. (CNPJ 47.873.449  ,0,2023-12-05T12:40:52Z,5/12/2023 09:40,199
Comunicado N° 40.984,4/12/2023 17:13,Divulga nome aprovado de pessoas eleitas/nomeadas para cargos de órgãos estatutários ou contratuais de sociedades autorizadas a funcionar pelo Banco Central do Brasil.,DEORF,131332,Comunicado,40984,0,Instituição Cooperativa de Crédito Unicred Ampla Ltda - Unicred Ampla (CNPJ 71.163.315  Instituição Cooperativa de Economia e Crédito Mútuo dos Membros do Ministério Público de  ,0,2023-12-04T20:13:40Z,4/12/2023 17:13,200
Instrução Normativa BCB N° 433,1/12/2023 21:22,"Define as rubricas contábeis do grupo Compensação Passiva do elenco de contas do Padrão Contábil das Instituições Reguladas pelo Banco Central do Brasil (Cosif) para utilização pelas instituições financeiras e demais instituições autorizadas a funcionar pelo Banco Central do Brasil.
",DENOR,52182,Instrução Normativa BCB,433,0,"00-0
INSTRUMENTOS FINANCEIROS RISCO DE CRÉDITO, segregado nas rubricas definidas no
Anexo  beneficiários, o valor
  das cartas de crédito de exportação confirmadas, no País, pela  ",0,2023-12-02T00:22:00Z,1/12/2023 21:22,201
Instrução Normativa BCB N° 432,1/12/2023 21:06,Define as rubricas contábeis do grupo Resultado Devedor do elenco de contas do Padrão Contábil das Instituições Reguladas pelo Banco Central do Brasil (Cosif) para utilização pelas instituições financeiras e demais instituições autorizadas a funcionar pelo Banco Central do Brasil.,DENOR,52181,Instrução Normativa BCB,432,0,Define as rubricas contábeis do grupo Resultado Devedor do elenco de contas do Padrão Contábil das Instituições Reguladas pelo Banco Central do Brasil (Cosif) para utilização  ,0,2023-12-02T00:06:00Z,1/12/2023 21:06,202
Instrução Normativa BCB N° 431,1/12/2023 20:43,"Define as rubricas contábeis do grupo Resultado Credor do elenco de contas do Padrão Contábil das Instituições Reguladas pelo Banco Central do Brasil (Cosif) para utilização pelas instituições financeiras e demais instituições autorizadas a funcionar pelo Banco Central do Brasil.
",DENOR,52180,Instrução Normativa BCB,431,0,"-3
   
  
  Rendas
  de Operações de Crédito
   
   
  
  -
   
   
  
 
  
  7.1.1.03.00  a fim de identificar
  as rendas sobre cada um dos fundos, programas ou linhas de crédito  ",0,2023-12-01T23:43:00Z,1/12/2023 20:43,203
Instrução Normativa BCB N° 430,1/12/2023 20:35,"Define as rubricas contábeis do grupo Patrimônio Líquido do elenco de contas do Padrão Contábil das Instituições Reguladas pelo Banco Central do Brasil (Cosif) para utilização pelas instituições financeiras e demais instituições autorizadas a funcionar pelo Banco Central do Brasil.
",DENOR,52179,Instrução Normativa BCB,430,0,Define as rubricas contábeis do grupo Patrimônio Líquido do elenco de contas do Padrão Contábil das Instituições Reguladas pelo Banco Central do Brasil (Cosif) para utilização  ,0,2023-12-01T23:35:00Z,1/12/2023 20:35,204
Instrução Normativa BCB N° 429,1/12/2023 20:28,"Define as rubricas contábeis do grupo Passivo Exigível do elenco de contas do Padrão Contábil das Instituições Reguladas pelo Banco Central do Brasil (Cosif) para utilização pelas instituições financeiras e demais instituições autorizadas a funcionar pelo Banco Central do Brasil.
",DENOR,52178,Instrução Normativa BCB,429,0,1.90.40.00-5 Devoluções em Operações de Crédito - PN UBDKIFJA CTSWRL MNZ -  4.1.1.90.50.00-2 Devoluções em Operações de Crédito - PJ UBDKIFJA CTSWRL MNZ -  4.1.1.90.99.00  ,0,2023-12-01T23:28:00Z,1/12/2023 20:28,205
Instrução Normativa BCB N° 428,1/12/2023 20:13,"Define as rubricas contábeis do grupo Compensação Ativa do elenco de contas do Padrão Contábil das Instituições Reguladas pelo Banco Central do Brasil (Cosif) para utilização pelas instituições financeiras e demais instituições autorizadas a funcionar pelo Banco Central do Brasil.
",DENOR,52177,Instrução Normativa BCB,428,0,"Define as rubricas contábeis do grupo Compensação Ativa do elenco de contas do Padrão  00-6 INSTRUMENTOS FINANCEIROS RISCO DE CRÉDITO, segregado nas rubricas definidas no Anexo  ",0,2023-12-01T23:13:00Z,1/12/2023 20:13,206
Instrução Normativa BCB N° 426,1/12/2023 19:06,"Define as rubricas contábeis do grupo Ativo Realizável do elenco de contas do Padrão Contábil das Instituições Reguladas pelo Banco Central do Brasil (Cosif) para utilização pelas instituições financeiras e demais instituições autorizadas a funcionar pelo Banco Central do Brasil.
",DENOR,52175,Instrução Normativa BCB,426,0,"  ANEXOS DA INSTRUÇÃO NORMATIVA BCB Nº 426, DE 1º DE DEZEMBRO DE 2023 Anexo I Relação de Rubricas Contábeis do Subgrupo 1.1.0.00.00.00-2 DISPONIBILIDADES Código da Conta Nome da  ",0,2023-12-01T22:06:00Z,1/12/2023 19:06,207
Comunicado N° 40.978,1/12/2023 08:19,Divulga nome aprovado de pessoas eleitas/nomeadas para cargos de órgãos estatutários ou contratuais de sociedades autorizadas a funcionar pelo Banco Central do Brasil.,DEORF,131328,Comunicado,40978,0,Instituição Cooperativa de Crédito de Livre Admissão de Associados Vale do Rio do Peixe  Instituição Cooperativa de Economia e Crédito Mútuo do Vale das Antas Ltda. - Unicred  ,0,2023-12-01T11:19:32Z,1/12/2023 08:19,208
Comunicado N° 40.972,30/11/2023 11:36,Divulga nome aprovado de pessoas eleitas/nomeadas para cargos de órgãos estatutários ou contratuais de sociedades autorizadas a funcionar pelo Banco Central do Brasil.,DEORF,131323,Comunicado,40972,0,Instituição Cooperativa de Crédito e Economia com Interação Solidária - Cresol Mais (CNPJ  Instituição Cooperativa Central de Crédito Unicred Central Coalizão Ltda - Unicred Central  ,0,2023-11-30T14:36:55Z,30/11/2023 11:36,209
Comunicado N° 40.963,29/11/2023 09:25,Divulga nome aprovado de pessoas eleitas/nomeadas para cargos de órgãos estatutários ou contratuais de sociedades autorizadas a funcionar pelo Banco Central do Brasil.,DEORF,131316,Comunicado,40963,0,Divulga nome aprovado de pessoas eleitas/nomeadas para cargos de órgãos estatutários ou  Instituição Cooperativa de Crédito de Livre Admissão de Associados do Sul do Brasil  ,0,2023-11-29T12:25:43Z,29/11/2023 09:25,210
Instrução Normativa BCB N° 423,24/11/2023 18:49,"Altera as Instruções de preenchimento e o Leiaute do documento de código 2030 - Documento de Risco Social, Ambiental e Climático (DRSAC), de que trata a Instrução Normativa BCB nº 222, de 28 de dezembro de 2021.
",DESIG,52166,Instrução Normativa BCB,423,0,"III - pelos bancos
cooperativos, pelas confederações de crédito, pelas  de serviço
constituídas por cooperativas centrais de crédito ou pelas cooperativas
centrais de crédito, em  ",0,2023-11-24T21:49:00Z,24/11/2023 18:49,211
Comunicado N° 40.946,24/11/2023 10:50,Divulga nome aprovado de pessoas eleitas/nomeadas para cargos de órgãos estatutários ou contratuais de sociedades autorizadas a funcionar pelo Banco Central do Brasil.,DEORF,131301,Comunicado,40946,0,Divulga nome aprovado de pessoas eleitas/nomeadas para cargos de órgãos estatutários ou  Instituição Cooperativa de Economia e Crédito Mútuo dos Empregados de Furnas e das demais  ,0,2023-11-24T13:50:01Z,24/11/2023 10:50,212
Resolução BCB N° 352,23/11/2023 18:00,"Dispõe sobre os conceitos e os critérios contábeis aplicáveis a instrumentos financeiros, bem como para a designação e o reconhecimento das relações de proteção (contabilidade de hedge) pelas sociedades corretoras de títulos e valores mobiliários, pelas sociedades distribuidoras de títulos e valores mobiliários, pelas sociedades corretoras de câmbio, pelas administradoras de consórcio e pelas instituições de pagamento autorizadas a funcionar pelo Banco Central do Brasil e sobre os procedimentos contábeis para a definição de fluxos de caixas de ativo financeiro como somente pagamento de principal e juros, a aplicação da metodologia para apuração da taxa de juros efetiva de instrumentos financeiros, a constituição de provisão para perdas associadas ao risco de crédito e a evidenciação de informações relativas a instrumentos financeiros em notas explicativas a serem observados pelas instituições financeiras e demais instituições autorizadas a funcionar pelo Banco Central do Brasil.",DINOR,52163,Resolução BCB,352,0,"para perdas associadas ao risco de crédito e a evidenciação de informações relativas a  3. compromissos de
crédito e créditos a liberar  ",0,2023-11-23T21:00:00Z,23/11/2023 18:00,213
Resolução BCB N° 353,23/11/2023 18:00,"Altera a Resolução BCB nº 151, de 6 de outubro de 2021, que dispõe sobre a remessa de informações relativas aos riscos social, ambiental e climático de que tratam a Resolução nº 4.557, de 23 de fevereiro de 2017, e a Resolução CMN nº 4.945, de 15 de setembro de 2021. ","DIFIS, DINOR",52164,Resolução BCB,353,0,"III - pelos bancos
cooperativos, pelas confederações de crédito, pelas  de serviço
constituídas por cooperativas centrais de crédito ou pelas cooperativas
centrais de crédito, em  ",0,2023-11-23T21:00:00Z,23/11/2023 18:00,214
Comunicado N° 40.939,23/11/2023 09:25,Divulga nome aprovado de pessoas eleitas/nomeadas para cargos de órgãos estatutários ou contratuais de sociedades autorizadas a funcionar pelo Banco Central do Brasil.,DEORF,131293,Comunicado,40939,0,Instituição Cooperativa de Crédito de Livre Admissão do Centro-Norte Brasileiro (CNPJ  Instituição Cooperativa de Crédito de Livre Admissão do Oeste Maranhense - Sicoob Oeste  ,0,2023-11-23T12:25:52Z,23/11/2023 09:25,215
Comunicado N° 40.928,21/11/2023 09:53,Divulga nome aprovado de pessoas eleitas/nomeadas para cargos de órgãos estatutários ou contratuais de sociedades autorizadas a funcionar pelo Banco Central do Brasil.,DEORF,131282,Comunicado,40928,0,Divulga nome aprovado de pessoas eleitas/nomeadas para cargos de órgãos estatutários ou  Instituição Cooperativa de Crédito da Foz do Rio Itajaí-Açu - Credifoz (CNPJ 09.512.539  ,0,2023-11-21T12:53:16Z,21/11/2023 09:53,216
Comunicado N° 40.923,20/11/2023 11:10,Divulga nome aprovado de pessoas eleitas/nomeadas para cargos de órgãos estatutários ou contratuais de sociedades autorizadas a funcionar pelo Banco Central do Brasil.,DEORF,131277,Comunicado,40923,0,Divulga nome aprovado de pessoas eleitas/nomeadas para cargos de órgãos estatutários ou  Instituição Cooperativa de Crédito dos Médicos e Profissionais de Saúde de São Luís  ,0,2023-11-20T14:10:58Z,20/11/2023 11:10,217
Comunicado N° 40.917,17/11/2023 08:34,Divulga nome aprovado de pessoas eleitas/nomeadas para cargos de órgãos estatutários ou contratuais de sociedades autorizadas a funcionar pelo Banco Central do Brasil.,DEORF,131271,Comunicado,40917,0,Divulga nome aprovado de pessoas eleitas/nomeadas para cargos de órgãos estatutários ou  Instituição Cooperativa de Crédito dos Empregados de Elevadores Atlas (CNPJ 43.730.498  ,0,2023-11-17T11:34:28Z,17/11/2023 08:34,218
Comunicado N° 40.913,16/11/2023 11:54,Divulga nome aprovado de pessoas eleitas/nomeadas para cargos de órgãos estatutários ou contratuais de sociedades autorizadas a funcionar pelo Banco Central do Brasil.,DEORF,131267,Comunicado,40913,0,Divulga nome aprovado de pessoas eleitas/nomeadas para cargos de órgãos  Instituição Central das Cooperativas de Economia e Crédito do Estado de Minas Gerais Ltda. - Sicoob  ,0,2023-11-16T14:54:48Z,16/11/2023 11:54,219
Comunicado N° 40.908,14/11/2023 11:24,Divulga nome aprovado de pessoas eleitas/nomeadas para cargos de órgãos estatutários ou contratuais de sociedades autorizadas a funcionar pelo Banco Central do Brasil.,DEORF,131262,Comunicado,40908,0,"Instituição Cooperativa de Crédito, Poupança e Investimento Integração de Estados do Rio  Instituição Cooperativa de Crédito Sicredi Serrana RS/ES (CNPJ 90.608.712  ",0,2023-11-14T14:24:47Z,14/11/2023 11:24,220
Comunicado N° 40.901,13/11/2023 11:43,Divulga nome aprovado de pessoas eleitas/nomeadas para cargos de órgãos estatutários ou contratuais de sociedades autorizadas a funcionar pelo Banco Central do Brasil.,DEORF,131255,Comunicado,40901,0,Divulga nome aprovado de pessoas eleitas/nomeadas para cargos de órgãos estatutários ou  Instituição Cooperativa de Crédito dos Empregados da CBA Itapissuma e Empregados de  ,0,2023-11-13T14:43:41Z,13/11/2023 11:43,221
Comunicado N° 40.894,10/11/2023 08:14,Divulga nome aprovado de pessoas eleitas/nomeadas para cargos de órgãos estatutários ou contratuais de sociedades autorizadas a funcionar pelo Banco Central do Brasil.,DEORF,131248,Comunicado,40894,0,Instituição Cooperativa de Crédito CredSãoPaulo - Sicoob CredSãoPaulo (CNPJ 02.197.569  Instituição Cooperativa de Crédito do Vale do Itajaí e Litoral Catarinense - Sicredi Vale  ,0,2023-11-10T11:14:40Z,10/11/2023 08:14,222
Comunicado N° 40.888,9/11/2023 09:29,Divulga nome aprovado de pessoas eleitas/nomeadas para cargos de órgãos estatutários ou contratuais de sociedades autorizadas a funcionar pelo Banco Central do Brasil.,DEORF,131242,Comunicado,40888,0,"Instituição Cooperativa de Crédito,Poupança e Serviços Financeiros (CNPJ 05.491.616  Instituição Cooperativa de Crédito e Investimento com Interação Solidária Integração  ",0,2023-11-09T12:29:28Z,9/11/2023 09:29,223
Comunicado N° 40.872,6/11/2023 09:38,Divulga nome aprovado de pessoas eleitas/nomeadas para cargos de órgãos estatutários ou contratuais de sociedades autorizadas a funcionar pelo Banco Central do Brasil.,DEORF,131226,Comunicado,40872,0,Instituição Cooperativa de Crédito e Investimento com Interação Solidária Nordeste  Instituição Cooperativa de Crédito Sicoob Primavera - Sicoob Primavera (CNPJ 05.241.619  ,0,2023-11-06T12:38:49Z,6/11/2023 09:38,224
Comunicado N° 40.868,3/11/2023 09:36,Divulga nome aprovado de pessoas eleitas/nomeadas para cargos de órgãos estatutários ou contratuais de sociedades autorizadas a funcionar pelo Banco Central do Brasil.,DEORF,131222,Comunicado,40868,0,Instituição Cooperativa de Crédito Sicoob 3 Colinas (CNPJ 04.013.172  Instituição Cooperativa de Crédito Sul do Espírito Santo - Sicoob Sul (CNPJ 32.467.086  ,0,2023-11-03T12:36:26Z,3/11/2023 09:36,225
Comunicado N° 40.855,31/10/2023 09:28,Divulga nome aprovado de pessoas eleitas/nomeadas para cargos de órgãos estatutários ou contratuais de sociedades autorizadas a funcionar pelo Banco Central do Brasil.,DEORF,131209,Comunicado,40855,0,Instituição Sicoob Unisp - Cooperativa de Crédito (CNPJ 74.220.948  Instituição Cooperativa de Crédito Rural de São Miguel do Oeste - Sulcredi/São Miguel  ,0,2023-10-31T12:28:48Z,31/10/2023 09:28,226
Comunicado N° 40.844,30/10/2023 10:15,Divulga nome aprovado de pessoas eleitas/nomeadas para cargos de órgãos estatutários ou contratuais de sociedades autorizadas a funcionar pelo Banco Central do Brasil.,DEORF,131198,Comunicado,40844,0,Divulga nome aprovado de pessoas eleitas/nomeadas para cargos de órgãos estatutários ou  Instituição Cooperativa de Crédito de Produtores Rurais e de Livre Admissão do Triângulo  ,0,2023-10-30T13:15:00Z,30/10/2023 10:15,227
Comunicado N° 40.838,27/10/2023 10:25,Divulga nome aprovado de pessoas eleitas/nomeadas para cargos de órgãos estatutários ou contratuais de sociedades autorizadas a funcionar pelo Banco Central do Brasil.,DEORF,131192,Comunicado,40838,0,Divulga nome aprovado de pessoas eleitas/nomeadas para cargos de órgãos estatutários ou  Instituição Cooperativa de Crédito e Investimento com Interação Solidária Missões  ,0,2023-10-27T13:25:20Z,27/10/2023 10:25,228
Comunicado N° 40.826,25/10/2023 09:28,Divulga nome aprovado de pessoas eleitas/nomeadas para cargos de órgãos estatutários ou contratuais de sociedades autorizadas a funcionar pelo Banco Central do Brasil.,DEORF,131180,Comunicado,40826,0,Divulga nome aprovado de pessoas eleitas/nomeadas para cargos de órgãos estatutários ou contratuais de  Instituição Cooperativa de Crédito no Piauí - Sicoob Piauí (CNPJ 05.477.038  ,0,2023-10-25T12:28:16Z,25/10/2023 09:28,229
Comunicado N° 40.820,24/10/2023 09:25,Divulga nome aprovado de pessoas eleitas/nomeadas para cargos de órgãos estatutários ou contratuais de sociedades autorizadas a funcionar pelo Banco Central do Brasil.,DEORF,131174,Comunicado,40820,0,"Instituição Cooperativa de Crédito - Sicoob Credmetal (CNPJ 03.535.065  Instituição Cooperativa de Crédito dos Magistrados, Servidores da Justiça do Estado de  ",0,2023-10-24T12:25:31Z,24/10/2023 09:25,230
Comunicado N° 40.815,23/10/2023 09:36,Divulga nome aprovado de pessoas eleitas/nomeadas para cargos de órgãos estatutários ou contratuais de sociedades autorizadas a funcionar pelo Banco Central do Brasil.,DEORF,131169,Comunicado,40815,0,Instituição Launch Pad Sociedade de Crédito Direto S.A. (CNPJ 45.220.646  Instituição Cooperativa de Economia e Crédito Mútuo dos Empregados da Tupy Minas Gerais  ,0,2023-10-23T12:36:09Z,23/10/2023 09:36,231
Comunicado N° 40.809,20/10/2023 09:54,Divulga nome aprovado de pessoas eleitas/nomeadas para cargos de órgãos estatutários ou contratuais de sociedades autorizadas a funcionar pelo Banco Central do Brasil.,DEORF,131163,Comunicado,40809,0,"Instituição Cooperativa de Crédito e Investimento com Interação Solidária de Goiás  Instituição Cooperativa de Crédito, Poupança e Investimento Vale do Piquiri ABCD - Sicredi  ",0,2023-10-20T12:54:35Z,20/10/2023 09:54,232
Comunicado N° 40.804,19/10/2023 10:02,Divulga nome aprovado de pessoas eleitas/nomeadas para cargos de órgãos estatutários ou contratuais de sociedades autorizadas a funcionar pelo Banco Central do Brasil.,DEORF,131158,Comunicado,40804,0,Instituição Cooperativa de Crédito Mútuo dos Profissionais da Saúde e Livre Admissão de  Instituição Cooperativa de Crédito de Livre Admissão de Carmo do Rio Claro Ltda. - Sicoob  ,0,2023-10-19T13:02:40Z,19/10/2023 10:02,233
Comunicado N° 40.799,18/10/2023 09:33,Divulga nome aprovado de pessoas eleitas/nomeadas para cargos de órgãos estatutários ou contratuais de sociedades autorizadas a funcionar pelo Banco Central do Brasil.,DEORF,131153,Comunicado,40799,0,Instituição Cooperativa de Economia e Crédito Mútuo dos Servidores da Fundação Hospitalar  Instituição Cooperativa Central de Crédito de Santa Catarina e Rio Grande do Sul - Sicoob  ,0,2023-10-18T12:33:05Z,18/10/2023 09:33,234
Comunicado N° 40.794,17/10/2023 09:37,Divulga nome aprovado de pessoas eleitas/nomeadas para cargos de órgãos estatutários ou contratuais de sociedades autorizadas a funcionar pelo Banco Central do Brasil.,DEORF,131148,Comunicado,40794,0,Instituição Cooperativa de Crédito da Região Central de Minas Ltda. - Sicoob União Central  Instituição Cooperativa de Crédito e Investimento com Interação Solidária Horizonte  ,0,2023-10-17T12:37:14Z,17/10/2023 09:37,235
Comunicado N° 40.789,16/10/2023 10:41,Divulga nome aprovado de pessoas eleitas/nomeadas para cargos de órgãos estatutários ou contratuais de sociedades autorizadas a funcionar pelo Banco Central do Brasil.,DEORF,131143,Comunicado,40789,0,"Instituição Cooperativa de Crédito, Poupança e Investimento Progresso - Sicredi Progresso  Instituição SF3 Crédito, Financiamento e Investimento S.A. (CNPJ 05.503.849  ",0,2023-10-16T13:41:12Z,16/10/2023 10:41,236
Comunicado N° 40.782,11/10/2023 15:47,Divulga nome aprovado de pessoas eleitas/nomeadas para cargos de órgãos estatutários ou contratuais de sociedades autorizadas a funcionar pelo Banco Central do Brasil.,DEORF,131136,Comunicado,40782,0,Instituição Cooperativa de Crédito dos Integrantes do Ministério Público e do Poder  Instituição Cooperativa de Crédito Sul-Serrana do Espírito Santo (CNPJ 00.815.319  ,0,2023-10-11T18:47:36Z,11/10/2023 15:47,237
Comunicado N° 40.775,10/10/2023 16:32,Divulga nome aprovado de pessoas eleitas/nomeadas para cargos de órgãos estatutários ou contratuais de sociedades autorizadas a funcionar pelo Banco Central do Brasil.,DEORF,131129,Comunicado,40775,0,Instituição Cooperativa de Crédito e Investimento com Interação Solidária Conexão - Cresol  Instituição Cooperativa de Crédito de Livre Admissão Sicoob Unimais Centro Leste Paulista  ,0,2023-10-10T19:32:04Z,10/10/2023 16:32,238
Comunicado N° 40.761,6/10/2023 08:27,Divulga nome aprovado de pessoas eleitas/nomeadas para cargos de órgãos estatutários ou contratuais de sociedades autorizadas a funcionar pelo Banco Central do Brasil.,DEORF,131115,Comunicado,40761,0,Instituição Cooperativa de Crédito Coopcred (CNPJ 53.623.781  Instituição Cooperativa de Crédito Conexão - Sicoob Conexão (CNPJ 32.430.233  ,0,2023-10-06T11:27:54Z,6/10/2023 08:27,239
Instrução Normativa BCB N° 413,5/10/2023 10:05,"Altera a Instrução Normativa BCB nº 85, de 10 de março de 2021, que estabelece os procedimentos para a remessa das informações relativas às apurações de limites e padrões regulamentares de que trata o art. 3º da Resolução BCB nº 69, de 10 de fevereiro de 2021.
",DESIG,52145,Instrução Normativa BCB,413,0,"de serviço
constituídas por cooperativas centrais de crédito ou pelas cooperativas
centrais de crédito, em base individual  ",0,2023-10-05T13:05:00Z,5/10/2023 10:05,240
Comunicado N° 40.756,5/10/2023 09:15,Divulga nome aprovado de pessoas eleitas/nomeadas para cargos de órgãos estatutários ou contratuais de sociedades autorizadas a funcionar pelo Banco Central do Brasil.,DEORF,131110,Comunicado,40756,0,"Instituição Cooperativa de Crédito, Poupança e Investimento Nossa Terra - Sicredi Nossa  Instituição Cooperativa de Crédito Sul-Litorânea do Espírito Santo (CNPJ 32.474.884  ",0,2023-10-05T12:15:15Z,5/10/2023 09:15,241
Comunicado N° 40.746,3/10/2023 09:30,Divulga nome aprovado de pessoas eleitas/nomeadas para cargos de órgãos estatutários ou contratuais de sociedades autorizadas a funcionar pelo Banco Central do Brasil.,DEORF,131100,Comunicado,40746,0,Instituição Cooperativa de Crédito Credplus Ltda. - Sicoob Credplus (CNPJ 25.536.764  Instituição Cooperativa de Crédito de Livre Admissão - Sicoob Crediacil (CNPJ 08.795.285  ,0,2023-10-03T12:30:27Z,3/10/2023 09:30,242
Comunicado N° 40.742,2/10/2023 12:51,Divulga nome aprovado de pessoas eleitas/nomeadas para cargos de órgãos estatutários ou contratuais de sociedades autorizadas a funcionar pelo Banco Central do Brasil.,DEORF,131096,Comunicado,40742,0,Instituição Cooperativa de Crédito de Livre Admissão do Estado de Goiás (CNPJ 04.406.371  Instituição Cooperativa de Crédito Rural dos Plantadores de Cana de Alagoas (CNPJ  ,0,2023-10-02T15:51:38Z,2/10/2023 12:51,243
Resolução CMN N° 5.104,28/9/2023 18:00, Ajusta normas aplicáveis às operações de crédito rural contratadas no âmbito do Fundo de Terras e da Reforma Agrária e do Programa Nacional de Fortalecimento da Agricultura Familiar (Pronaf). ,MF,52140,Resolução CMN,5104,0,"duas) operações contratadas nesta linha de
  crédito;
  c) o crédito para cooperativa deve observar o limite de R$60.000,00
  por  ",0,2023-09-28T21:00:00Z,28/9/2023 18:00,244
Comunicado N° 40.721,27/9/2023 09:18,Divulga nome aprovado de pessoas eleitas/nomeadas para cargos de órgãos estatutários ou contratuais de sociedades autorizadas a funcionar pelo Banco Central do Brasil.,DEORF,131075,Comunicado,40721,0,Divulga nome aprovado de pessoas eleitas/nomeadas para cargos de órgãos estatutários ou  Instituição Cooperativa de Crédito e Investimento com Interação Solidária do Vale Europeu  ,0,2023-09-27T12:18:57Z,27/9/2023 09:18,245
Resolução BCB N° 342,26/9/2023 18:00,"Altera o Regulamento anexo à Resolução BCB nº 1, de 12 de agosto de 2020, que disciplina o funcionamento do arranjo de pagamentos Pix, para dispor sobre a comunicação aos titulares da ocorrência de incidente de segurança com dados pessoais, e altera os Anexos I e II à Resolução BCB nº 177, de 22 de dezembro de 2021 (Manual de Penalidades do Pix), para dispor sobre o descumprimento de requisitos técnicos de segurança do Pix e sobre os critérios para aplicação de penalidades.",DIORF,52137,Resolução BCB,342,0,"Altera o Regulamento anexo à Resolução BCB nº 1, de 12 de agosto de 2020, que disciplina o funcionamento do arranjo de pagamentos Pix, para dispor sobre a comunicação aos  ",0,2023-09-26T21:00:00Z,26/9/2023 18:00,246
Instrução Normativa BCB N° 411,25/9/2023 15:51,"Consolida os procedimentos para a remessa de informações diárias ao Banco Central do Brasil referentes aos Certificados de Depósito Bancário (CDBs), Recibos de Depósito Bancário (RDBs) e depósitos de aviso prévio de emissão própria, de que trata o art. 2º, inciso IV, da Resolução BCB nº 208, de 22 de março de 2022.

",DSTAT,52136,Instrução Normativa BCB,411,0,"Brasil (Cosif);II -
pelos bancos cooperativos, confederações constituídas por cooperativas centrais
de crédito ou cooperativas centrais de crédito, contemplando  ",0,2023-09-25T18:51:00Z,25/9/2023 15:51,247
Comunicado N° 40.709,25/9/2023 09:33,Divulga nome aprovado de pessoas eleitas/nomeadas para cargos de órgãos estatutários ou contratuais de sociedades autorizadas a funcionar pelo Banco Central do Brasil.,DEORF,131063,Comunicado,40709,0,Instituição Cooperativa de Crédito e Economia com Interação Solidária de Aratiba - Cresol  Instituição Finsol Sociedade de Crédito ao Microempreendedor e à Empresa de Pequeno Porte  ,0,2023-09-25T12:33:00Z,25/9/2023 09:33,248
Comunicado N° 40.703,22/9/2023 08:24,Divulga nome aprovado de pessoas eleitas/nomeadas para cargos de órgãos estatutários ou contratuais de sociedades autorizadas a funcionar pelo Banco Central do Brasil.,DEORF,131057,Comunicado,40703,0,Instituição Credisis Jicred - Cooperativa de Crédito de Livre Admissão Jicred (CNPJ  Instituição Cooperativa de Crédito e Investimento do Sudoeste da Amazônia Ltda. - Sicoob  ,0,2023-09-22T11:24:00Z,22/9/2023 08:24,249
Resolução BCB N° 340,21/9/2023 18:00,Divulga o novo Regimento Interno do Banco Central do Brasil.,DIRAD,52134,Resolução BCB,340,0,"Divulga o novo Regimento Interno do Banco Central do Brasil  Resolução BCB nº 396/2024 - Alteração regulamento anexo - Nova redação: art  Publicada no DOU de 25/9/2023, Seção 1  ",0,2023-09-21T21:00:00Z,21/9/2023 18:00,250
Resolução BCB N° 341,21/9/2023 18:00,"Altera o Quadro I – Atos públicos de liberação com nível de risco III, constante do Anexo à Resolução BCB nº 317, de 27 de abril de 2023, que fixa prazos máximos para a decisão administrativa dos pedidos de atos públicos de liberação da atividade econômica requeridos ao Banco Central do Brasil.",DIORF,52135,Resolução BCB,341,0,"Altera o Quadro I – Atos públicos de liberação com nível de risco III, constante do Anexo à Resolução BCB nº 317, de 27 de abril de 2023, que fixa prazos máximos para a decisão  ",0,2023-09-21T21:00:00Z,21/9/2023 18:00,251
Comunicado N° 40.698,21/9/2023 09:32,Divulga nome aprovado de pessoas eleitas/nomeadas para cargos de órgãos estatutários ou contratuais de sociedades autorizadas a funcionar pelo Banco Central do Brasil.,DEORF,131052,Comunicado,40698,0,Instituição Cooperativa de Crédito e Investimento com Interação Solidária de Toledo e  Instituição Cooperativa de Crédito de Livre Admissão da Região Metropolitana de Goiânia  ,0,2023-09-21T12:32:06Z,21/9/2023 09:32,252
Comunicado N° 40.689,20/9/2023 09:36,Divulga nome aprovado de pessoas eleitas/nomeadas para cargos de órgãos estatutários ou contratuais de sociedades autorizadas a funcionar pelo Banco Central do Brasil.,DEORF,131043,Comunicado,40689,0,Instituição Cooperativa de Crédito de Livre Admissão do Centro-Sul Goiano Ltda. (CNPJ  Instituição BMP Sociedade de Crédito ao Microempreendedor e a Empresa de Pequeno Porte  ,0,2023-09-20T12:36:46Z,20/9/2023 09:36,253
Comunicado N° 40.685,19/9/2023 09:25,Divulga nome aprovado de pessoas eleitas/nomeadas para cargos de órgãos estatutários ou contratuais de sociedades autorizadas a funcionar pelo Banco Central do Brasil.,DEORF,131039,Comunicado,40685,0,Divulga nome aprovado de pessoas eleitas/nomeadas para cargos de órgãos estatutários ou  Instituição Cooperativa de Economia e Crédito Mútuo dos Servidores da Fundação Hospitalar  ,0,2023-09-19T12:25:53Z,19/9/2023 09:25,254
Comunicado N° 40.681,18/9/2023 12:34,Divulga nome aprovado de pessoas eleitas/nomeadas para cargos de órgãos estatutários ou contratuais de sociedades autorizadas a funcionar pelo Banco Central do Brasil.,DEORF,131035,Comunicado,40681,0,Instituição Cooperativa de Crédito Mútuo dos Servidores da Segurança Pública de São Paulo  Instituição Cooperativa de Crédito dos Empresários de Manaus - Sicoob Credempresas AM  ,0,2023-09-18T15:34:04Z,18/9/2023 12:34,255
Comunicado N° 40.673,15/9/2023 10:37,Divulga nome aprovado de pessoas eleitas/nomeadas para cargos de órgãos estatutários ou contratuais de sociedades autorizadas a funcionar pelo Banco Central do Brasil.,DEORF,131027,Comunicado,40673,0,Instituição Cooperativa de Crédito Credisudeste Ltda. - Sicoob Credisudeste (CNPJ  Instituição Cooperativa de Crédito CooperMais - Sicoob CooperMais (CNPJ 31.804.966  ,0,2023-09-15T13:37:56Z,15/9/2023 10:37,256
Comunicado N° 40.667,14/9/2023 09:28,Divulga nome aprovado de pessoas eleitas/nomeadas para cargos de órgãos estatutários ou contratuais de sociedades autorizadas a funcionar pelo Banco Central do Brasil.,DEORF,131021,Comunicado,40667,0,Data do despacho 1º.9.2023  Instituição Cooperativa de Economia e Crédito Mútuo dos Funcionários da Educação e  Instituição A55 Sociedade de Crédito Direto S.A. (CNPJ 48.756.121  ,0,2023-09-14T12:28:37Z,14/9/2023 09:28,257
Comunicado N° 40.659,13/9/2023 09:40,Divulga nome aprovado de pessoas eleitas/nomeadas para cargos de órgãos estatutários ou contratuais de sociedades autorizadas a funcionar pelo Banco Central do Brasil.,DEORF,131013,Comunicado,40659,0,"Instituição Cooperativa de Crédito de Livre Admissão do Centro-Sul Goiano Ltda. (CNPJ  Instituição Cooperativa de Crédito, Poupança e Investimento Univales - Sicredi Univales MT  ",0,2023-09-13T12:40:05Z,13/9/2023 09:40,258
Comunicado N° 40.653,12/9/2023 10:12,Divulga nome aprovado de pessoas eleitas/nomeadas para cargos de órgãos estatutários ou contratuais de sociedades autorizadas a funcionar pelo Banco Central do Brasil.,DEORF,131007,Comunicado,40653,0,Instituição Cooperativa de Crédito Mútuo dos Profissionais da Saúde e Livre Admissão de  Instituição Cooperativa de Crédito Clássica do Estado do Rio de Janeiro - Sicoob Empresas  ,0,2023-09-12T13:12:39Z,12/9/2023 10:12,259
Comunicado N° 40.642,8/9/2023 09:56,Divulga nome aprovado de pessoas eleitas/nomeadas para cargos de órgãos estatutários ou contratuais de sociedades autorizadas a funcionar pelo Banco Central do Brasil.,DEORF,130996,Comunicado,40642,0,"Instituição Cooperativa de Crédito de Livre Admissão de Associados Urubici - Sicoob  Instituição Cooperativa de Crédito dos Funcionários da Perpart, do IPA e da Adagro  ",0,2023-09-08T12:56:46Z,8/9/2023 09:56,260
Comunicado N° 40.637,6/9/2023 08:19,Divulga nome aprovado de pessoas eleitas/nomeadas para cargos de órgãos estatutários ou contratuais de sociedades autorizadas a funcionar pelo Banco Central do Brasil.,DEORF,130991,Comunicado,40637,0,Instituição Cooperativa de Crédito de Livre Admissão e dos Advogados Ltda - Sicoob  Instituição Cooperativa de Crédito de Livre Admissão do Estado de São Paulo - Sicoob  ,0,2023-09-06T11:19:49Z,6/9/2023 08:19,261
Ato de Diretor N° 687,5/9/2023 15:51,"Dispensa e designa servidor para compor Comissão de Inquérito.

",SECRE,130987,Ato de Diretor,687,0,"Dispensa e designa servidor para compor Comissão de  -1, da Comissão de Inquérito instaurada na COOPERATIVA DE ECONOMIA E CRÉDITO MÚTUO DOS SERVIDORES DA ADMINISTRAÇÃO PÚBLICA  ",0,2023-09-05T18:51:53Z,5/9/2023 15:51,262
Comunicado N° 40.633,5/9/2023 15:35,"Prorroga o prazo para conclusão de inquérito.
",DERAD,130986,Comunicado,40633,0,Prorroga o prazo para conclusão de inquérito  para conclusão do inquérito instaurado na COOPERATIVA DE ECONOMIA E CRÉDITO MÚTUO DOS SERVIDORES DA ADMINISTRAÇÃO PÚBLICA  ,0,2023-09-05T18:35:32Z,5/9/2023 15:35,263
Comunicado N° 40.628,5/9/2023 09:30,Divulga nome aprovado de pessoas eleitas/nomeadas para cargos de órgãos estatutários ou contratuais de sociedades autorizadas a funcionar pelo Banco Central do Brasil.,DEORF,130981,Comunicado,40628,0,"Instituição Cooperativa de Crédito de Livre Admissão Centro Oeste Ltda. (CNPJ 07.502.031  Instituição Cooperativa de Crédito, Poupança e Investimento do Sul do Estado de Santa  ",0,2023-09-05T12:30:57Z,5/9/2023 09:30,264
Comunicado N° 40.623,4/9/2023 09:56,Divulga nome aprovado de pessoas eleitas/nomeadas para cargos de órgãos estatutários ou contratuais de sociedades autorizadas a funcionar pelo Banco Central do Brasil.,DEORF,130976,Comunicado,40623,0,Instituição Cooperativa de Economia e Crédito Mútuo dos Funcionários da Nestlé - Credi  Instituição Cooperativa de Crédito e Serviços Financeiros de Curitiba e Região  ,0,2023-09-04T12:56:11Z,4/9/2023 09:56,265
Comunicado N° 40.615,1/9/2023 09:49,Divulga nome aprovado de pessoas eleitas/nomeadas para cargos de órgãos estatutários ou contratuais de sociedades autorizadas a funcionar pelo Banco Central do Brasil.,DEORF,130968,Comunicado,40615,0,Instituição Cooperativa de Crédito de Livre Admissão de Jataí e Região Ltda. (CNPJ  Instituição Cooperativa de Crédito de Livre Admissão do Norte de Mato Grosso - Sicoob  ,0,2023-09-01T12:49:13Z,1/9/2023 09:49,266
Comunicado N° 40.609,31/8/2023 09:28,Divulga nome aprovado de pessoas eleitas/nomeadas para cargos de órgãos estatutários ou contratuais de sociedades autorizadas a funcionar pelo Banco Central do Brasil.,DEORF,130962,Comunicado,40609,0,"Instituição Cooperativa de Crédito de Livre Admissão de Rubiataba e Região Ltda. (CNPJ  Instituição Cooperativa de Crédito, Poupança e Investimento Noroeste RS/MG - Sicredi  ",0,2023-08-31T12:28:16Z,31/8/2023 09:28,267
Comunicado N° 40.602,30/8/2023 09:34,Divulga nome aprovado de pessoas eleitas/nomeadas para cargos de órgãos estatutários ou contratuais de sociedades autorizadas a funcionar pelo Banco Central do Brasil.,DEORF,130955,Comunicado,40602,0,Instituição Cooperativa de Economia e Crédito Mútuo dos Bancários de Sorocaba e Região  Instituição Nossa Terra Cooperativa de Crédito dos Empregados das Empresas de Agronegócio  ,0,2023-08-30T12:34:08Z,30/8/2023 09:34,268
Comunicado N° 40.598,29/8/2023 16:03,Divulga nome aprovado de pessoas eleitas/nomeadas para cargos de órgãos estatutários ou contratuais de sociedades autorizadas a funcionar pelo Banco Central do Brasil.,DEORF,130951,Comunicado,40598,0,Instituição Cooperativa de Crédito de Livre Admissão de Rubiataba e Região Ltda. (CNPJ  Instituição Cooperativa de Crédito Sicredi Alto Sertão Paraibano - Sicredi Alto Sertão  ,0,2023-08-29T19:03:49Z,29/8/2023 16:03,269
Comunicado N° 40.585,25/8/2023 10:40,Divulga nome aprovado de pessoas eleitas/nomeadas para cargos de órgãos estatutários ou contratuais de sociedades autorizadas a funcionar pelo Banco Central do Brasil.,DEORF,130938,Comunicado,40585,0,"Instituição Cooperativa de Crédito Sul - Sicoob Sul (CNPJ 05.888.589  Instituição Cooperativa de Crédito, Poupança e Investimento Essência RS/ES - Sicredi  ",0,2023-08-25T13:40:36Z,25/8/2023 10:40,270
Resolução CMN N° 5.102,24/8/2023 18:05, Ajusta normas do Manual de Crédito Rural (MCR). ,DINOR,52128,Resolução CMN,5102,0,"na hipótese de o beneficiário do crédito
comprovar que o imóvel rural onde se situa o  Agricultura Familiar (Pronaf) ou de suas cooperativas,
respeitado o disposto na alínea &quot;a  ",0,2023-08-24T21:05:00Z,24/8/2023 18:05,271
Comunicado N° 40.578,24/8/2023 09:58,Divulga nome aprovado de pessoas eleitas/nomeadas para cargos de órgãos estatutários ou contratuais de sociedades autorizadas a funcionar pelo Banco Central do Brasil.,DEORF,130931,Comunicado,40578,0,"Instituição Cooperativa de Crédito, Poupança e Investimento Univales - Sicredi Univales MT  Instituição Cooperativa de Crédito Noroeste de Minas Ltda. - Sicoob Noroeste de Minas  ",0,2023-08-24T12:58:36Z,24/8/2023 09:58,272
Comunicado N° 40.571,23/8/2023 09:40,Divulga nome aprovado de pessoas eleitas/nomeadas para cargos de órgãos estatutários ou contratuais de sociedades autorizadas a funcionar pelo Banco Central do Brasil.,DEORF,130924,Comunicado,40571,0,Instituição Cooperativa de Crédito de Livre Admissão da Margem Esquerda do Urucuia e São  Instituição Cooperativa de Crédito Rural de Pequenos Agricultores e da Reforma Agrária do  ,0,2023-08-23T12:40:03Z,23/8/2023 09:40,273
Comunicado N° 40.565,22/8/2023 09:20,Divulga nome aprovado de pessoas eleitas/nomeadas para cargos de órgãos estatutários ou contratuais de sociedades autorizadas a funcionar pelo Banco Central do Brasil.,DEORF,130918,Comunicado,40565,0,Instituição Cooperativa de Crédito de Rio Rufino - Sicoob Crediunião (CNPJ 02.448.839  Instituição Cooperativa de Crédito dos Magistrados do Estado do Rio de Janeiro Ltda  ,0,2023-08-22T12:20:05Z,22/8/2023 09:20,274
Comunicado N° 40.551,18/8/2023 08:38,Divulga nome aprovado de pessoas eleitas/nomeadas para cargos de órgãos estatutários ou contratuais de sociedades autorizadas a funcionar pelo Banco Central do Brasil.,DEORF,130904,Comunicado,40551,0,Instituição Cooperativa de Crédito e Investimento com Interação Solidária Tradição  Instituição Cooperativa de Crédito de Livre Admissão do Brasil Central Ltda. - Sicoob  ,0,2023-08-18T11:38:23Z,18/8/2023 08:38,275
Comunicado N° 40.543,17/8/2023 09:17,Divulga nome aprovado de pessoas eleitas/nomeadas para cargos de órgãos estatutários ou contratuais de sociedades autorizadas a funcionar pelo Banco Central do Brasil.,DEORF,130896,Comunicado,40543,0,Instituição Cooperativa de Crédito de Livre Admissão de Piracanjuba Ltda. - Sicoob Cerrado  Instituição Cooperativa de Economia e Crédito Mútuo dos Funcionários da GKN do Brasil Ltda  ,0,2023-08-17T12:17:40Z,17/8/2023 09:17,276
Resolução BCB N° 335,16/8/2023 18:01,Constitui o Grupo de Trabalho (GT) para coordenar o Acordo de Cooperação Técnica celebrado entre o Banco Central do Brasil e a Confederação Brasileira das Cooperativas de Crédito (Confebras).,"DIRAD, DIFIS, DINOR, DIORF",52116,Resolução BCB,335,0,"Brasil e a Confederação Brasileira das Cooperativas de
Crédito (Confebras) e estabelece os procedimentos de  ",0,2023-08-16T21:01:00Z,16/8/2023 18:01,277
Comunicado N° 40.539,16/8/2023 09:20,Divulga nome aprovado de pessoas eleitas/nomeadas para cargos de órgãos estatutários ou contratuais de sociedades autorizadas a funcionar pelo Banco Central do Brasil.,DEORF,130892,Comunicado,40539,0,Instituição Cooperativa de Crédito dos Funcionários do Grupo PPG (CNPJ 03.657.230  Instituição Cooperativa de Crédito e Investimento com Interação Solidária Raiz - Cresol  ,0,2023-08-16T12:20:19Z,16/8/2023 09:20,278
Comunicado N° 40.533,15/8/2023 09:15,Divulga nome aprovado de pessoas eleitas/nomeadas para cargos de órgãos estatutários ou contratuais de sociedades autorizadas a funcionar pelo Banco Central do Brasil.,DEORF,130886,Comunicado,40533,0,"Instituição Cooperativa de Crédito dos Servidores Públicos Municipais de Timóteo Ltda  Instituição Cooperativa de Crédito, Poupança e Investimento do Noroeste do Estado de São  ",0,2023-08-15T12:15:09Z,15/8/2023 09:15,279
Comunicado N° 40.527,14/8/2023 09:38,Divulga nome aprovado de pessoas eleitas/nomeadas para cargos de órgãos estatutários ou contratuais de sociedades autorizadas a funcionar pelo Banco Central do Brasil.,DEORF,130880,Comunicado,40527,0,Instituição Cooperativa de Crédito de Livre Admissão de Arcos Ltda. - Sicoob Arcomcredi  Instituição Cooperativa de Economia e Crédito Mútuo dos Servidores da Justiça do Estado de  ,0,2023-08-14T12:38:51Z,14/8/2023 09:38,280
Comunicado N° 40.522,11/8/2023 08:24,Divulga nome aprovado de pessoas eleitas/nomeadas para cargos de órgãos estatutários ou contratuais de sociedades autorizadas a funcionar pelo Banco Central do Brasil.,DEORF,130875,Comunicado,40522,0,Instituição Cooperativa de Economia e Crédito Mútuo dos Médicos de Porto Alegre Ltda  Instituição Cooperativa de Crédito Nossa Senhora do Desterro - Sicoob Credisc (CNPJ  ,0,2023-08-11T11:24:56Z,11/8/2023 08:24,281
Comunicado N° 40.516,10/8/2023 10:01,Divulga nome aprovado de pessoas eleitas/nomeadas para cargos de órgãos estatutários ou contratuais de sociedades autorizadas a funcionar pelo Banco Central do Brasil.,DEORF,130869,Comunicado,40516,0,Instituição Cooperativa de Crédito de Livre Admissão do Noroeste de Minas Gerais Ltda  Instituição Cooperativa de Crédito de Livre Admissão de Associados Vale do Chapecozinho  ,0,2023-08-10T13:01:50Z,10/8/2023 10:01,282
Comunicado N° 40.511,9/8/2023 11:22,Divulga nome aprovado de pessoas eleitas/nomeadas para cargos de órgãos estatutários ou contratuais de sociedades autorizadas a funcionar pelo Banco Central do Brasil.,DEORF,130864,Comunicado,40511,0,Instituição Cooperativa de Crédito de Livre Admissão União do Centro-Oeste de Minas Ltda  Instituição Cooperativa de Crédito de Livre Admissão Sicoob Unimais Centro Leste Paulista  ,0,2023-08-09T14:22:26Z,9/8/2023 11:22,283
Comunicado N° 40.506,8/8/2023 09:50,Divulga nome aprovado de pessoas eleitas/nomeadas para cargos de órgãos estatutários ou contratuais de sociedades autorizadas a funcionar pelo Banco Central do Brasil.,DEORF,130859,Comunicado,40506,0,Instituição Cooperativa de Crédito de Livre Admissão e dos Transportadores Rodoviários de  Instituição Cooperativa de Crédito dos Integrantes do Ministério Público e do Poder  ,0,2023-08-08T12:50:29Z,8/8/2023 09:50,284
Comunicado N° 40.500,7/8/2023 09:36,Divulga nome aprovado de pessoas eleitas/nomeadas para cargos de órgãos estatutários ou contratuais de sociedades autorizadas a funcionar pelo Banco Central do Brasil.,DEORF,130853,Comunicado,40500,0,Instituição Cooperativa de Crédito Unicred Valor Capital Ltda. - Unicred Valor Capital  Instituição Cooperativa de Crédito do Vale do Itajaí e Litoral Catarinense - Sicredi Vale  ,0,2023-08-07T12:36:28Z,7/8/2023 09:36,285
Comunicado N° 40.495,4/8/2023 11:09,Divulga nome aprovado de pessoas eleitas/nomeadas para cargos de órgãos estatutários ou contratuais de sociedades autorizadas a funcionar pelo Banco Central do Brasil.,DEORF,130848,Comunicado,40495,0,"Instituição Cooperativa de Crédito dos Integrantes do Poder Judiciário e do Ministério  Instituição Cooperativa de Crédito, Poupança e Investimento Norte Mato-Grossense e Oeste  ",0,2023-08-04T14:09:43Z,4/8/2023 11:09,286
Comunicado N° 40.485,2/8/2023 09:51,Divulga nome aprovado de pessoas eleitas/nomeadas para cargos de órgãos estatutários ou contratuais de sociedades autorizadas a funcionar pelo Banco Central do Brasil.,DEORF,130837,Comunicado,40485,0,Instituição Cooperativa de Crédito Agrocredi Ltda. - Sicoob Agrocredi (CNPJ 42.873.828  Instituição Cooperativa de Crédito de Fronteiras Ltda. - Sicoob Fronteiras (CNPJ  ,0,2023-08-02T12:51:57Z,2/8/2023 09:51,287
Comunicado N° 40.478,1/8/2023 10:23,Divulga nome aprovado de pessoas eleitas/nomeadas para cargos de órgãos estatutários ou contratuais de sociedades autorizadas a funcionar pelo Banco Central do Brasil.,DEORF,130830,Comunicado,40478,0,"Instituição Cooperativa de Crédito Mútuo de Livre Admissão da Região Administrativa de  Instituição Cooperativa de Crédito, Poupança e Investimento Terra dos Pinheirais do Paraná  ",0,2023-08-01T13:23:23Z,1/8/2023 10:23,288
Comunicado N° 40.469,31/7/2023 09:27,Divulga nome aprovado de pessoas eleitas/nomeadas para cargos de órgãos estatutários ou contratuais de sociedades autorizadas a funcionar pelo Banco Central do Brasil.,DEORF,130821,Comunicado,40469,0,Instituição Cooperativa de Crédito de Livre Admissão da Região Leste da Bacia do Rio Doce  Instituição Cooperativa de Crédito Credisg Ltda. - Sicoob Credisg (CNPJ 03.645.752  ,0,2023-07-31T12:27:40Z,31/7/2023 09:27,289
Comunicado N° 40.463,28/7/2023 09:35,Divulga nome aprovado de pessoas eleitas/nomeadas para cargos de órgãos estatutários ou contratuais de sociedades autorizadas a funcionar pelo Banco Central do Brasil.,DEORF,130815,Comunicado,40463,0,Instituição Cooperativa de Crédito Sicoob Ipê - Sicoob Ipê (CNPJ 24.610.065  Instituição Cooperativa de Crédito de Livre Admissão do Centro-Sul Rondoniense - Sicoob  ,0,2023-07-28T12:35:47Z,28/7/2023 09:35,290
Comunicado N° 40.458,27/7/2023 09:16,Divulga nome aprovado de pessoas eleitas/nomeadas para cargos de órgãos estatutários ou contratuais de sociedades autorizadas a funcionar pelo Banco Central do Brasil.,DEORF,130810,Comunicado,40458,0,Instituição Cooperativa de Crédito Sul-Litorânea do Espírito Santo (CNPJ 32.474.884  Instituição Cooperativa de Crédito de Livre Admissão do Estado do Rio de Janeiro - Sicoob  ,0,2023-07-27T12:16:58Z,27/7/2023 09:16,291
Comunicado N° 40.453,26/7/2023 09:47,Divulga nome aprovado de pessoas eleitas/nomeadas para cargos de órgãos estatutários ou contratuais de sociedades autorizadas a funcionar pelo Banco Central do Brasil.,DEORF,130805,Comunicado,40453,0,Divulga nome aprovado de pessoas eleitas/nomeadas para cargos de órgãos estatutários ou contratuais  Instituição Cooperativa de Poupança e Crédito do Vale do Rio Doce Ltda. - Sicoob  ,0,2023-07-26T12:47:09Z,26/7/2023 09:47,292
Comunicado N° 40.447,25/7/2023 09:29,Divulga nome aprovado de pessoas eleitas/nomeadas para cargos de órgãos estatutários ou contratuais de sociedades autorizadas a funcionar pelo Banco Central do Brasil.,DEORF,130799,Comunicado,40447,0,Divulga nome aprovado de pessoas eleitas/nomeadas para cargos de órgãos estatutários ou contratuais de sociedades  Instituição Cooperativa de Crédito Credicitrus (CNPJ 54.037.916  ,0,2023-07-25T12:29:08Z,25/7/2023 09:29,293
Comunicado N° 40.443,24/7/2023 09:32,Divulga nome aprovado de pessoas eleitas/nomeadas para cargos de órgãos estatutários ou contratuais de sociedades autorizadas a funcionar pelo Banco Central do Brasil.,DEORF,130795,Comunicado,40443,0,Instituição Sicoob Credigóias Cooperativa de Crédito Ltda. (CNPJ 37.255.049  Instituição Cooperativa de Crédito e Economia com Interação Solidária - Cresol Interação  ,0,2023-07-24T12:32:13Z,24/7/2023 09:32,294
Comunicado N° 40.439,21/7/2023 11:45,Divulga nome aprovado de pessoas eleitas/nomeadas para cargos de órgãos estatutários ou contratuais de sociedades autorizadas a funcionar pelo Banco Central do Brasil.,DEORF,130791,Comunicado,40439,0,"Instituição Cooperativa de Crédito, Poupança e Investimento do Sudoeste MT/PA - Sicredi  Instituição Cooperativa de Crédito Conexão - Sicoob Conexão (CNPJ 32.430.233  ",0,2023-07-21T14:45:52Z,21/7/2023 11:45,295
Comunicado N° 40.434,20/7/2023 11:45,Divulga nome aprovado de pessoas eleitas/nomeadas para cargos de órgãos estatutários ou contratuais de sociedades autorizadas a funcionar pelo Banco Central do Brasil.,DEORF,130786,Comunicado,40434,0,Instituição Cooperativa de Crédito de Livre Admissão de Santo Antônio do Monte Ltda  Instituição Cooperativa de Crédito de Livre Admissão da Região Central e Oeste Mineiro  ,0,2023-07-20T14:45:27Z,20/7/2023 11:45,296
Comunicado N° 40.429,19/7/2023 11:51,Divulga nome aprovado de pessoas eleitas/nomeadas para cargos de órgãos estatutários ou contratuais de sociedades autorizadas a funcionar pelo Banco Central do Brasil.,DEORF,130781,Comunicado,40429,0,"Instituição Cooperativa de Economia e Crédito Mútuo dos Servidores da Ascar/Emater-RS Ltda  Instituição Cooperativa de Crédito, Poupança e Investimento das Regiões Centro do RS e MG  ",0,2023-07-19T14:51:46Z,19/7/2023 11:51,297
Comunicado N° 40.424,18/7/2023 11:31,Divulga nome aprovado de pessoas eleitas/nomeadas para cargos de órgãos estatutários ou contratuais de sociedades autorizadas a funcionar pelo Banco Central do Brasil.,DEORF,130776,Comunicado,40424,0,Instituição Cooperativa de Crédito de Livre Admissão de Itajubá Ltda. - Sicoob Sudeste  Instituição Credisis Jicred - Cooperativa de Crédito de Livre Admissão Jicred (CNPJ  ,0,2023-07-18T14:31:20Z,18/7/2023 11:31,298
Comunicado N° 40.419,17/7/2023 11:31,Divulga nome aprovado de pessoas eleitas/nomeadas para cargos de órgãos estatutários ou contratuais de sociedades autorizadas a funcionar pelo Banco Central do Brasil.,DEORF,130771,Comunicado,40419,0,Instituição Cooperativa de Crédito Crediesmeraldas Ltda. - Sicoob Crediesmeraldas (CNPJ  Instituição Cooperativa de Crédito Clássica dos Funcionários e Prestadores de Serviços das  ,0,2023-07-17T14:31:19Z,17/7/2023 11:31,299
Comunicado N° 40.410,14/7/2023 09:47,Divulga nome aprovado de pessoas eleitas/nomeadas para cargos de órgãos estatutários ou contratuais de sociedades autorizadas a funcionar pelo Banco Central do Brasil.,DEORF,130762,Comunicado,40410,0,Instituição Cooperativa de Economia e Crédito de Livre Admissão dos Empregados dos  Instituição Cooperativa de Crédito CrediRochas - Sicoob Credirochas (CNPJ 03.358.914  ,0,2023-07-14T12:47:45Z,14/7/2023 09:47,300
Comunicado N° 40.405,13/7/2023 09:25,Divulga nome aprovado de pessoas eleitas/nomeadas para cargos de órgãos estatutários ou contratuais de sociedades autorizadas a funcionar pelo Banco Central do Brasil.,DEORF,130757,Comunicado,40405,0,Instituição Cooperativa de Crédito e Investimento com Interação Solidária Horizonte  Instituição Cooperativa de Crédito Sicredi Alto Sertão Paraibano - Sicredi Alto Sertão  ,0,2023-07-13T12:25:05Z,13/7/2023 09:25,301
Comunicado N° 40.399,12/7/2023 10:43,Divulga nome aprovado de pessoas eleitas/nomeadas para cargos de órgãos estatutários ou contratuais de sociedades autorizadas a funcionar pelo Banco Central do Brasil.,DEORF,130751,Comunicado,40399,0,Instituição Cooperativa de Economia e Crédito Mútuo dos Funcionários da Nakata (CNPJ  Instituição Cooperativa de Crédito e Investimentos do Sudoeste da Amazônia Ltda. - Sicoob  ,0,2023-07-12T13:43:31Z,12/7/2023 10:43,302
Comunicado N° 40.395,11/7/2023 12:38,Divulga nome aprovado de pessoas eleitas/nomeadas para cargos de órgãos estatutários ou contratuais de sociedades autorizadas a funcionar pelo Banco Central do Brasil.,DEORF,130747,Comunicado,40395,0,Instituição Cooperativa de Crédito e Economia com Interação Solidária - Cresol Aliança  Instituição Cooperativa de Crédito Rural dos Plantadores de Cana de Alagoas (CNPJ  ,0,2023-07-11T15:38:53Z,11/7/2023 12:38,303
Comunicado N° 40.389,10/7/2023 15:22,Divulga nome aprovado de pessoas eleitas/nomeadas para cargos de órgãos estatutários ou contratuais de sociedades autorizadas a funcionar pelo Banco Central do Brasil.,DEORF,130741,Comunicado,40389,0,Instituição Cooperativa de Crédito de Livre Admissão de São Roque de Minas Ltda. (CNPJ  Instituição Cooperativa de Crédito Clássica dos Empregados da Vale S.A.e Entidades  ,0,2023-07-10T18:22:13Z,10/7/2023 15:22,304
Instrução Normativa BCB N° 402,7/7/2023 16:49,"Altera as Instruções Normativas BCB ns. 81, de 23 de fevereiro de 2021, e 396, de 23 de junho de 2023, tendo em vista as alterações promovidas pela Resolução BCB nº 330, de 27 de junho de 2023, na Circular nº 3.748, de 27 de fevereiro de 2015, que dispõe sobre a metodologia para apuração da Razão de Alavancagem (RA), remessa ao Banco Central do Brasil e divulgação das respectivas informações.
",DESIG,52106,Instrução Normativa BCB,402,0,"Econômico e Social (BNDES), bancos de câmbio, caixas econômicas e cooperativas
de crédito  I
- as cooperativas de crédito que optarem pela metodologia facultativa
simplificada para  ",0,2023-07-07T19:49:00Z,7/7/2023 16:49,305
Comunicado N° 40.382,7/7/2023 09:15,Divulga nome aprovado de pessoas eleitas/nomeadas para cargos de órgãos estatutários ou contratuais de sociedades autorizadas a funcionar pelo Banco Central do Brasil.,DEORF,130734,Comunicado,40382,0,Instituição Cooperativa de Crédito de Livre Admissão de Belo Horizonte e Cidades Polo do  Instituição Cooperativa de Crédito Crediara Ltda. - Sicoob Crediara (CNPJ 66.398.496  ,0,2023-07-07T12:15:26Z,7/7/2023 09:15,306
Comunicado N° 40.377,6/7/2023 09:34,Divulga nome aprovado de pessoas eleitas/nomeadas para cargos de órgãos estatutários ou contratuais de sociedades autorizadas a funcionar pelo Banco Central do Brasil.,DEORF,130729,Comunicado,40377,0,Instituição Cooperativa de Crédito Mútuo do ABC - Cooper 7 (CNPJ 04.414.354  Instituição Central das Cooperativas de Crédito do Nordeste - Sicoob Central NE (CNPJ  ,0,2023-07-06T12:34:58Z,6/7/2023 09:34,307
Comunicado N° 40.371,5/7/2023 09:24,Divulga nome aprovado de pessoas eleitas/nomeadas para cargos de órgãos estatutários ou contratuais de sociedades autorizadas a funcionar pelo Banco Central do Brasil.,DEORF,130723,Comunicado,40371,0,"Instituição Cooperativa de Crédito, Poupança e Investimento Rio Paraná - Sicredi Rio  Instituição Cooperativa de Crédito de Livre Admissão Centro Oeste Ltda. (CNPJ 07.502.031  ",0,2023-07-05T12:24:34Z,5/7/2023 09:24,308
Comunicado N° 40.365,4/7/2023 09:39,Divulga nome aprovado de pessoas eleitas/nomeadas para cargos de órgãos estatutários ou contratuais de sociedades autorizadas a funcionar pelo Banco Central do Brasil.,DEORF,130717,Comunicado,40365,0,Instituição Cooperativa de Crédito e Economia com Interação Solidária Cresol Vale (CNPJ  Instituição Cooperativa de Crédito e Economia com Interação Solidária de São Valentim  ,0,2023-07-04T12:39:15Z,4/7/2023 09:39,309
Comunicado N° 40.359,3/7/2023 11:38,Divulga nome aprovado de pessoas eleitas/nomeadas para cargos de órgãos estatutários ou contratuais de sociedades autorizadas a funcionar pelo Banco Central do Brasil.,DEORF,130711,Comunicado,40359,0,Instituição Cooperativa de Crédito e Investimento com Interação Solidária União dos Vales  Instituição Cooperativa de Crédito e Investimento com Interação Solidária Grandes Lagos PR  ,0,2023-07-03T14:38:00Z,3/7/2023 11:38,310
Comunicado N° 40.352,30/6/2023 10:31,Divulga nome aprovado de pessoas eleitas/nomeadas para cargos de órgãos estatutários ou contratuais de sociedades autorizadas a funcionar pelo Banco Central do Brasil.,DEORF,130704,Comunicado,40352,0,Instituição Cooperativa de Crédito dos Bancários de São Paulo e Municípios Limítrofes  Instituição Cooperativa de Crédito Rural dos Fornecedores de Cana da Região de Catanduva  ,0,2023-06-30T13:31:07Z,30/6/2023 10:31,311
Resolução CMN N° 5.088,29/6/2023 18:06,"Altera a Resolução CMN nº 5.051, de 25 de novembro de 2022, que dispõe sobre a organização e o funcionamento de cooperativas de crédito, para permitir o exercício simultâneo de cargos por integrantes de órgãos estatutários. ",DINOR,52099,Resolução CMN,5088,0,"a organização e o funcionamento de cooperativas de crédito, para permitir o exercício simultâneo de  ",0,2023-06-29T21:06:00Z,29/6/2023 18:06,312
Resolução CMN N° 5.082,29/6/2023 18:02,Define os encargos financeiros e limites de crédito para as Linhas de Crédito e Programas de que trata o Capítulo 7 (Encargos Financeiros e Limites de Crédito) e ajusta normas da Seção 4 (Metodologia de cálculo das Taxas de Juros do Crédito Rural – TCR) do Capítulo 2 (Condições Básicas) do Manual de Crédito Rural. ,MF,52093,Resolução CMN,5082,0,normas da Seção 4 (Metodologia de cálculo das Taxas de Juros do Crédito Rural – TCR) do Capítulo 2 (Condições Básicas) do Manual de Crédito Rural  Cita Portaria Mapa nº 52/2021  ,0,2023-06-29T21:02:00Z,29/6/2023 18:02,313
Resolução CMN N° 5.080,29/6/2023 18:01,Ajusta normas a serem aplicadas às operações de crédito rural contratadas no âmbito do Programa Nacional de Fortalecimento da Agricultura Familiar (Pronaf) a partir de 3 de julho de 2023.,MF,52091,Resolução CMN,5080,0,"Lei nº 4.829/1965, 4º e  Programa de Capitalização de
Cooperativas Agropecuárias (Procap-Agro);II - Seção Programa de Desenvolvimento
Cooperativo para Agregação de Valor à Produção  ",0,2023-06-29T21:01:00Z,29/6/2023 18:01,314
Resolução CMN N° 5.078,29/6/2023 18:00,Dispõe sobre ajustes nas normas gerais do crédito rural do Programa Nacional de Apoio ao Médio Produtor Rural (Pronamp) e do Fundo de Defesa da Economia Cafeeira (Funcafé) a serem aplicadas a partir de 3 de julho de 2023.,MF,52089,Resolução CMN,5078,0,"Dispõe sobre ajustes nas normas gerais do crédito rural do Programa Nacional de Apoio ao  MCR 10;
      II - operações contratadas por cooperativas de produção sob as condições de  ",0,2023-06-29T21:00:00Z,29/6/2023 18:00,315
Resolução CMN N° 5.079,29/6/2023 18:00,Ajusta normas nos Programas com Recursos do BNDES codificadas no Capítulo 11 do Manual de Crédito Rural (MCR). ,MF,52090,Resolução CMN,5079,0,"Programas com Recursos do BNDES codificadas no Capítulo 11 do Manual de Crédito Rural (MCR  3º  A Seção 6 (Programa de
Desenvolvimento Cooperativo para Agregação de Valor à Produção  ",0,2023-06-29T21:00:00Z,29/6/2023 18:00,316
Instrução Normativa BCB N° 399,29/6/2023 13:40,"Consolida os procedimentos para remessa de informações sobre o controle da exposição ao risco de liquidez e sobre o indicador Liquidez de Curto Prazo (LCR), de que trata a Resolução BCB nº 207, de 22 de março de 2022, por meio do documento 2160 - Demonstrativo de Risco de Liquidez (DRL).
",DESIG,52088,Instrução Normativa BCB,399,0,"Resoluções BCB ns. 207/2022 e  II -
pelos bancos cooperativos, pelas confederações constituídas por cooperativas
centrais de crédito ou pelas cooperativas centrais de crédito, em  ",0,2023-06-29T16:40:00Z,29/6/2023 13:40,317
Comunicado N° 40.346,29/6/2023 09:57,Divulga nome aprovado de pessoas eleitas/nomeadas para cargos de órgãos estatutários ou contratuais de sociedades autorizadas a funcionar pelo Banco Central do Brasil.,DEORF,130698,Comunicado,40346,0,Instituição Cooperativa de Crédito de Livre Admissão da Região de Pará de Minas Ltda  Instituição Cooperativa de Crédito e Investimento com Interação Solidária Alto Vale  ,0,2023-06-29T12:57:21Z,29/6/2023 09:57,318
Comunicado N° 40.340,28/6/2023 09:32,Divulga nome aprovado de pessoas eleitas/nomeadas para cargos de órgãos estatutários ou contratuais de sociedades autorizadas a funcionar pelo Banco Central do Brasil.,DEORF,130692,Comunicado,40340,0,Instituição Cooperativa de Crédito e Economia com Interação Solidária - Cresol Encostas da  Instituição Cooperativa de Crédito Mútuo dos Despachantes de Trânsito de Santa Catarina e  ,0,2023-06-28T12:32:30Z,28/6/2023 09:32,319
Resolução BCB N° 330,27/6/2023 18:00,"Altera a Circular nº 3.748, de 27 de fevereiro de 2015, que dispõe sobre a metodologia para apuração da Razão de Alavancagem (RA), remessa ao Banco Central do Brasil e divulgação das respectivas informações. ",DINOR,52084,Resolução BCB,330,0,"Altera a Circular nº 3.748, de 27 de fevereiro de 2015, que dispõe sobre a metodologia  I - as cooperativas de crédito que optarem pela metodologia
facultativa simplificada para  ",0,2023-06-27T21:00:00Z,27/6/2023 18:00,320
Comunicado N° 40.334,27/6/2023 09:26,Divulga nome aprovado de pessoas eleitas/nomeadas para cargos de órgãos estatutários ou contratuais de sociedades autorizadas a funcionar pelo Banco Central do Brasil.,DEORF,130686,Comunicado,40334,0,Instituição Cooperativa de Crédito dos Fornecedores de Cana e Demais Produtores Rurais do  Instituição Cooperativa de Crédito Rural e Economia com Interação Solidária de Getúlio  ,0,2023-06-27T12:26:52Z,27/6/2023 09:26,321
Comunicado N° 40.327,26/6/2023 09:33,Divulga nome aprovado de pessoas eleitas/nomeadas para cargos de órgãos estatutários ou contratuais de sociedades autorizadas a funcionar pelo Banco Central do Brasil.,DEORF,130679,Comunicado,40327,0,Instituição Cooperativa de Crédito e Economia com Interação Solidária - Cresol Serra Mar  Instituição Cooperativa de Crédito Rural e Economia com Interação Solidária de Getúlio  ,0,2023-06-26T12:33:55Z,26/6/2023 09:33,322
Instrução Normativa BCB N° 396,23/6/2023 17:31,"Altera as Instruções de preenchimento e o Leiaute do documento de código 2061 - Demonstrativo de Limites Operacionais (DLO), de que trata a Instrução Normativa BCB nº 81, de 23 de fevereiro de 2021",DESIG,52083,Instrução Normativa BCB,396,0,"R E S O L V E  4. no item D) Detalhamento da parcela do RWA
referente ao risco de crédito (RWACPAD  9.  no item J) Detalhamento da apuração do
limite de crédito ao setor público (LCSP  ",0,2023-06-23T20:31:00Z,23/6/2023 17:31,323
Instrução Normativa BCB N° 395,23/6/2023 15:03,"Altera a Instrução Normativa nº 118, de 24 de junho de 2021, que consolida os procedimentos para a remessa das informações diárias relativas ao total de exposição em ouro, em moeda estrangeira e em operações sujeitas à variação cambial e à apuração dos Ativos Ponderados pelo Risco (RWA) para o risco de mercado, utilizados para fins de cálculo dos requerimentos mínimos de Patrimônio de Referência (PR), de Nível I, de Capital Principal e do Adicional de Capital Principal, e altera as Instruções de preenchimento e o leiaute do documento de código 2011 - Demonstrativo Diário de Acompanhamento das Parcelas de Requerimento de Capital e dos Limites Operacionais (DDR). 
",DESIG,52082,Instrução Normativa BCB,395,0,"III
- pelos bancos cooperativos, pelas confederações de crédito, pelas  de serviço constituídas por cooperativas centrais de crédito ou
pelas cooperativas centrais de crédito, em  ",0,2023-06-23T18:03:00Z,23/6/2023 15:03,324
Instrução Normativa BCB N° 394,23/6/2023 14:41,"Altera a Instrução Normativa nº 101, de 26 de abril de 2021, que dispõe sobre os procedimentos para a remessa das informações relativas às exposições ao risco de mercado, ao risco de variação das taxas de juros em instrumentos classificados na carteira bancária (IRRBB) e às exposições referentes à apuração dos Ativos Ponderados pelo Risco (RWA) para risco de mercado, utilizados para fins de cálculo dos requerimentos mínimos de Patrimônio de Referência (PR), de Nível I, de Capital Principal e do Adicional de Capital Principal, de que trata a Resolução BCB nº 84, de 31 de março 2021. 
",DESIG,52081,Instrução Normativa BCB,394,0,"de serviço constituídas por
cooperativas centrais de crédito ou pelas cooperativas centrais de crédito, em  ",0,2023-06-23T17:41:00Z,23/6/2023 14:41,325
Comunicado N° 40.320,23/6/2023 09:39,Divulga nome aprovado de pessoas eleitas/nomeadas para cargos de órgãos estatutários ou contratuais de sociedades autorizadas a funcionar pelo Banco Central do Brasil.,DEORF,130672,Comunicado,40320,0,Instituição Cooperativa de Crédito de Livre Admissão do Vale do Araguaia Ltda. (CNPJ  Instituição Cooperativa de Crédito e Economia com Interação Solidária de Chapecó - Cresol  ,0,2023-06-23T12:39:00Z,23/6/2023 09:39,326
Comunicado N° 40.314,22/6/2023 09:22,Divulga nome aprovado de pessoas eleitas/nomeadas para cargos de órgãos estatutários ou contratuais de sociedades autorizadas a funcionar pelo Banco Central do Brasil.,DEORF,130666,Comunicado,40314,0,Instituição Cooperativa de Crédito dos Fornecedores de Cana de Barra Bonita e Região (CNPJ  Instituição Cooperativa de Crédito de Livre Admissão do Centro Sul de Mato Grosso do Sul  ,0,2023-06-22T12:22:57Z,22/6/2023 09:22,327
Comunicado N° 40.306,21/6/2023 09:36,Divulga nome aprovado de pessoas eleitas/nomeadas para cargos de órgãos estatutários ou contratuais de sociedades autorizadas a funcionar pelo Banco Central do Brasil.,DEORF,130658,Comunicado,40306,0,"Instituição Cooperativa de Crédito Mútuo de Servidores Públicos do Estado de São Paulo  Instituição Cooperativa de Crédito, Poupança e Investimento das Regiões Centro do RS e MG  ",0,2023-06-21T12:36:39Z,21/6/2023 09:36,328
Comunicado N° 40.302,20/6/2023 09:51,Divulga nome aprovado de pessoas eleitas/nomeadas para cargos de órgãos estatutários ou contratuais de sociedades autorizadas a funcionar pelo Banco Central do Brasil.,DEORF,130654,Comunicado,40302,0,Instituição Cooperativa de Crédito de Livre Admissão da Margem Esquerda do Urucuia e São  Instituição Cooperativa de Crédito e Economia com Interação Solidária de Formosa do Sul  ,0,2023-06-20T12:51:02Z,20/6/2023 09:51,329
Comunicado N° 40.296,19/6/2023 11:05,Divulga nome aprovado de pessoas eleitas/nomeadas para cargos de órgãos estatutários ou contratuais de sociedades autorizadas a funcionar pelo Banco Central do Brasil.,DEORF,130648,Comunicado,40296,0,Instituição Cooperativa de Crédito de Livre Admissão de Campos Gerais e Campo do Meio Ltda  Instituição Cooperativa de Crédito de Livre Admissão do Centro-Sul Goiano Ltda. (CNPJ  ,0,2023-06-19T14:05:40Z,19/6/2023 11:05,330
Comunicado N° 40.290,16/6/2023 10:56,Divulga nome aprovado de pessoas eleitas/nomeadas para cargos de órgãos estatutários ou contratuais de sociedades autorizadas a funcionar pelo Banco Central do Brasil.,DEORF,130642,Comunicado,40290,0,Instituição Cooperativa de Crédito de Livre Admissão do Noroeste de Minas Gerais Ltda  Instituição Cooperativa de Crédito de Livre Admissão do Centro-Sul Rondoniense - Sicoob  ,0,2023-06-16T13:56:40Z,16/6/2023 10:56,331
Comunicado N° 40.285,15/6/2023 10:18,Divulga nome aprovado de pessoas eleitas/nomeadas para cargos de órgãos estatutários ou contratuais de sociedades autorizadas a funcionar pelo Banco Central do Brasil.,DEORF,130637,Comunicado,40285,0,Instituição Cooperativa de Crédito de Livre Admissão do Centro Norte dos Estados de Mato  Instituição Credisis Credibrás Cooperativa de Crédito e Investimento de Livre Admissão do  ,0,2023-06-15T13:18:12Z,15/6/2023 10:18,332
Resolução BCB N° 328,14/6/2023 18:03,"Altera a Resolução BCB nº 84, de 31 de março de 2021, que consolida os procedimentos para a remessa de informações relativas às exposições ao risco de mercado, ao risco de variação das taxas de juros em instrumentos classificados na carteira bancária (IRRBB) e às exposições referentes à apuração dos Ativos Ponderados pelo Risco (RWA) para risco de mercado, utilizados para fins de cálculo dos requerimentos mínimos de Patrimônio de Referência (PR), de Nível I, de Capital Principal e do Adicional de Capital Principal. ","DIFIS, DINOR",52079,Resolução BCB,328,0,"III - pelos bancos
cooperativos, pelas confederações de crédito, pelas  de serviço constituídas
por cooperativas centrais de crédito ou pelas cooperativas centrais de crédito,
em  ",0,2023-06-14T21:03:00Z,14/6/2023 18:03,333
Resolução BCB N° 326,14/6/2023 18:02,"Altera a Resolução BCB nº 69, de 10 de fevereiro de 2021, que altera e consolida os procedimentos para a remessa de informações relativas à apuração dos limites e padrões regulamentares que especifica. ","DIFIS, DINOR",52077,Resolução BCB,326,0,"de serviço constituídas por cooperativas centrais de crédito
ou pelas cooperativas centrais de crédito, em base individual  ",0,2023-06-14T21:02:00Z,14/6/2023 18:02,334
Resolução BCB N° 327,14/6/2023 18:02,"Altera a Resolução BCB nº 207, de 22 de março de 2022, que consolida e altera atos normativos referentes à remessa de informações sobre o controle da exposição ao risco de liquidez e sobre o indicador Liquidez de Curto Prazo (LCR).","DIFIS, DINOR",52078,Resolução BCB,327,0,"de
serviço constituídas por cooperativas centrais de crédito ou pelas cooperativas
centrais de crédito, em  ",0,2023-06-14T21:02:00Z,14/6/2023 18:02,335
Resolução BCB N° 325,14/6/2023 18:01,"Altera a Resolução BCB nº 100, de 2 de junho de 2021, que consolida os procedimentos para a remessa de informações diárias referentes ao total de exposição em ouro, em moeda estrangeira e em operações sujeitas à variação cambial e às parcelas relativas ao risco de mercado dos ativos ponderados pelo risco (RWA). ","DIFIS, DINOR",52076,Resolução BCB,325,0,"de serviço constituídas por cooperativas centrais de
crédito ou pelas cooperativas centrais de crédito, em  ",0,2023-06-14T21:01:00Z,14/6/2023 18:01,336
Comunicado N° 40.279,14/6/2023 09:35,Divulga nome aprovado de pessoas eleitas/nomeadas para cargos de órgãos estatutários ou contratuais de sociedades autorizadas a funcionar pelo Banco Central do Brasil.,DEORF,130631,Comunicado,40279,0,"Instituição Cooperativa de Crédito do Distrito Federal e Entorno Ltda. (CNPJ 01.187.961  Instituição Cooperativa de Crédito, Poupança e Investimento Integração de Estados do Rio  ",0,2023-06-14T12:35:21Z,14/6/2023 09:35,337
Comunicado N° 40.273,13/6/2023 09:41,Divulga nome aprovado de pessoas eleitas/nomeadas para cargos de órgãos estatutários ou contratuais de sociedades autorizadas a funcionar pelo Banco Central do Brasil.,DEORF,130625,Comunicado,40273,0,Instituição Cooperativa de Crédito dos Profissionais de Saúde e de Livre Admissão do  Instituição Cooperativa de Crédito de Livre Admissão do Estado do Pará - Sicoob Cooesa  ,0,2023-06-13T12:41:48Z,13/6/2023 09:41,338
Comunicado N° 40.269,12/6/2023 09:36,Divulga nome aprovado de pessoas eleitas/nomeadas para cargos de órgãos estatutários ou contratuais de sociedades autorizadas a funcionar pelo Banco Central do Brasil.,DEORF,130621,Comunicado,40269,0,Instituição Cooperativa de Crédito de Livre Admissão da Região Leste da Bacia do Rio Doce  Instituição Cooperativa de Crédito e Investimento com Interação Solidária de Minas Gerais  ,0,2023-06-12T12:36:34Z,12/6/2023 09:36,339
Comunicado N° 40.260,7/6/2023 09:33,Divulga nome aprovado de pessoas eleitas/nomeadas para cargos de órgãos estatutários ou contratuais de sociedades autorizadas a funcionar pelo Banco Central do Brasil.,DEORF,130612,Comunicado,40260,0,Instituição Cooperativa de Crédito de Livre Admissão de Santo Antônio do Monte Ltda  Instituição Cooperativa de Crédito Sul-Serrana do Espírito Santo (CNPJ 00.815.319  ,0,2023-06-07T12:33:53Z,7/6/2023 09:33,340
Instrução Normativa BCB N° 388,6/6/2023 10:48,"Altera a redação das Cartas Circulares ns. 3.850, 3.851, 3.852, 3.853 e 3.854, todas de 19 de dezembro de 2017. ",DEREG,52067,Instrução Normativa BCB,388,0,"1.3.1.30.20-4 Participação Em Empresas Controladas Por Cooperativa Central De Crédito;
e  não aderiu ao Programa de Estímulo ao Crédito - PEC, instituído
pela Medida Provisória n  ",0,2023-06-06T13:48:00Z,6/6/2023 10:48,341
Comunicado N° 40.255,6/6/2023 09:23,"Divulga intenção de cancelar a autorização para funcionamento da Cooperativa de Economia e Crédito Mútuo dos Empregados nas Indústrias de Alimentação na Região da Grande Vitória do Estado do Espírito Santo – CREDI-ALIMENTO, em consonância com o disposto no artigo 23, incisos I e III e §1º, inciso I, da Resolução CMN nº 4.970, de 25 de novembro de 2021.
",DEORF,130607,Comunicado,40255,0,cancelar a autorização para funcionamento da Cooperativa de Economia e Crédito Mútuo dos Empregados nas Indústrias de  ,0,2023-06-06T12:23:17Z,6/6/2023 09:23,342
Comunicado N° 40.254,6/6/2023 09:20,Divulga nome aprovado de pessoas eleitas/nomeadas para cargos de órgãos estatutários ou contratuais de sociedades autorizadas a funcionar pelo Banco Central do Brasil.,DEORF,130606,Comunicado,40254,0,Instituição Cooperativa de Crédito e Investimento com Interação Solidária Grandes Lagos PR  Instituição Cooperativa de Crédito do Vale do Itajaí e Vale do Itapocu - Sicoob Multicredi  ,0,2023-06-06T12:20:57Z,6/6/2023 09:20,343
Comunicado N° 40.248,5/6/2023 09:37,Divulga nome aprovado de pessoas eleitas/nomeadas para cargos de órgãos estatutários ou contratuais de sociedades autorizadas a funcionar pelo Banco Central do Brasil.,DEORF,130600,Comunicado,40248,0,Instituição Cooperativa de Crédito de Livre Admissão do Médio Piracicaba e do Circuito do  Instituição Cooperativa de Crédito de Livre Admissão da Região Central de Rondônia  ,0,2023-06-05T12:37:16Z,5/6/2023 09:37,344
Comunicado N° 40.241,2/6/2023 10:31,Divulga nome aprovado de pessoas eleitas/nomeadas para cargos de órgãos estatutários ou contratuais de sociedades autorizadas a funcionar pelo Banco Central do Brasil.,DEORF,130593,Comunicado,40241,0,"Instituição Cooperativa de Crédito e Investimento com Interação Solidária União - Cresol  Instituição Cooperativa de Crédito, Poupança e Investimento do Rio de Janeiro - Sicredi  ",0,2023-06-02T13:31:07Z,2/6/2023 10:31,345
Comunicado N° 40.237,1/6/2023 09:41,Divulga nome aprovado de pessoas eleitas/nomeadas para cargos de órgãos estatutários ou contratuais de sociedades autorizadas a funcionar pelo Banco Central do Brasil.,DEORF,130589,Comunicado,40237,0,Instituição Cooperativa de Crédito dos Servidores dos Poderes Legislativos do Estado de  Instituição Cooperativa de Crédito de Livre Admissão de Associados Vale do Chapecozinho  ,0,2023-06-01T12:41:12Z,1/6/2023 09:41,346
Comunicado N° 40.231,31/5/2023 09:44,Divulga nome aprovado de pessoas eleitas/nomeadas para cargos de órgãos estatutários ou contratuais de sociedades autorizadas a funcionar pelo Banco Central do Brasil.,DEORF,130583,Comunicado,40231,0,Instituição Cooperativa de Crédito de Livre Admissão da Região Sudeste de Minas Gerais  Instituição Cooperativa de Crédito e Investimento com Interação Solidária do Rio Grande do  ,0,2023-05-31T12:44:59Z,31/5/2023 09:44,347
Comunicado N° 40.226,30/5/2023 10:52,Divulga nome aprovado de pessoas eleitas/nomeadas para cargos de órgãos estatutários ou contratuais de sociedades autorizadas a funcionar pelo Banco Central do Brasil.,DEORF,130578,Comunicado,40226,0,"Instituição Cooperativa de Crédito dos Servidores Militares, Polícia Civil e da Secretaria  Instituição Cooperativa de Crédito e Economia com Interação Solidária - Cresol São João do  ",0,2023-05-30T13:52:30Z,30/5/2023 10:52,348
Comunicado N° 40.220,29/5/2023 14:05,Divulga nome aprovado de pessoas eleitas/nomeadas para cargos de órgãos estatutários ou contratuais de sociedades autorizadas a funcionar pelo Banco Central do Brasil.,DEORF,130572,Comunicado,40220,0,Instituição Cooperativa de Crédito e Investimento com Interação Solidária de Minas Gerais  Instituição Cooperativa de Crédito e Economia com Interação Solidária - Cresol São João do  ,0,2023-05-29T17:05:31Z,29/5/2023 14:05,349
Comunicado N° 40.215,26/5/2023 09:49,Divulga nome aprovado de pessoas eleitas/nomeadas para cargos de órgãos estatutários ou contratuais de sociedades autorizadas a funcionar pelo Banco Central do Brasil.,DEORF,130567,Comunicado,40215,0,Instituição Cooperativa de Crédito Agrocredi Ltda. - Sicoob Agrocredi (CNPJ 42.873.828  Instituição Cooperativa de Crédito de Livre Admissão do Vale do Rio Grande Ltda. - Sicoob  ,0,2023-05-26T12:49:00Z,26/5/2023 09:49,350
Comunicado N° 40.210,25/5/2023 09:21,Divulga nome aprovado de pessoas eleitas/nomeadas para cargos de órgãos estatutários ou contratuais de sociedades autorizadas a funcionar pelo Banco Central do Brasil.,DEORF,130561,Comunicado,40210,0,Instituição Sicoob Cocred Cooperativa de Crédito (CNPJ 71.328.769  Instituição Cooperativa de Crédito de São Francisco de Sales Ltda. - Sicoob Credisales  ,0,2023-05-25T12:21:53Z,25/5/2023 09:21,351
Comunicado N° 40.204,24/5/2023 09:59,Divulga nome aprovado de pessoas eleitas/nomeadas para cargos de órgãos estatutários ou contratuais de sociedades autorizadas a funcionar pelo Banco Central do Brasil.,DEORF,130555,Comunicado,40204,0,Instituição Cooperativa de Crédito de Livre Admissão de Itaúna e Região Ltda. - Sicoob  Instituição Cooperativa de Crédito Rural e Economia com Interação Solidária de Áurea  ,0,2023-05-24T12:59:08Z,24/5/2023 09:59,352
Comunicado N° 40.198,23/5/2023 10:36,Divulga nome aprovado de pessoas eleitas/nomeadas para cargos de órgãos estatutários ou contratuais de sociedades autorizadas a funcionar pelo Banco Central do Brasil.,DEORF,130549,Comunicado,40198,0,Instituição Cooperativa de Crédito Mútuo de Livre Admissão da Região Administrativa de  Instituição Cooperativa de Crédito e Investimento com Interação Solidária Grandes Lagos PR  ,0,2023-05-23T13:36:38Z,23/5/2023 10:36,353
Comunicado N° 40.192,22/5/2023 12:00,Divulga nome aprovado de pessoas eleitas/nomeadas para cargos de órgãos estatutários ou contratuais de sociedades autorizadas a funcionar pelo Banco Central do Brasil.,DEORF,130543,Comunicado,40192,0,"Instituição Cooperativa de Crédito de Livre Admissão de Associados Vale do Rio do Peixe  Instituição Cooperativa de Crédito, Poupança e Investimento do Norte e Nordeste de Santa  ",0,2023-05-22T15:00:00Z,22/5/2023 12:00,354
Comunicado N° 40.187,19/5/2023 09:50,Divulga nome aprovado de pessoas eleitas/nomeadas para cargos de órgãos estatutários ou contratuais de sociedades autorizadas a funcionar pelo Banco Central do Brasil.,DEORF,130538,Comunicado,40187,0,Instituição Cooperativa de Crédito de Livre Admissão de Ceres e Rialma Ltda. (CNPJ  Instituição Cooperativa de Crédito de Livre Admissão de Associados São Miguel do Oeste  ,0,2023-05-19T12:50:21Z,19/5/2023 09:50,355
Resolução CMN N° 5.077,18/5/2023 18:04,"Altera as Resoluções ns. 4.557, de 23 de fevereiro de 2017, 4.606, de 19 de outubro de 2017, e 4.677, de 31 de julho de 2018.",DINOR,52059,Resolução CMN,5077,0,"R
E S O L V E U  2º  Para
cooperativa central de crédito que preste serviços de aplicação centralizada de
recursos de suas cooperativas singulares filiadas, mediante a adoção de  ",0,2023-05-18T21:04:00Z,18/5/2023 18:04,356
Comunicado N° 40.181,18/5/2023 10:15,Divulga nome aprovado de pessoas eleitas/nomeadas para cargos de órgãos estatutários ou contratuais de sociedades autorizadas a funcionar pelo Banco Central do Brasil.,DEORF,130532,Comunicado,40181,0,"Instituição Cooperativa de Crédito, Poupança e Investimento Vale do Jaguari e Zona da Mata  Instituição Cooperativa de Crédito Mútuo dos Funcionários da Fiep, Sesi, Senai, Iel e do  ",0,2023-05-18T13:15:49Z,18/5/2023 10:15,357
Comunicado N° 40.176,17/5/2023 12:23,Divulga nome aprovado de pessoas eleitas/nomeadas para cargos de órgãos estatutários ou contratuais de sociedades autorizadas a funcionar pelo Banco Central do Brasil.,DEORF,130527,Comunicado,40176,0,"Instituição Cooperativa de Crédito de Livre Admissão do Centro-Nordeste Mineiro Ltda  Instituição Cooperativa de Crédito, Poupança e Investimento Ouro Branco - Sicredi Ouro  ",0,2023-05-17T15:23:40Z,17/5/2023 12:23,358
Ato de Diretor N° 683,16/5/2023 12:21,Designa membros de Comissão para proceder a inquérito e fixa prazo para conclusão dos trabalhos.,SECRE,130519,Ato de Diretor,683,0,Designa membros de Comissão para proceder a inquérito  compor a Comissão que procederá a inquérito na COOPERATIVA DE ECONOMIA E CRÉDITO MÚTUO DOS SERVIDORES DA ADMINISTRAÇÃO PÚBLICA  ,0,2023-05-16T15:21:11Z,16/5/2023 12:21,359
Comunicado N° 40.170,16/5/2023 11:18,Divulga nome aprovado de pessoas eleitas/nomeadas para cargos de órgãos estatutários ou contratuais de sociedades autorizadas a funcionar pelo Banco Central do Brasil.,DEORF,130518,Comunicado,40170,0,Instituição Cooperativa de Crédito Unicred Coomarca Ltda. - Coomarca (CNPJ 04.355.489  Instituição Coopsebrae - Cooperativa de Crédito Mútuo dos Funcionários do Sebrae/PB  ,0,2023-05-16T14:18:37Z,16/5/2023 11:18,360
Comunicado N° 40.163,15/5/2023 09:52,Divulga nome aprovado de pessoas eleitas/nomeadas para cargos de órgãos estatutários ou contratuais de sociedades autorizadas a funcionar pelo Banco Central do Brasil.,DEORF,130511,Comunicado,40163,0,Instituição Cooperativa de Crédito de Livre Admissão de São Roque de Minas Ltda. (CNPJ  Instituição Cooperativa de Crédito e Investimento com Interação Solidária Vale das Águas  ,0,2023-05-15T12:52:21Z,15/5/2023 09:52,361
Comunicado N° 40.156,12/5/2023 09:20,Divulga nome aprovado de pessoas eleitas/nomeadas para cargos de órgãos estatutários ou contratuais de sociedades autorizadas a funcionar pelo Banco Central do Brasil.,DEORF,130504,Comunicado,40156,0,Instituição Cooperativa de Crédito de Livre Admissão da Região Central e Oeste Mineiro  Instituição Cooperativa de Crédito de Livre Admissão de Associados Vale do Rio do Peixe  ,0,2023-05-12T12:20:11Z,12/5/2023 09:20,362
Comunicado N° 40.151,11/5/2023 09:54,Divulga nome aprovado de pessoas eleitas/nomeadas para cargos de órgãos estatutários ou contratuais de sociedades autorizadas a funcionar pelo Banco Central do Brasil.,DEORF,130499,Comunicado,40151,0,Instituição Cooperativa de Crédito de Livre Admissão de Carmo do Rio Claro Ltda. - Sicoob  Instituição Cooperativa de Crédito de Livre Admissão de Rio Verde e Região Ltda. (CNPJ  ,0,2023-05-11T12:54:01Z,11/5/2023 09:54,363
Comunicado N° 40.145,10/5/2023 10:22,Divulga nome aprovado de pessoas eleitas/nomeadas para cargos de órgãos estatutários ou contratuais de sociedades autorizadas a funcionar pelo Banco Central do Brasil.,DEORF,130493,Comunicado,40145,0,"Instituição Cooperativa de Crédito, Poupança e Investimento da Região Centro Oeste  Instituição Cooperativa de Crédito e Investimento com Interação Solidária Alternativa  ",0,2023-05-10T13:22:49Z,10/5/2023 10:22,364
Comunicado N° 40.144,10/5/2023 10:20,Divulga nome aprovado de pessoas eleitas/nomeadas para cargos de órgãos estatutários ou contratuais de sociedades autorizadas a funcionar pelo Banco Central do Brasil.,DEORF,130492,Comunicado,40144,0,"Instituição Cooperativa de Crédito, Poupança e Investimento da Alta Noroeste de São Paulo  Instituição Cooperativa de Crédito e Investimento com Interação Solidária Centro Sul RS/MS  ",0,2023-05-10T13:20:25Z,10/5/2023 10:20,365
Comunicado N° 40.136,8/5/2023 11:47,Divulga nome aprovado de pessoas eleitas/nomeadas para cargos de órgãos estatutários ou contratuais de sociedades autorizadas a funcionar pelo Banco Central do Brasil.,DEORF,130484,Comunicado,40136,0,"Instituição Cooperativa de Crédito, Poupança e Investimento Sicredi Evolução - Sicredi  Instituição Cooperativa de Crédito Sicoob Coopec Ltda. (CNPJ 32.615.247  ",0,2023-05-08T14:47:06Z,8/5/2023 11:47,366
Comunicado N° 40.130,5/5/2023 10:24,Divulga nome aprovado de pessoas eleitas/nomeadas para cargos de órgãos estatutários ou contratuais de sociedades autorizadas a funcionar pelo Banco Central do Brasil.,DEORF,130478,Comunicado,40130,0,"Instituição Central das Cooperativas de Crédito do Estado de São Paulo - Sicoob Central  Instituição Cooperativa de Crédito, Poupança e Investimento dos Policiais Federais do Rio  ",0,2023-05-05T13:24:02Z,5/5/2023 10:24,367
Comunicado N° 40.124,4/5/2023 11:19,Divulga nome aprovado de pessoas eleitas/nomeadas para cargos de órgãos estatutários ou contratuais de sociedades autorizadas a funcionar pelo Banco Central do Brasil.,DEORF,130472,Comunicado,40124,0,"Instituição Cooperativa de Crédito Centro-Leste - Sicredi Centro-Leste RS (CNPJ 88.471.024  Instituição Cooperativa de Crédito, Poupança e Investimento dos Militares Estaduais e  ",0,2023-05-04T14:19:12Z,4/5/2023 11:19,368
Comunicado N° 40.118,3/5/2023 10:29,Divulga nome aprovado de pessoas eleitas/nomeadas para cargos de órgãos estatutários ou contratuais de sociedades autorizadas a funcionar pelo Banco Central do Brasil.,DEORF,130466,Comunicado,40118,0,Instituição Cooperativa de Crédito de Livre Admissão de Associados Itapiranga - Sicoob  Instituição Coopserj - Cooperativa de Crédito Mútuo dos Servidores Públicos do Poder  ,0,2023-05-03T13:29:41Z,3/5/2023 10:29,369
Comunicado N° 40.112,2/5/2023 11:28,Divulga nome aprovado de pessoas eleitas/nomeadas para cargos de órgãos estatutários ou contratuais de sociedades autorizadas a funcionar pelo Banco Central do Brasil.,DEORF,130460,Comunicado,40112,0,Instituição Cooperativa de Crédito de Livre Admissão União do Centro-Oeste de Minas Ltda  Instituição Cooperativa de Crédito de Livre Admissão da Região do Circuito Campos das  ,0,2023-05-02T14:28:20Z,2/5/2023 11:28,370
Comunicado N° 40.107,28/4/2023 11:34,Divulga nome aprovado de pessoas eleitas/nomeadas para cargos de órgãos estatutários ou contratuais de sociedades autorizadas a funcionar pelo Banco Central do Brasil.,DEORF,130455,Comunicado,40107,0,Instituição Cooperativa de Crédito e Investimento de Livre Admissão Agroempresarial  Instituição Cooperativa de Crédito dos Empregados do Grupo Neffa e Demais Estabelecimentos  ,0,2023-04-28T14:34:54Z,28/4/2023 11:34,371
Resolução BCB N° 317,27/4/2023 18:01,"Fixa os prazos máximos para a decisão administrativa dos pedidos de atos públicos de liberação da atividade econômica requeridos ao Banco Central do Brasil e classifica os níveis de risco relacionados à referida liberação, nos termos do disposto no Decreto nº 10.178, de 18 de dezembro de 2019, que regulamenta a Lei nº 13.874, de 20 de setembro de 2019, e revoga as Portarias ns. 108.302, de 17 de setembro de 2020, e 110.741, de 24 de junho de 2021.","DIORF, DIPOM, DINOR",52042,Resolução BCB,317,0,Fixa os prazos máximos para a decisão administrativa dos pedidos de atos públicos de liberação da atividade econômica requeridos ao Banco Central do Brasil e classifica os níveis  ,0,2023-04-27T21:01:00Z,27/4/2023 18:01,372
Resolução BCB N° 315,27/4/2023 09:00,Institui o Comitê Executivo de Gestão (CEG) do Projeto-Piloto da Plataforma do Real Digital (Piloto RD) e aprova o Regulamento do Piloto RD.,SECRE,52040,Resolução BCB,315,0,Institui o Comitê Executivo de Gestão (CEG) do Projeto-Piloto da Plataforma do Real Digital (Piloto RD) e aprova o Regulamento do Piloto RD  Resolução BCB nº 382/2024 - Nova redação  ,0,2023-04-27T12:00:00Z,27/4/2023 09:00,373
Resolução BCB N° 314,26/4/2023 18:26,Dispõe sobre a execução dos serviços de compensação de cheques apresentados à Centralizadora da Compensação de Cheques (Compe) e sobre questões operacionais relacionadas ao cheque.,"DINOR, DIORF, DIPOM",52039,Resolução BCB,314,0,Dispõe sobre a execução dos serviços de compensação de cheques apresentados à Centralizadora da Compensação de Cheques (Compe) e sobre questões operacionais relacionadas ao cheque  ,0,2023-04-26T21:26:00Z,26/4/2023 18:26,374
Resolução CMN N° 5.071,26/4/2023 18:19,"Dispõe sobre o cheque, as consequências de seu uso indevido e as condições para seu fornecimento ao cliente pelas instituições financeiras.",DINOR,52036,Resolução CMN,5071,0,"4º  Os cheques fornecidos por cooperativas de
crédito a titulares de contas de depósitos à  indicar claramente a
responsabilidade da cooperativa sacada, nos termos desta Resolução e  ",0,2023-04-26T21:19:00Z,26/4/2023 18:19,375
Comunicado N° 40.090,26/4/2023 09:27,Divulga nome aprovado de pessoas eleitas/nomeadas para cargos de órgãos estatutários ou contratuais de sociedades autorizadas a funcionar pelo Banco Central do Brasil.,DEORF,130438,Comunicado,40090,0,"Instituição Cooperativa de Crédito e Investimento com Interação Solidária Conexão - Cresol  Instituição Cooperativa de Crédito, Poupança e Investimento Sul Minas do Rio Grande do Sul  ",0,2023-04-26T12:27:00Z,26/4/2023 09:27,376
Comunicado N° 40.085,25/4/2023 09:43,Divulga nome aprovado de pessoas eleitas/nomeadas para cargos de órgãos estatutários ou contratuais de sociedades autorizadas a funcionar pelo Banco Central do Brasil.,DEORF,130433,Comunicado,40085,0,Instituição Cooperativa de Crédito de Livre Admissão de Belo Horizonte e Cidades Polo do  Instituição Cooperativa de Crédito de Livre Admissão da Região Sudeste de Minas Gerais  ,0,2023-04-25T12:43:06Z,25/4/2023 09:43,377
Comunicado N° 40.079,24/4/2023 11:49,Divulga nome aprovado de pessoas eleitas/nomeadas para cargos de órgãos estatutários ou contratuais de sociedades autorizadas a funcionar pelo Banco Central do Brasil.,DEORF,130427,Comunicado,40079,0,"Instituição Cooperativa de Crédito e Captação Sicoob Unicidades (CNPJ 03.047.549  Instituição Cooperativa de Crédito, Poupança e Investimento Raízes - Sicredi Raízes RS/SC  ",0,2023-04-24T14:49:04Z,24/4/2023 11:49,378
Resolução CMN N° 5.068,20/4/2023 18:01,"Ajusta o item 4 da Seção 18 (Normas Transitórias) do Capítulo 10 (Programa Nacional de Fortalecimento da Agricultura Familiar - Pronaf) do Manual de Crédito Rural (MCR) com redação dada pela Resolução CMN nº 5.063, de 30 de março de 2023, que elevou os limites de financiamento da Linha de Crédito de Industrialização para Agroindústria Familiar (Pronaf Industrialização de Agroindústria Familiar).",MF,52030,Resolução CMN,5068,0,"de financiamento da Linha de Crédito de Industrialização para Agroindústria
Familiar  neste item aplica-se exclusivamente às cooperativas singulares da
agricultura familiar, de  ",0,2023-04-20T21:01:00Z,20/4/2023 18:01,379
Comunicado N° 40.073,20/4/2023 11:43,Divulga nome aprovado de pessoas eleitas/nomeadas para cargos de órgãos estatutários ou contratuais de sociedades autorizadas a funcionar pelo Banco Central do Brasil.,DEORF,130421,Comunicado,40073,0,Instituição Cooperativa de Crédito Mútuo dos Despachantes de Trânsito de Santa Catarina e  Instituição Cooperativa de Crédito Poupança e Investimento dos Militares Estaduais do Rio  ,0,2023-04-20T14:43:54Z,20/4/2023 11:43,380
Comunicado N° 40.068,19/4/2023 09:29,Divulga nome aprovado de pessoas eleitas/nomeadas para cargos de órgãos estatutários ou contratuais de sociedades autorizadas a funcionar pelo Banco Central do Brasil.,DEORF,130416,Comunicado,40068,0,Divulga nome aprovado de pessoas eleitas/nomeadas para cargos de órgãos estatutários ou contratuais  Instituição Cooperativa de Crédito Potiguar - Sicoob Potiguar (CNPJ 02.382.755  ,0,2023-04-19T12:29:18Z,19/4/2023 09:29,381
Comunicado N° 40.056,17/4/2023 09:30,Divulga nome aprovado de pessoas eleitas/nomeadas para cargos de órgãos estatutários ou contratuais de sociedades autorizadas a funcionar pelo Banco Central do Brasil.,DEORF,130404,Comunicado,40056,0,"Instituição Cooperativa de Crédito, Poupança e Investimento de Campo Grande e Região  Instituição Cooperativa de Crédito, Poupança e Investimento Rio Paraná - Sicredi Rio  ",0,2023-04-17T12:30:35Z,17/4/2023 09:30,382
Comunicado N° 40.050,14/4/2023 09:12,Divulga nome aprovado de pessoas eleitas/nomeadas para cargos de órgãos estatutários ou contratuais de sociedades autorizadas a funcionar pelo Banco Central do Brasil.,DEORF,130398,Comunicado,40050,0,"Instituição Cooperativa de Crédito, Poupança e Investimento de Araraquara e Região  Instituição Cooperativa de Crédito dos Empresários de Manaus - Sicoob Credempresas AM  ",0,2023-04-14T12:12:40Z,14/4/2023 09:12,383
Comunicado N° 40.043,13/4/2023 09:27,Divulga nome aprovado de pessoas eleitas/nomeadas para cargos de órgãos estatutários ou contratuais de sociedades autorizadas a funcionar pelo Banco Central do Brasil.,DEORF,130391,Comunicado,40043,0,Instituição Cooperativa de Crédito e Serviços Financeiros de Curitiba e Região  Instituição Cooperativa de Crédito e Investimento com Interação Solidária Confiança  ,0,2023-04-13T12:27:33Z,13/4/2023 09:27,384
Comunicado N° 40.038,12/4/2023 09:55,Divulga nome aprovado de pessoas eleitas/nomeadas para cargos de órgãos estatutários ou contratuais de sociedades autorizadas a funcionar pelo Banco Central do Brasil.,DEORF,130386,Comunicado,40038,0,"Instituição Cooperativa de Crédito União do Centro Oeste de Minas Ltda. - Sicoob Centro  Instituição Cooperativa de Crédito dos Médicos, Profissionais da Saúde e Empresários de  ",0,2023-04-12T12:55:14Z,12/4/2023 09:55,385
Comunicado N° 40.031,11/4/2023 09:29,Divulga nome aprovado de pessoas eleitas/nomeadas para cargos de órgãos estatutários ou contratuais de sociedades autorizadas a funcionar pelo Banco Central do Brasil.,DEORF,130376,Comunicado,40031,0,Instituição Cooperativa de Crédito de Livre Admissão de Rubiataba e Região Ltda. (CNPJ  Instituição Cooperativa de Crédito de Livre Admissão de Associados São Miguel do Oeste  ,0,2023-04-11T12:29:14Z,11/4/2023 09:29,386
Comunicado N° 40.026,10/4/2023 10:24,Divulga nome aprovado de pessoas eleitas/nomeadas para cargos de órgãos estatutários ou contratuais de sociedades autorizadas a funcionar pelo Banco Central do Brasil.,DEORF,130373,Comunicado,40026,0,Instituição Cooperativa de Crédito de Livre Admissão da Região de Frutal Ltda. - Sicoob  Instituição Cooperativa de Crédito e Captação Sicoob Unicidades (CNPJ 03.047.549  ,0,2023-04-10T13:24:21Z,10/4/2023 10:24,387
Comunicado N° 40.016,6/4/2023 09:39,Divulga nome aprovado de pessoas eleitas/nomeadas para cargos de órgãos estatutários ou contratuais de sociedades autorizadas a funcionar pelo Banco Central do Brasil.,DEORF,130363,Comunicado,40016,0,Instituição Cooperativa de Crédito CredSãoPaulo - Sicoob CredSãoPaulo (CNPJ 02.197.569  Instituição Cooperativa de Economia e Crédito Mútuo dos Funcionários da Secretaria de  ,0,2023-04-06T12:39:26Z,6/4/2023 09:39,388
Comunicado N° 40.010,5/4/2023 16:33,Divulga nome aprovado de pessoas eleitas/nomeadas para cargos de órgãos estatutários ou contratuais de sociedades autorizadas a funcionar pelo Banco Central do Brasil.,DEORF,130357,Comunicado,40010,0,"Instituição Cooperativa de Crédito, Poupança e Investimento Centro Sul - Sicredi Centro  Instituição Cooperativa de Crédito, Poupança e Investimento Raízes - Sicredi Raízes RS/SC  ",0,2023-04-05T19:33:11Z,5/4/2023 16:33,389
Comunicado N° 40.003,4/4/2023 15:36,Divulga nome aprovado de pessoas eleitas/nomeadas para cargos de órgãos estatutários ou contratuais de sociedades autorizadas a funcionar pelo Banco Central do Brasil.,DEORF,130350,Comunicado,40003,0,Instituição Cooperativa de Crédito de Livre Admissão do Estado de São Paulo - Sicoob  Instituição Cooperativa de Crédito dos Profissionais da Área da Saúde e de Livre Admissão  ,0,2023-04-04T18:36:13Z,4/4/2023 15:36,390
Comunicado N° 39.992,31/3/2023 10:30,Divulga nome aprovado de pessoas eleitas/nomeadas para cargos de órgãos estatutários ou contratuais de sociedades autorizadas a funcionar pelo Banco Central do Brasil.,DEORF,130339,Comunicado,39992,0,"Instituição Cooperativa de Crédito de Capital e Empréstimo dos Trabalhadores nas Empresas  Instituição Cooperativa de Crédito, Poupança e Investimento Campos Gerais e Grande  ",0,2023-03-31T13:30:44Z,31/3/2023 10:30,391
Resolução CMN N° 5.063,30/3/2023 18:00,"Eleva o limite de financiamento da Linha de Crédito de Industrialização para Agroindústria Familiar (Pronaf Industrialização de Agroindústria Familiar) no âmbito do Programa Nacional de Fortalecimento da Agricultura Familiar (Pronaf), bem como o respectivo teto por associado ativo.",SECRE,52018,Resolução CMN,5063,0,"específicas e mantidas as demais
exigências para a contratação dessa linha de crédito  neste item aplica-se exclusivamente às cooperativas singulares da
agricultura familiar, de  ",0,2023-03-30T21:00:00Z,30/3/2023 18:00,392
Comunicado N° 39.985,30/3/2023 10:34,Divulga nome aprovado de pessoas eleitas/nomeadas para cargos de órgãos estatutários ou contratuais de sociedades autorizadas a funcionar pelo Banco Central do Brasil.,DEORF,130332,Comunicado,39985,0,Instituição Cooperativa de Crédito de São Francisco de Sales Ltda. - Sicoob Credisales  Instituição Cooperativa de Crédito de Livre Admissão de Associados  ,0,2023-03-30T13:34:45Z,30/3/2023 10:34,393
Comunicado N° 39.980,29/3/2023 09:34,Divulga nome aprovado de pessoas eleitas/nomeadas para cargos de órgãos estatutários ou contratuais de sociedades autorizadas a funcionar pelo Banco Central do Brasil.,DEORF,130327,Comunicado,39980,0,"Instituição Cooperativa de Crédito de Livre Admissão de Associados  Caruana S.A. - Sociedade de Crédito, Financiamento e Investimento (CNPJ 09.313.766  ",0,2023-03-29T12:34:55Z,29/3/2023 09:34,394
Comunicado N° 39.974,28/3/2023 09:22,Divulga nome aprovado de pessoas eleitas/nomeadas para cargos de órgãos estatutários ou contratuais de sociedades autorizadas a funcionar pelo Banco Central do Brasil.,DEORF,130321,Comunicado,39974,0,"Divulga nome aprovado de pessoas eleitas/nomeadas para cargos de órgãos estatutários ou  Instituição Cooperativa de Crédito, Poupança e Investimento do Norte do Paraná e Sul de  ",0,2023-03-28T12:22:57Z,28/3/2023 09:22,395
Comunicado N° 39.969,27/3/2023 13:20,Divulga nome aprovado de pessoas eleitas/nomeadas para cargos de órgãos estatutários ou contratuais de sociedades autorizadas a funcionar pelo Banco Central do Brasil.,DEORF,130316,Comunicado,39969,0,Instituição Medcred Cooperativa de Crédito (CNPJ 03.575.699  Instituição Cooperativa de Crédito de Livre Admissão do Centro-Sul Goiano Ltda. (CNPJ  Nome Natalia Máximo da Costa Lúcio  ,0,2023-03-27T16:20:20Z,27/3/2023 13:20,396
Comunicado N° 39.963,24/3/2023 11:36,Divulga nome aprovado de pessoas eleitas/nomeadas para cargos de órgãos estatutários ou contratuais de sociedades autorizadas a funcionar pelo Banco Central do Brasil.,DEORF,130310,Comunicado,39963,0,Instituição Cooperativa de Crédito Unique BR (CNPJ 73.647.935  Instituição Credisis Credibrás Cooperativa de Crédito e Investimento de Livre Admissão do  ,0,2023-03-24T14:36:32Z,24/3/2023 11:36,397
Comunicado N° 39.940,21/3/2023 09:25,Divulga nome aprovado de pessoas eleitas/nomeadas para cargos de órgãos estatutários ou contratuais de sociedades autorizadas a funcionar pelo Banco Central do Brasil.,DEORF,130286,Comunicado,39940,0,"Divulga nome aprovado de pessoas eleitas/nomeadas para cargos de órgãos estatutários ou  Instituição Cooperativa de Crédito, Poupança e Investimento do Norte do Paraná e Sul de  ",0,2023-03-21T12:25:29Z,21/3/2023 09:25,398
Comunicado N° 39.934,20/3/2023 10:07,Divulga nome aprovado de pessoas eleitas/nomeadas para cargos de órgãos estatutários ou contratuais de sociedades autorizadas a funcionar pelo Banco Central do Brasil.,DEORF,130280,Comunicado,39934,0,Instituição Cooperativa de Crédito de Cascavel e Região - Sicoob Credicapital (CNPJ  Instituição Cooperativa Central de Crédito de Santa Catarina e Rio Grande do Sul - Sicoob  ,0,2023-03-20T13:07:23Z,20/3/2023 10:07,399
Comunicado N° 39.929,17/3/2023 10:52,Divulga nome aprovado de pessoas eleitas/nomeadas para cargos de órgãos estatutários ou contratuais de sociedades autorizadas a funcionar pelo Banco Central do Brasil.,DEORF,130275,Comunicado,39929,0,Instituição Cooperativa de Economia e Crédito Mútuo dos Empregados da Cia de Eletricidade  Instituição Microinvest S.A. Sociedade de Crédito a Microempreendedor (CNPJ 05.076.239  ,0,2023-03-17T13:52:48Z,17/3/2023 10:52,400
Resolução BCB N° 303,16/3/2023 18:04,"Estabelece os procedimentos para o cálculo da parcela dos ativos ponderados pelo risco (RWA) referente às exposições ao risco de crédito sujeitas ao cálculo do requerimento de capital mediante sistemas internos de classificação do risco de crédito (abordagens IRB) autorizados pelo Banco Central do Brasil (RWACIRB), de que tratam a Resolução CMN nº 4.958, de 21 de outubro de 2021, e a Resolução BCB nº 200, de 11 de março de 2022.",SECRE,52006,Resolução BCB,303,0,"referente às exposições ao risco de crédito sujeitas ao cálculo do
requerimento de capital  como operações sujeitas ao
risco de crédito, inclusive o risco de crédito de contraparte  ",0,2023-03-16T21:04:00Z,16/3/2023 18:04,401
Comunicado N° 39.923,16/3/2023 11:49,Divulga nome aprovado de pessoas eleitas/nomeadas para cargos de órgãos estatutários ou contratuais de sociedades autorizadas a funcionar pelo Banco Central do Brasil.,DEORF,130269,Comunicado,39923,0,Divulga nome aprovado de pessoas eleitas/nomeadas para cargos de órgãos estatutários ou contratuais de  Instituição Cooperativa Central de Crédito - Ailos (CNPJ 05.463.212  ,0,2023-03-16T14:49:51Z,16/3/2023 11:49,402
Comunicado N° 39.901,10/3/2023 11:26,Divulga nome aprovado de pessoas eleitas/nomeadas para cargos de órgãos estatutários ou contratuais de sociedades autorizadas a funcionar pelo Banco Central do Brasil.,DEORF,130247,Comunicado,39901,0,Instituição Cooperativa de Crédito Rural com Interação Solidária Centro Norte - Cresol  Instituição Bom Crédito Sociedade de Crédito ao Microempreendedor e à Empresa de Pequeno  ,0,2023-03-10T14:26:29Z,10/3/2023 11:26,403
Instrução Normativa BCB N° 359,3/3/2023 19:20,Divulga a versão 3.0 do Manual de Serviços Prestados pela Estrutura Responsável pela Governança do Open Finance.,DENOR,51998,Instrução Normativa BCB,359,0,"do Departamento de
Supervisão de Cooperativas e de Instituições Não Bancárias (Desuc), do  Sistema Financeiro                                     de Cooperativas e de
Instituições  ",0,2023-03-03T22:20:00Z,3/3/2023 19:20,404
Comunicado N° 39.869,3/3/2023 12:18,Divulga nome aprovado de pessoas eleitas/nomeadas para cargos de órgãos estatutários ou contratuais de sociedades autorizadas a funcionar pelo Banco Central do Brasil.,DEORF,130215,Comunicado,39869,0,"Instituição Cooperativa de Crédito, Poupança e Investimento do Noroeste do Estado de São  Instituição Stone Sociedade de Crédito Direto S.A. (CNPJ 34.590.184  ",0,2023-03-03T15:18:53Z,3/3/2023 12:18,405
Comunicado N° 39.859,2/3/2023 11:07,Divulga nome aprovado de pessoas eleitas/nomeadas para cargos de órgãos estatutários ou contratuais de sociedades autorizadas a funcionar pelo Banco Central do Brasil.,DEORF,130205,Comunicado,39859,0,Instituição Cooperativa de Crédito de Livre Admissão do Médio Leste de Mato Grosso  Data do despacho 1º.3.2023  Instituição Planner Sociedade de Crédito Direto S.A. (CNPJ 05.684.234  ,0,2023-03-02T14:07:47Z,2/3/2023 11:07,406
Comunicado N° 39.853,1/3/2023 09:27,Divulga nome aprovado de pessoas eleitas/nomeadas para cargos de órgãos estatutários ou contratuais de sociedades autorizadas a funcionar pelo Banco Central do Brasil.,DEORF,130199,Comunicado,39853,0,Instituição Sicredi Expansão - Cooperativa de Crédito (CNPJ 41.180.092  Instituição Sicredi Ceará - Cooperativa de Crédito do Estado do Ceará (CNPJ 72.257.793  ,0,2023-03-01T12:27:20Z,1/3/2023 09:27,407
Comunicado N° 39.847,28/2/2023 09:35,Divulga nome aprovado de pessoas eleitas/nomeadas para cargos de órgãos estatutários ou contratuais de sociedades autorizadas a funcionar pelo Banco Central do Brasil.,DEORF,130193,Comunicado,39847,0,Instituição Cooperativa de Crédito e Investimento com Interação Solidária de Nova Mutum e  Instituição Quadra Sociedade de Crédito Direto S.A. (CNPJ 49.555.647  ,0,2023-02-28T12:35:17Z,28/2/2023 09:35,408
Comunicado N° 39.841,27/2/2023 09:26,Divulga nome aprovado de pessoas eleitas/nomeadas para cargos de órgãos estatutários ou contratuais de sociedades autorizadas a funcionar pelo Banco Central do Brasil.,DEORF,130187,Comunicado,39841,0,"Instituição Cooperativa de Crédito de Livre Admissão do Estado de Goiás (CNPJ 04.406.371  Instituição Neon Financeira - Crédito, Financiamento e Investimento S.A. (CNPJ 11.285.104  ",0,2023-02-27T12:26:43Z,27/2/2023 09:26,409
Comunicado N° 39.835,24/2/2023 09:24,Divulga nome aprovado de pessoas eleitas/nomeadas para cargos de órgãos estatutários ou contratuais de sociedades autorizadas a funcionar pelo Banco Central do Brasil.,DEORF,130181,Comunicado,39835,0,Divulga nome aprovado de pessoas eleitas/nomeadas para cargos de órgãos estatutários ou  Instituição Cooperativa de Crédito dos Empregados do Grupo Vallourec no Brasil - Coovall  ,0,2023-02-24T12:24:05Z,24/2/2023 09:24,410
Instrução Normativa BCB N° 355,17/2/2023 16:29,"Estabelece os procedimentos para a remessa de informações diárias ao Banco Central do Brasil referentes aos depósitos de poupança, de que trata o art. 2º, inciso II, da Resolução BCB nº 208, de 22 de março de 2022. ",DESIG,51990,Instrução Normativa BCB,355,0,"Resoluções BCB ns. 208/2022 e  Brasil
(Cosif);II - pelos bancos cooperativos, confederações constituídas por
cooperativas centrais de crédito ou cooperativas centrais de crédito, em  ",0,2023-02-17T19:29:00Z,17/2/2023 16:29,411
Comunicado N° 39.822,17/2/2023 09:39,"Divulga intenção de cancelar a autorização para funcionamento da Central Cooperativa de Crédito no Estado do Espírito Santo - Cecoop, em consonância com o disposto no artigo 23, inciso I e §1º, inciso I, da Resolução nº 4.970, de 25 de novembro de 2021.",DEORF,130168,Comunicado,39822,0,a autorização para funcionamento da Central Cooperativa de Crédito no Estado do Espírito Santo - Cecoop  ,0,2023-02-17T12:39:24Z,17/2/2023 09:39,412
Comunicado N° 39.821,17/2/2023 09:33,Divulga nome aprovado de pessoas eleitas/nomeadas para cargos de órgãos estatutários ou contratuais de sociedades autorizadas a funcionar pelo Banco Central do Brasil.,DEORF,130167,Comunicado,39821,0,"Instituição Cooperativa de Crédito, Poupança e Investimento Novos Horizontes - Sicredi  Instituição Cooperativa de Crédito de Livre Admissão Sul Maranhense - Sicoob Sul  ",0,2023-02-17T12:33:25Z,17/2/2023 09:33,413
Resolução CMN N° 5.061,16/2/2023 18:01,Dispõe sobre a organização e o funcionamento de confederações de serviço.,SECRE,51988,Resolução CMN,5061,0,"da própria confederação e das cooperativas de
crédito integrantes do mesmo sistema cooperativo, bem como dos associados dessas
cooperativas  ",0,2023-02-16T21:01:00Z,16/2/2023 18:01,414
Resolução CMN N° 5.062,16/2/2023 18:01,"Altera a Resolução CMN nº 4.970, de 25 de novembro de 2021, que disciplina os processos de autorização relacionados ao funcionamento das instituições que especifica. ",SECRE,51989,Resolução CMN,5062,0,"neste Capítulo não se aplica às cooperativas de
crédito, às confederações de serviço e às associações de  ",0,2023-02-16T21:01:00Z,16/2/2023 18:01,415
Resolução CMN N° 5.060,16/2/2023 18:00,Dispõe sobre a organização e o funcionamento dos bancos comerciais e dos bancos múltiplos.,SECRE,51987,Resolução CMN,5060,0,"comercial ou banco múltiplo, sob controle societário de cooperativas
centrais de crédito  1º  As cooperativas
centrais de crédito integrantes do grupo de controle devem deter, no  ",0,2023-02-16T21:00:00Z,16/2/2023 18:00,416
Instrução Normativa BCB N° 354,16/2/2023 11:38,"Estabelece os procedimentos para a remessa de informações diárias ao Banco Central do Brasil referentes aos saldos contábeis de natureza ativa e passiva e ao volume financeiro das transações de pagamento realizadas no dia, de que trata o art. 2º, incisos I e III, da Resolução BCB nº 208, de 22 de março de 2022. ",DESIG,51986,Instrução Normativa BCB,354,0,"pertencentes a conglomerados e pelas
cooperativas não integrantes de sistemas organizados  c) 1.8.4.90.00-4
- Outros Créditos por negociação e intermediação de valores  ",0,2023-02-16T14:38:00Z,16/2/2023 11:38,417
Instrução Normativa BCB N° 353,16/2/2023 10:49,"Dispõe sobre procedimento a ser observado por 
cooperativa de crédito previamente ao início de sua atuação no Programa de Garantia da Atividade Agropecuária, relativo à utilização de conta Reservas Bancárias. ",DEROP,51985,Instrução Normativa BCB,353,0,"sobre procedimento a ser observado por 
cooperativa de crédito previamente ao início de sua atuação no  ",0,2023-02-16T13:49:00Z,16/2/2023 10:49,418
Comunicado N° 39.815,16/2/2023 09:10,Divulga nome aprovado de pessoas eleitas/nomeadas para cargos de órgãos estatutários ou contratuais de sociedades autorizadas a funcionar pelo Banco Central do Brasil.,DEORF,130161,Comunicado,39815,0,Divulga nome aprovado de pessoas eleitas/nomeadas para cargos de órgãos estatutários ou  Instituição Cooperativa de Economia e Crédito Mútuo dos Bancários do Triângulo Ltda. (CNPJ  ,0,2023-02-16T12:10:03Z,16/2/2023 09:10,419
Instrução Normativa BCB N° 352,15/2/2023 16:14,"Altera a Instrução Normativa BCB nº 291, de 29 de julho de 2022, que estabelece os procedimentos necessários para a adesão ao Pix, para ajustar dispositivos referentes à etapa cadastral, à etapa homologatória e à etapa de operação restrita; para inserir disposições transitórias sobre regime de transição; e para ajustar os formulários de adesão.",DECEM,51984,Instrução Normativa BCB,352,0,"Altera a Instrução Normativa BCB n  o § 1º  aplicar-se-á a todas
as cooperativas singulares filiadas à cooperativa central de crédito autorizada
a atuar como facilitadora de serviço  ",0,2023-02-15T19:14:00Z,15/2/2023 16:14,420
Comunicado N° 39.808,15/2/2023 07:38,"Divulga a decretação da liquidação extrajudicial da COOPERATIVA DE ECONOMIA E CRÉDITO MÚTUO DOS SERVIDORES DA ADMINISTRAÇÃO PÚBLICA MUNICIPAL DE PORTO ALEGRE - MUNICRED, a nomeação do liquidante extrajudicial e a indisponibilidade dos bens dos ex-administradores da instituição.",DERAD,130153,Comunicado,39808,0,ou registrados nessas instituições em nome da COOPERATIVA DE ECONOMIA E CRÉDITO MÚTUO DOS SERVIDORES DA ADMINISTRAÇÃO PÚBLICA  ,0,2023-02-15T10:38:51Z,15/2/2023 07:38,421
Ato do Presidente N° 1.361,15/2/2023 07:07,Decreta a liquidação extrajudicial da Cooperativa de Economia e Crédito Mútuo dos Servidores da Administração Pública Municipal de Porto Alegre - Municred.,SECRE,130150,Ato do Presidente,1361,0,Fica decretada a liquidação extrajudicial da Cooperativa de Economia e Crédito Mútuo dos Servidores da Administração Pública  ,0,2023-02-15T10:07:43Z,15/2/2023 07:07,422
Resolução BCB N° 292,14/2/2023 18:01,"Altera a data de entrada em vigor da Resolução BCB nº 208, de 22 de março de 2022, que consolida atos normativos referentes à remessa de informações diárias ao Banco Central do Brasil, e dispõe sobre a captação diária de informações relativas a “outras obrigações”.",SECRE,51980,Resolução BCB,292,0,"Altera, a partir de 1º/3  Cosif);II - pelos bancos cooperativos, pelas confederações
constituídas por cooperativas centrais de crédito ou pelas cooperativas
centrais de crédito, em  ",0,2023-02-14T21:01:00Z,14/2/2023 18:01,423
Comunicado N° 39.786,9/2/2023 09:11,Divulga nome aprovado de pessoas eleitas/nomeadas para cargos de órgãos estatutários ou contratuais de sociedades autorizadas a funcionar pelo Banco Central do Brasil.,DEORF,130128,Comunicado,39786,0,"Instituição Cooperativa de Crédito Mútuo dos Empregados da Embraer - Cooperemb (CNPJ  Instituição Cooperativa de Crédito, Poupança e Investimento União de Estados Rio Grande do  ",0,2023-02-09T12:11:19Z,9/2/2023 09:11,424
Comunicado N° 39.779,8/2/2023 09:22,Divulga nome aprovado de pessoas eleitas/nomeadas para cargos de órgãos estatutários ou contratuais de sociedades autorizadas a funcionar pelo Banco Central do Brasil.,DEORF,130121,Comunicado,39779,0,Divulga nome aprovado de pessoas eleitas/nomeadas para cargos de órgãos estatutários ou  Instituição Cooperativa de Economia e Crédito Mútuo dos Médicos de Porto Alegre Ltda  ,0,2023-02-08T12:22:17Z,8/2/2023 09:22,425
Comunicado N° 39.775,7/2/2023 10:45,Divulga nome aprovado de pessoas eleitas/nomeadas para cargos de órgãos estatutários ou contratuais de sociedades autorizadas a funcionar pelo Banco Central do Brasil.,DEORF,130117,Comunicado,39775,0,Divulga nome aprovado de pessoas eleitas/nomeadas para cargos de órgãos estatutários ou  Instituição Cooperativa de Economia e Crédito Mútuo dos Funcionários da Viação Nossa  ,0,2023-02-07T13:45:19Z,7/2/2023 10:45,426
Comunicado N° 39.770,6/2/2023 10:19,Divulga nome aprovado de pessoas eleitas/nomeadas para cargos de órgãos estatutários ou contratuais de sociedades autorizadas a funcionar pelo Banco Central do Brasil.,DEORF,130112,Comunicado,39770,0,Instituição Cooperativa de Crédito dos Integrantes do Poder Judiciário e do Ministério  Instituição Cooperativa de Economia e Crédito Mútuo Unicred Erechim Ltda. (CNPJ 01.572.667  ,0,2023-02-06T13:19:23Z,6/2/2023 10:19,427
Comunicado N° 39.764,3/2/2023 09:39,Divulga nome aprovado de pessoas eleitas/nomeadas para cargos de órgãos estatutários ou contratuais de sociedades autorizadas a funcionar pelo Banco Central do Brasil.,DEORF,130106,Comunicado,39764,0,Instituição Cooperativa de Economia e Crédito Mútuo dos Servidores Municipais de Itabira  Instituição Cooperativa de Economia e Crédito Mútuo dos Funcionários da Companhia Paulista  ,0,2023-02-03T12:39:33Z,3/2/2023 09:39,428
Comunicado N° 39.759,2/2/2023 15:53,Divulga nome aprovado de pessoas eleitas/nomeadas para cargos de órgãos estatutários ou contratuais de sociedades autorizadas a funcionar pelo Banco Central do Brasil.,DEORF,130101,Comunicado,39759,0,Instituição Cooperativa de Crédito Mútuo dos Funcionários Públicos do Poder Judiciário da  Instituição Cooperativa de Crédito de Livre Admissão de Rubiataba e Região Ltda. (CNPJ  ,0,2023-02-02T18:53:04Z,2/2/2023 15:53,429
Comunicado N° 39.751,1/2/2023 09:14,Divulga nome aprovado de pessoas eleitas/nomeadas para cargos de órgãos estatutários ou contratuais de sociedades autorizadas a funcionar pelo Banco Central do Brasil.,DEORF,130093,Comunicado,39751,0,Divulga nome aprovado de pessoas eleitas/nomeadas para cargos de órgãos estatutários ou  Instituição Cooperativa de Crédito e Investimento com Interação Solidária de Minas Gerais  ,0,2023-02-01T12:14:46Z,1/2/2023 09:14,430
Comunicado N° 39.741,30/1/2023 10:13,Divulga nome aprovado de pessoas eleitas/nomeadas para cargos de órgãos estatutários ou contratuais de sociedades autorizadas a funcionar pelo Banco Central do Brasil.,DEORF,130083,Comunicado,39741,0,Divulga nome aprovado de pessoas eleitas/nomeadas para cargos de órgãos estatutários ou  Instituição Cooperativa de Crédito Rural com Interação Solidária Meio-Oeste - Cresol  ,0,2023-01-30T13:13:44Z,30/1/2023 10:13,431
Instrução Normativa BCB N° 345,27/1/2023 17:24,"Altera a Instrução Normativa BCB nº 77, de 11 de fevereiro de 2021, que estabelece procedimentos, relativos ao envio de documentos e informações, de respostas a exigências e de interposição de recursos, à formalização de exigências, à comunicação da decisão e às demais comunicações relacionadas com a instrução e com o exame de processos de autorização conduzidos pelo Departamento de Organização do Sistema Financeiro (Deorf), e dá outras providências.",DEORF,51973,Instrução Normativa BCB,345,0,"Altera a Instrução Normativa BCB nº 77, de 11 de fevereiro de 2021, que estabelece procedimentos, relativos ao envio de documentos e informações, de respostas a exigências e de  ",0,2023-01-27T20:24:00Z,27/1/2023 17:24,432
Comunicado N° 39.725,25/1/2023 11:06,Divulga nome aprovado de pessoas eleitas/nomeadas para cargos de órgãos estatutários ou contratuais de sociedades autorizadas a funcionar pelo Banco Central do Brasil.,DEORF,130067,Comunicado,39725,0,Divulga nome aprovado de pessoas eleitas/nomeadas para cargos de órgãos estatutários ou  Instituição Cooperativa de Crédito Mútuo dos Advogados de Santa Catarina (CNPJ 05.861.932  ,0,2023-01-25T14:06:43Z,25/1/2023 11:06,433
Comunicado N° 39.720,24/1/2023 11:19,Divulga nome aprovado de pessoas eleitas/nomeadas para cargos de órgãos estatutários ou contratuais de sociedades autorizadas a funcionar pelo Banco Central do Brasil.,DEORF,130062,Comunicado,39720,0,"Divulga nome aprovado de pessoas eleitas/nomeadas para cargos de órgãos estatutários ou  Instituição Cooperativa de Crédito, Poupança e Investimento Noroeste RS/MG - Sicredi  ",0,2023-01-24T14:19:59Z,24/1/2023 11:19,434
Comunicado N° 39.715,23/1/2023 12:36,Divulga nome aprovado de pessoas eleitas/nomeadas para cargos de órgãos estatutários ou contratuais de sociedades autorizadas a funcionar pelo Banco Central do Brasil.,DEORF,130057,Comunicado,39715,0,Divulga nome aprovado de pessoas eleitas/nomeadas para cargos de órgãos estatutários ou  Instituição Cooperativa de Economia e Crédito Mútuo dos Servidores Públicos Municipais de  ,0,2023-01-23T15:36:47Z,23/1/2023 12:36,435
Comunicado N° 39.705,20/1/2023 09:45,Divulga nome aprovado de pessoas eleitas/nomeadas para cargos de órgãos estatutários ou contratuais de sociedades autorizadas a funcionar pelo Banco Central do Brasil.,DEORF,130047,Comunicado,39705,0,Instituição Cooperativa de Crédito de Servidores Públicos Cooperplan Ltda. - Sicoob  Instituição Cooperativa Central de Crédito do Norte do Brasil - Sicoob Norte (CNPJ  ,0,2023-01-20T12:45:20Z,20/1/2023 09:45,436
Comunicado N° 39.678,16/1/2023 10:16,Divulga nome aprovado de pessoas eleitas/nomeadas para cargos de órgãos estatutários ou contratuais de sociedades autorizadas a funcionar pelo Banco Central do Brasil.,DEORF,130020,Comunicado,39678,0,Divulga nome aprovado de pessoas eleitas/nomeadas para cargos de órgãos estatutários ou  Instituição Cooperativa de Crédito de Livre Admissão do Brasil Central Ltda. - Sicoob  ,0,2023-01-16T13:16:19Z,16/1/2023 10:16,437
Comunicado N° 39.673,13/1/2023 14:10,Divulga nome aprovado de pessoas eleitas/nomeadas para cargos de órgãos estatutários ou contratuais de sociedades autorizadas a funcionar pelo Banco Central do Brasil.,DEORF,130015,Comunicado,39673,0,Divulga nome aprovado de pessoas eleitas/nomeadas para cargos de órgãos estatutários ou  Instituição Cooperativa de Crédito de Livre Admissão do Tocantins Ltda. (CNPJ 26.960.328  ,0,2023-01-13T17:10:36Z,13/1/2023 14:10,438
Comunicado N° 39.666,12/1/2023 13:46,Divulga nome aprovado de pessoas eleitas/nomeadas para cargos de órgãos estatutários ou contratuais de sociedades autorizadas a funcionar pelo Banco Central do Brasil.,DEORF,130008,Comunicado,39666,0,Instituição C&amp;A Pay Sociedade De Crédito Direto S A. (CNPJ INEXISTENTE  Instituição Cooperativa de Crédito Mútuo dos Funcionários das Empresas Ferroviárias no  ,0,2023-01-12T16:46:29Z,12/1/2023 13:46,439
Comunicado N° 39.655,10/1/2023 14:07,Divulga nome aprovado de pessoas eleitas/nomeadas para cargos de órgãos estatutários ou contratuais de sociedades autorizadas a funcionar pelo Banco Central do Brasil.,DEORF,129997,Comunicado,39655,0,Divulga nome aprovado de pessoas eleitas/nomeadas para cargos de órgãos estatutários ou  Instituição Cooperativa de Crédito dos Profissionais de Saúde e de Livre Admissão do  ,0,2023-01-10T17:07:37Z,10/1/2023 14:07,440
Comunicado N° 39.650,9/1/2023 14:09,Divulga nome aprovado de pessoas eleitas/nomeadas para cargos de órgãos estatutários ou contratuais de sociedades autorizadas a funcionar pelo Banco Central do Brasil.,DEORF,129992,Comunicado,39650,0,Instituição Central das Cooperativas de Crédito Unicoob - Sicoob Central Unicoob (CNPJ  Instituição Cooperativa de Crédito e Investimento com Interação Solidária Vanguarda  ,0,2023-01-09T17:09:47Z,9/1/2023 14:09,441
Comunicado N° 39.638,5/1/2023 14:00,Divulga nome aprovado de pessoas eleitas/nomeadas para cargos de órgãos estatutários ou contratuais de sociedades autorizadas a funcionar pelo Banco Central do Brasil.,DEORF,129980,Comunicado,39638,0,Divulga nome aprovado de pessoas eleitas/nomeadas para cargos de órgãos estatutários ou contratuais de  Instituição Cooperativa de Crédito Rural Seara - Crediseara (CNPJ 00.204.963  ,0,2023-01-05T17:00:29Z,5/1/2023 14:00,442
Comunicado N° 39.620,2/1/2023 14:03,Divulga nome aprovado de pessoas eleitas/nomeadas para cargos de órgãos estatutários ou contratuais de sociedades autorizadas a funcionar pelo Banco Central do Brasil.,DEORF,129962,Comunicado,39620,0,Divulga nome aprovado de pessoas eleitas/nomeadas para cargos de órgãos estatutários ou  Instituição Cooperativa de Crédito CrediNacional Ltda. - Sicoob CrediNacional (CNPJ  ,0,2023-01-02T17:03:29Z,2/1/2023 14:03,443
Comunicado N° 39.618,30/12/2022 14:24,Divulga nome aprovado de pessoas eleitas/nomeadas para cargos de órgãos estatutários ou contratuais de sociedades autorizadas a funcionar pelo Banco Central do Brasil.,DEORF,129960,Comunicado,39618,0,Instituição Cooperativa Central de Crédito de Santa Catarina e Rio Grande do Sul - Sicoob  Instituição Cooperativa de Crédito Rural com Interação Solidária Centro Norte - Cresol  ,0,2022-12-30T17:24:12Z,30/12/2022 14:24,444
Comunicado N° 39.611,29/12/2022 15:18,Divulga nome aprovado de pessoas eleitas/nomeadas para cargos de órgãos estatutários ou contratuais de sociedades autorizadas a funcionar pelo Banco Central do Brasil.,DEORF,129953,Comunicado,39611,0,"Instituição Cooperativa de Crédito, Poupança e Investimento Bandeirantes - Sicredi  Instituição Cooperativa de Crédito dos Empregados do Grupo Neffa e Demais Estabelecimentos  ",0,2022-12-29T18:18:45Z,29/12/2022 15:18,445
Comunicado N° 39.602,27/12/2022 14:01,Divulga nome aprovado de pessoas eleitas/nomeadas para cargos de órgãos estatutários ou contratuais de sociedades autorizadas a funcionar pelo Banco Central do Brasil.,DEORF,129944,Comunicado,39602,0,"Instituição Cooperativa de Crédito, Poupança e Investimento Aliança - Sicredi Aliança PR  Instituição Cooperativa de Crédito de Livre Admissão do Médio Leste de Mato Grosso  ",0,2022-12-27T17:01:57Z,27/12/2022 14:01,446
Comunicado N° 39.581,22/12/2022 09:27,Divulga nome aprovado de pessoas eleitas/nomeadas para cargos de órgãos estatutários ou contratuais de sociedades autorizadas a funcionar pelo Banco Central do Brasil.,DEORF,129923,Comunicado,39581,0,Instituição Cooperativa de Crédito da Região Central de Minas Ltda. - Sicoob União Central  Instituição Cooperativa de Crédito dos Magistrados do Estado do Rio de Janeiro Ltda  ,0,2022-12-22T12:27:39Z,22/12/2022 09:27,447
Instrução Normativa BCB N° 338,20/12/2022 13:47,"Altera as Instruções de preenchimento e o leiaute do documento de código 2062 - Demonstrativo de Limites Operacionais Individuais (DLI), de que trata a Instrução Normativa BCB nº 85, de 10 de março de 2021.",DESIG,51951,Instrução Normativa BCB,338,0,"R E S O L V  e o funcionamento de sociedade de crédito direto e de sociedade de
empréstimo entre  e 5.051, que
dispõe sobre a organização e o funcionamento de cooperativas de crédito  ",0,2022-12-20T16:47:00Z,20/12/2022 13:47,448
Comunicado N° 39.554,16/12/2022 09:23,Divulga nome aprovado de pessoas eleitas/nomeadas para cargos de órgãos estatutários ou contratuais de sociedades autorizadas a funcionar pelo Banco Central do Brasil.,DEORF,129896,Comunicado,39554,0,"Divulga nome aprovado de pessoas eleitas/nomeadas para cargos de órgãos estatutários ou  Instituição Cooperativa de Crédito, Poupança e Investimento Botucaraí - Sicredi Botucaraí  ",0,2022-12-16T12:23:53Z,16/12/2022 09:23,449
Comunicado N° 39.550,15/12/2022 09:45,Divulga nome aprovado de pessoas eleitas/nomeadas para cargos de órgãos estatutários ou contratuais de sociedades autorizadas a funcionar pelo Banco Central do Brasil.,DEORF,129892,Comunicado,39550,0,"Instituição Cooperativa de Crédito, Poupança e Investimento da Região da Produção  E SERÁ REMANEJADA PARA A DIRETORIA FINANCEIRA E DE CRÉDITO A PARTIR DE 23/10/2022  ",0,2022-12-15T12:45:51Z,15/12/2022 09:45,450
Comunicado N° 39.545,14/12/2022 10:19,Divulga nome aprovado de pessoas eleitas/nomeadas para cargos de órgãos estatutários ou contratuais de sociedades autorizadas a funcionar pelo Banco Central do Brasil.,DEORF,129887,Comunicado,39545,0,Divulga nome aprovado de pessoas eleitas/nomeadas para cargos de órgãos estatutários ou contratuais de  Instituição Cooperativa de Crédito - Sicoob Credmetal (CNPJ 03.535.065  ,0,2022-12-14T13:19:22Z,14/12/2022 10:19,451
Comunicado N° 39.539,13/12/2022 09:16,Divulga nome aprovado de pessoas eleitas/nomeadas para cargos de órgãos estatutários ou contratuais de sociedades autorizadas a funcionar pelo Banco Central do Brasil.,DEORF,129881,Comunicado,39539,0,Instituição Cooperativa Central de Crédito com Interação Solidária - Central Cresol Baser  Instituição QI Sociedade de Crédito Direto S.A (CNPJ 32.402.502  ,0,2022-12-13T12:16:13Z,13/12/2022 09:16,452
Comunicado N° 39.534,12/12/2022 09:50,Divulga nome aprovado de pessoas eleitas/nomeadas para cargos de órgãos estatutários ou contratuais de sociedades autorizadas a funcionar pelo Banco Central do Brasil.,DEORF,129876,Comunicado,39534,0,Divulga nome aprovado de pessoas eleitas/nomeadas para cargos de órgãos estatutários ou  Instituição Cooperativa de Economia e Crédito Mútuo dos Empregados de Estabelecimentos  ,0,2022-12-12T12:50:48Z,12/12/2022 09:50,453
Comunicado N° 39.528,9/12/2022 08:31,Divulga nome aprovado de pessoas eleitas/nomeadas para cargos de órgãos estatutários ou contratuais de sociedades autorizadas a funcionar pelo Banco Central do Brasil.,DEORF,129870,Comunicado,39528,0,"Instituição Cooperativa de Crédito, Poupança e Investimento de Lajeado - Sicredi  Instituição Cooperativa de Crédito Mútuo Serra Mar Ltda. - Unicred Serra Mar (CNPJ  ",0,2022-12-09T11:31:44Z,9/12/2022 08:31,454
Instrução Normativa BCB N° 335,8/12/2022 09:33,Estabelece o conteúdo e a forma de prestação de informações relativas a pagamentos de varejo e canais de atendimento por instituições autorizadas a funcionar pelo Banco Central do Brasil.,DECEM,51936,Instrução Normativa BCB,335,0,"R E S O L V E  caixas
econômicas, sociedades de crédito, financiamento e investimento, sociedades de
crédito direto, sociedades de crédito ao microempreendedor e à empresa de  ",0,2022-12-08T12:33:00Z,8/12/2022 09:33,455
Comunicado N° 39.512,7/12/2022 09:45,Divulga nome aprovado de pessoas eleitas/nomeadas para cargos de órgãos estatutários ou contratuais de sociedades autorizadas a funcionar pelo Banco Central do Brasil.,DEORF,129854,Comunicado,39512,0,"Instituição Cooperativa de Crédito do Sudoeste Baiano Ltda. - Sicoob Crediconquista (CNPJ  Luizacred S.A. Sociedade de Crédito, Financiamento e Investimento (CNPJ 02.206.577  ",0,2022-12-07T12:45:30Z,7/12/2022 09:45,456
Comunicado N° 39.505,6/12/2022 10:52,Divulga nome aprovado de pessoas eleitas/nomeadas para cargos de órgãos estatutários ou contratuais de sociedades autorizadas a funcionar pelo Banco Central do Brasil.,DEORF,129847,Comunicado,39505,0,Instituição Cooperativa de Crédito Mútuo dos Empregados da SKF e Coligadas (CNPJ  Instituição Cooperativa de Crédito de Livre Admissão do Vale do São Patrício Ltda. (CNPJ  ,0,2022-12-06T13:52:26Z,6/12/2022 10:52,457
Comunicado N° 39.500,5/12/2022 10:46,Divulga nome aprovado de pessoas eleitas/nomeadas para cargos de órgãos estatutários ou contratuais de sociedades autorizadas a funcionar pelo Banco Central do Brasil.,DEORF,129842,Comunicado,39500,0,Instituição Cooperativa de Crédito de Livre Admissão e dos Advogados Ltda - Sicoob  Instituição Cooperativa de Crédito de Livre Admissão do Estado do Rio de Janeiro - Sicoob  ,0,2022-12-05T13:46:08Z,5/12/2022 10:46,458
Comunicado N° 39.493,2/12/2022 08:41,Divulga nome aprovado de pessoas eleitas/nomeadas para cargos de órgãos estatutários ou contratuais de sociedades autorizadas a funcionar pelo Banco Central do Brasil.,DEORF,129835,Comunicado,39493,0,"Instituição Cooperativa Central de Crédito de Goiás, Distrito Federal e Tocantins Ltda  Instituição Sicredi Expansão - Cooperativa de Crédito (CNPJ 41.180.092  ",0,2022-12-02T11:41:52Z,2/12/2022 08:41,459
Comunicado N° 39.486,1/12/2022 09:20,Divulga nome aprovado de pessoas eleitas/nomeadas para cargos de órgãos estatutários ou contratuais de sociedades autorizadas a funcionar pelo Banco Central do Brasil.,DEORF,129828,Comunicado,39486,0,Instituição Cooperativa de Crédito Rural com Interação Solidária Confiança - Cresol  Instituição Cooperativa de Crédito Clássica dos Funcionários e Prestadores de Serviços das  ,0,2022-12-01T12:20:07Z,1/12/2022 09:20,460
Comunicado N° 39.480,30/11/2022 14:38,Divulga nome aprovado de pessoas eleitas/nomeadas para cargos de órgãos estatutários ou contratuais de sociedades autorizadas a funcionar pelo Banco Central do Brasil.,DEORF,129822,Comunicado,39480,0,Divulga nome aprovado de pessoas eleitas/nomeadas para cargos de órgãos estatutários ou  Instituição Cooperativa de Economia e Crédito Mútuo dos Funcionários da Educação e  ,0,2022-11-30T17:38:43Z,30/11/2022 14:38,461
Comunicado N° 39.474,29/11/2022 10:10,Divulga nome aprovado de pessoas eleitas/nomeadas para cargos de órgãos estatutários ou contratuais de sociedades autorizadas a funcionar pelo Banco Central do Brasil.,DEORF,129816,Comunicado,39474,0,Instituição Cooperativa de Crédito de Livre Admissão de Itajubá Ltda. - Sicoob Sudeste  Instituição Cooperativa de Crédito de Livre Admissão da Região Central de Rondônia  ,0,2022-11-29T13:10:35Z,29/11/2022 10:10,462
Comunicado N° 39.467,28/11/2022 09:25,Divulga nome aprovado de pessoas eleitas/nomeadas para cargos de órgãos estatutários ou contratuais de sociedades autorizadas a funcionar pelo Banco Central do Brasil.,DEORF,129809,Comunicado,39467,0,"Instituição Cooperativa de Crédito Crediagro Ltda. - Sicoob Crediagro (CNPJ 00.429.890  Instituição Cooperativa de Crédito, Poupança e Investimento Pantanal do Mato Grosso do Sul  ",0,2022-11-28T12:25:24Z,28/11/2022 09:25,463
Resolução BCB N° 266,25/11/2022 14:16,"Altera circulares e resolução BCB que estabelecem procedimentos para cálculo das parcelas do montante de ativos ponderados pelo risco (RWA), do Adicional Contracíclico de Capital Principal (ACPContracíclico) e do capital para cobertura do risco de variação das taxas de juros em instrumentos classificados na carteira bancária (IRRBB) para aplicação ao conglomerado do Tipo 3 e altera as circulares que estabelecem as parcelas de RWA nas abordagens simplificadas para aplicação aos conglomerados dos Tipos 2 e 3.",SECRE,51927,Resolução BCB,266,0,"Altera circulares e resolução BCB que estabelecem procedimentos para cálculo das parcelas do montante de ativos ponderados pelo risco (RWA), do Adicional Contracíclico de Capital  ",0,2022-11-25T17:16:00Z,25/11/2022 14:16,464
Resolução CMN N° 5.052,25/11/2022 14:11,Dispõe sobre o funcionamento das associações de poupança e empréstimo.,SECRE,51924,Resolução CMN,5052,0,"Dispõe sobre o funcionamento das associações de poupança e empréstimo  Publicada no DOU de 28/11/2022, Seção 1, p. 28/29  1º, §§ 4º e 5º, 17, 28 e 29, inciso III  9º da Lei nº 4.595, de  ",0,2022-11-25T17:11:00Z,25/11/2022 14:11,465
Resolução CMN N° 5.051,25/11/2022 14:09,Dispõe sobre a organização e o funcionamento de cooperativas de crédito.,SECRE,51923,Resolução CMN,5051,0,"do disposto nesta Resolução, consideram-se cooperativas de crédito a
cooperativa singular de crédito, a cooperativa central de crédito e a
confederação de crédito constituída  ",0,2022-11-25T17:09:00Z,25/11/2022 14:09,466
Resolução CMN N° 5.049,25/11/2022 14:07,"Altera as Resoluções ns. 4.282, de 4 de novembro de 2013, 4.553, de 30 de janeiro de 2017, 4.606, de 19 de outubro de 2017, 4.677, de 31 de julho de 2018, e as Resoluções CMN ns. 4.955, de 21 de outubro de 2021, e 4.958, de 21 de outubro de 2021.",SECRE,51921,Resolução CMN,5049,0,"Altera as Resoluções ns. 4.282, de 4 de novembro de 2013, 4.553, de 30 de janeiro de 2017, 4.606, de  II
- Grupo II instituições não bancárias de atuação em concessão de crédito; e  ",0,2022-11-25T17:07:00Z,25/11/2022 14:07,467
Resolução CMN N° 5.044,25/11/2022 14:02,Dispõe sobre a captação de depósitos de poupança.,SECRE,51916,Resolução CMN,5044,0,"poupança pode ser solicitada por cooperativa de crédito queI -
integre sistema cooperativo organizado em três níveis que apresente  ",0,2022-11-25T17:02:00Z,25/11/2022 14:02,468
Resolução CMN N° 5.043,25/11/2022 14:00,"Disciplina a participação societária, no País e no exterior, e a instalação de dependências, no exterior, por instituições financeiras e demais instituições autorizadas a funcionar pelo Banco Central do Brasil.",SECRE,51915,Resolução CMN,5043,0,"Disciplina a participação societária, no País e no exterior, e a instalação de dependências, no exterior  1º  O
disposto nesta Resolução não se aplica às cooperativas de crédito  ",0,2022-11-25T17:00:00Z,25/11/2022 14:00,469
Comunicado N° 39.461,25/11/2022 10:53,Divulga nome aprovado de pessoas eleitas/nomeadas para cargos de órgãos estatutários ou contratuais de sociedades autorizadas a funcionar pelo Banco Central do Brasil.,DEORF,129803,Comunicado,39461,0,Instituição Cooperativa de Crédito Credimota - Sicoob Credimota (CNPJ 66.788.142  Instituição SudaCred - Sociedade de Crédito ao Microempreendedor e à Empresa de Pequeno  ,0,2022-11-25T13:53:05Z,25/11/2022 10:53,470
Instrução Normativa BCB N° 330,24/11/2022 13:05,"Consolida os procedimentos para o registro de informações cadastrais no Sistema de Informações sobre Entidades de Interesse do Banco Central (Unicad) de que trata a Resolução BCB nº 209, de 22 de março de 2022.",DESIG,51913,Instrução Normativa BCB,330,0,Consolida os procedimentos para o registro de informações cadastrais no Sistema de Informações sobre Entidades de Interesse do Banco Central (Unicad) de que trata a Resolução BCB  ,0,2022-11-24T16:05:00Z,24/11/2022 13:05,471
Instrução Normativa BCB N° 329,24/11/2022 12:51,"Altera a Instrução Normativa BCB nº 81, de 23 de fevereiro de 2021, que consolida os procedimentos para a remessa das informações relativas às apurações de limites e padrões regulamentares de que trata o art. 1º da Resolução BCB nº 69, de 10 de fevereiro de 2021, e altera as Instruções de preenchimento e o Leiaute do documento de código 2061 - Demonstrativo de Limites Operacionais (DLO).",DESIG,51912,Instrução Normativa BCB,329,0,"na apuração do limite de exposição por cliente, de
créditos a liberar em operações crédito realizadas com capital destacado, com
fins a  ",0,2022-11-24T15:51:00Z,24/11/2022 12:51,472
Comunicado N° 39.455,24/11/2022 08:27,Divulga nome aprovado de pessoas eleitas/nomeadas para cargos de órgãos estatutários ou contratuais de sociedades autorizadas a funcionar pelo Banco Central do Brasil.,DEORF,129797,Comunicado,39455,0,"Instituição Cooperativa de Crédito Mútuo dos Servidores de Órgãos Gestores de Recursos  Instituição Cooperativa de Economia e Crédito Mútuo dos Empregados do Grupo Casino, Grupo  ",0,2022-11-24T11:27:23Z,24/11/2022 08:27,473
Comunicado N° 39.450,23/11/2022 09:19,Divulga nome aprovado de pessoas eleitas/nomeadas para cargos de órgãos estatutários ou contratuais de sociedades autorizadas a funcionar pelo Banco Central do Brasil.,DEORF,129792,Comunicado,39450,0,Divulga nome aprovado de pessoas eleitas/nomeadas para cargos de órgãos estatutários ou  Instituição Cooperativa de Crédito de Livre Admissão do Tocantins Ltda. (CNPJ 26.960.328  ,0,2022-11-23T12:19:12Z,23/11/2022 09:19,474
Comunicado N° 39.445,22/11/2022 10:38,Divulga nome aprovado de pessoas eleitas/nomeadas para cargos de órgãos estatutários ou contratuais de sociedades autorizadas a funcionar pelo Banco Central do Brasil.,DEORF,129787,Comunicado,39445,0,Divulga nome aprovado de pessoas eleitas/nomeadas para cargos de  Instituição Unicred Regional Norte Lagos - Cooperativa de Economia e Crédito Mútuo Regional Norte Lagos Ltda. (CNPJ  ,0,2022-11-22T13:38:19Z,22/11/2022 10:38,475
Comunicado N° 39.440,21/11/2022 15:23,Divulga nome aprovado de pessoas eleitas/nomeadas para cargos de órgãos estatutários ou contratuais de sociedades autorizadas a funcionar pelo Banco Central do Brasil.,DEORF,129782,Comunicado,39440,0,Instituição Cooperativa de Crédito do Centro-Sul Mineiro Ltda. - Sicoob Centro-Sul Mineiro  Instituição Cooperativa de Crédito de Livre Admissão de Associados de Jaraguá do Sul e  ,0,2022-11-21T18:23:42Z,21/11/2022 15:23,476
Comunicado N° 39.439,21/11/2022 11:26,Divulga nome aprovado de pessoas eleitas/nomeadas para cargos de órgãos estatutários ou contratuais de sociedades autorizadas a funcionar pelo Banco Central do Brasil.,DEORF,129781,Comunicado,39439,0,Instituição Cooperativa de Crédito dos Empregados do Grupo Vallourec no Brasil - Coovall  Instituição Cooperativa de Crédito de Livre Admissão do Tocantins Ltda. (CNPJ 26.960.328  ,0,2022-11-21T14:26:38Z,21/11/2022 11:26,477
Comunicado N° 39.424,17/11/2022 10:44,Divulga nome aprovado de pessoas eleitas/nomeadas para cargos de órgãos estatutários ou contratuais de sociedades autorizadas a funcionar pelo Banco Central do Brasil.,DEORF,129766,Comunicado,39424,0,"Instituição Cooperativa de Crédito, Poupança e Investimento dos Policiais Federais do Rio  Instituição Cooperativa de Economia e Crédito Mútuo dos Médicos e Categorias Afins  ",0,2022-11-17T13:44:28Z,17/11/2022 10:44,478
Comunicado N° 39.419,16/11/2022 11:30,Divulga nome aprovado de pessoas eleitas/nomeadas para cargos de órgãos estatutários ou contratuais de sociedades autorizadas a funcionar pelo Banco Central do Brasil.,DEORF,129761,Comunicado,39419,0,Instituição Cooperativa de Crédito de Livre Admissão da Região Metropolitana de Goiânia  Instituição Cooperativa de Crédito de Servidores da UESC - Uescoop (CNPJ 10.548.608  ,0,2022-11-16T14:30:45Z,16/11/2022 11:30,479
Comunicado N° 39.409,11/11/2022 09:18,"Divulga, para fins de recebimento de eventuais objeções, nomes de pessoas eleitas ou nomeadas para ocupar cargos de administração em instituições autorizadas a funcionar",DEORF,129751,Comunicado,39409,0,"Técnica em Salvador (GTSAL) 
Instituição Cooperativa de Crédito Sicoob Sertão Ltda. (CNPJ 02.057.584  ",0,2022-11-11T12:18:11Z,11/11/2022 09:18,480
Comunicado N° 39.402,10/11/2022 09:53,Divulga nome aprovado de pessoas eleitas/nomeadas para cargos de órgãos estatutários ou contratuais de sociedades autorizadas a funcionar pelo Banco Central do Brasil.,DEORF,129744,Comunicado,39402,0,Instituição Cooperativa de Crédito dos Bancários de São Paulo e Municípios Limítrofes  Instituição Cooperativa de Crédito de Cascavel e Região - Sicoob Credicapital (CNPJ  ,0,2022-11-10T12:53:42Z,10/11/2022 09:53,481
Comunicado N° 39.397,9/11/2022 09:45,Divulga nome aprovado de pessoas eleitas/nomeadas para cargos de órgãos estatutários ou contratuais de sociedades autorizadas a funcionar pelo Banco Central do Brasil.,DEORF,129739,Comunicado,39397,0,Instituição Cooperativa de Crédito de Livre Admissão do Sudoeste Goiano (CNPJ 24.795.049  Instituição Cooperativa de Crédito de Livre Admissão da Grande Goiânia Ltda. (CNPJ  ,0,2022-11-09T12:45:07Z,9/11/2022 09:45,482
Comunicado N° 39.389,8/11/2022 09:52,Divulga nome aprovado de pessoas eleitas/nomeadas para cargos de órgãos estatutários ou contratuais de sociedades autorizadas a funcionar pelo Banco Central do Brasil.,DEORF,129731,Comunicado,39389,0,"Instituição Cooperativa de Crédito, Poupança e Investimento da Região das Flores, das  Instituição Cooperativa de Economia e Crédito Mútuo dos Empregados do Banrisul (CNPJ  ",0,2022-11-08T12:52:04Z,8/11/2022 09:52,483
Comunicado N° 39.383,7/11/2022 11:51,Divulga nome aprovado de pessoas eleitas/nomeadas para cargos de órgãos estatutários ou contratuais de sociedades autorizadas a funcionar pelo Banco Central do Brasil.,DEORF,129725,Comunicado,39383,0,Instituição Cooperativa de Economia e Crédito Mútuo Sicoob Cred-Acilpa (CNPJ 09.004.796  Instituição Cooperativa de Crédito e Economia com Interação Solidária - Cresol Noroeste  ,0,2022-11-07T14:51:03Z,7/11/2022 11:51,484
Comunicado N° 39.378,4/11/2022 09:15,Divulga nome aprovado de pessoas eleitas/nomeadas para cargos de órgãos estatutários ou contratuais de sociedades autorizadas a funcionar pelo Banco Central do Brasil.,DEORF,129720,Comunicado,39378,0,Instituição CrediSis Sudoeste/RO - Cooperativa de Crédito e Investimento do Sudoeste de Rondônia (CNPJ  ,0,2022-11-04T12:15:39Z,4/11/2022 09:15,485
Comunicado N° 39.371,3/11/2022 09:57,Divulga nome aprovado de pessoas eleitas/nomeadas para cargos de órgãos estatutários ou contratuais de sociedades autorizadas a funcionar pelo Banco Central do Brasil.,DEORF,129713,Comunicado,39371,0,"Instituição Blu Sociedade de Crédito Direto S.A. (CNPJ INEXISTENTE  Instituição Central das Cooperativas de Crédito dos Estados de Mato Grosso, Mato Grosso do  ",0,2022-11-03T12:57:24Z,3/11/2022 09:57,486
Comunicado N° 39.365,1/11/2022 10:38,Divulga nome aprovado de pessoas eleitas/nomeadas para cargos de órgãos estatutários ou contratuais de sociedades autorizadas a funcionar pelo Banco Central do Brasil.,DEORF,129707,Comunicado,39365,0,"Instituição Cooperativa de Crédito, Poupança e Investimento União de Estados Rio Grande do  Instituição Cooperativa de Crédito de Livre Admissão da Região Sul do Maranhão - Sicredi  ",0,2022-11-01T13:38:00Z,1/11/2022 10:38,487
Comunicado N° 39.359,31/10/2022 11:57,Divulga nome aprovado de pessoas eleitas/nomeadas para cargos de órgãos estatutários ou contratuais de sociedades autorizadas a funcionar pelo Banco Central do Brasil.,DEORF,129701,Comunicado,39359,0,"Instituição Cooperativa de Economia e Crédito Mútuo dos Colaboradores da Vale S.A. Ltda  Instituição Cooperativa de Crédito, Poupança e Investimento do Planalto Central - Sicredi  ",0,2022-10-31T14:57:08Z,31/10/2022 11:57,488
Instrução Normativa BCB N° 315,27/10/2022 18:29,Define as rubricas contábeis do grupo Resultado Devedor do elenco de contas do Padrão Contábil das Instituições Reguladas pelo Banco Central do Brasil (Cosif) para utilização pelas instituições financeiras e demais instituições autorizadas a funcionar pelo Banco Central do Brasil.,DENOR,51889,Instrução Normativa BCB,315,0,Define as rubricas contábeis do grupo Resultado Devedor do elenco de contas do Padrão Contábil das Instituições Reguladas pelo Banco Central do Brasil (Cosif) para utilização  ,0,2022-10-27T21:29:00Z,27/10/2022 18:29,489
Comunicado N° 39.347,27/10/2022 14:31,Divulga nome aprovado de pessoas eleitas/nomeadas para cargos de órgãos estatutários ou contratuais de sociedades autorizadas a funcionar pelo Banco Central do Brasil.,DEORF,129689,Comunicado,39347,0,Instituição Cooperativa de Crédito CredSãoPaulo - Sicoob CredSãoPaulo (CNPJ 02.197.569  Instituição Cooperativa de Crédito de Livre Admissão de Associados Sul Catarinense  ,0,2022-10-27T17:31:27Z,27/10/2022 14:31,490
Comunicado N° 39.339,26/10/2022 14:28,Divulga nome aprovado de pessoas eleitas/nomeadas para cargos de órgãos estatutários ou contratuais de sociedades autorizadas a funcionar pelo Banco Central do Brasil.,DEORF,129681,Comunicado,39339,0,Instituição Cooperativa de Economia e Crédito Mútuo - Sicoob Cooperac (CNPJ 08.071.414  Instituição Cooperativa de Crédito Rural Coopavel (CNPJ 76.461.557  ,0,2022-10-26T17:28:27Z,26/10/2022 14:28,491
Comunicado N° 39.331,25/10/2022 14:39,Divulga nome aprovado de pessoas eleitas/nomeadas para cargos de órgãos estatutários ou contratuais de sociedades autorizadas a funcionar pelo Banco Central do Brasil.,DEORF,129673,Comunicado,39331,0,Divulga nome aprovado de pessoas eleitas/nomeadas para cargos de órgãos estatutários ou  Instituição Cooperativa de Economia e Crédito Mútuo dos Empregados de Furnas e das demais  ,0,2022-10-25T17:39:59Z,25/10/2022 14:39,492
Comunicado N° 39.325,24/10/2022 13:56,Divulga nome aprovado de pessoas eleitas/nomeadas para cargos de órgãos estatutários ou contratuais de sociedades autorizadas a funcionar pelo Banco Central do Brasil.,DEORF,129667,Comunicado,39325,0,"Instituição Cooperativa de Crédito, Poupança e Investimento Alto Uruguai - Sicredi Alto  Instituição Cooperativa de Crédito Original - Sicoob Original (CNPJ 81.292.278  ",0,2022-10-24T16:56:22Z,24/10/2022 13:56,493
Comunicado N° 39.319,21/10/2022 17:43,Divulga nome aprovado de pessoas eleitas/nomeadas para cargos de órgãos estatutários ou contratuais de sociedades autorizadas a funcionar pelo Banco Central do Brasil.,DEORF,129660,Comunicado,39319,0,Instituição Cooperativa de Crédito dos Servidores dos Poderes Legislativos do Estado de  Instituição Cooperativa de Crédito de Livre Admissão - Sicoob Coopjus Ltda. (CNPJ  ,0,2022-10-21T20:43:35Z,21/10/2022 17:43,494
Comunicado N° 39.310,20/10/2022 15:19,Divulga nome aprovado de pessoas eleitas/nomeadas para cargos de órgãos estatutários ou contratuais de sociedades autorizadas a funcionar pelo Banco Central do Brasil.,DEORF,129652,Comunicado,39310,0,Instituição Bamaq Capital - Sociedade de Crédito Direto S.A. (CNPJ INEXISTENTE  Instituição Sicoob Unimais Metropolitana - Cooperativa de Crédito de Livre Admissão (CNPJ 00.259.231  ,0,2022-10-20T18:19:03Z,20/10/2022 15:19,495
Comunicado N° 39.280,17/10/2022 14:20,Divulga nome aprovado de pessoas eleitas/nomeadas para cargos de órgãos estatutários ou contratuais de sociedades autorizadas a funcionar pelo Banco Central do Brasil.,DEORF,129622,Comunicado,39280,0,"Divulga nome aprovado de pessoas eleitas/nomeadas para cargos de órgãos estatutários ou  Instituição Cooperativa de Crédito, Poupança e Investimento Alto Rio Grande MG - Sicredi  ",0,2022-10-17T17:20:38Z,17/10/2022 14:20,496
Comunicado N° 39.272,14/10/2022 10:40,Divulga nome aprovado de pessoas eleitas/nomeadas para cargos de órgãos estatutários ou contratuais de sociedades autorizadas a funcionar pelo Banco Central do Brasil.,DEORF,129614,Comunicado,39272,0,Instituição Cooperativa de Crédito de Cascavel e Região - Sicoob Credicapital (CNPJ  Instituição Cooperativa de Crédito Sicredi Centro Pernambucana (CNPJ 41.255.225  ,0,2022-10-14T13:40:59Z,14/10/2022 10:40,497
Comunicado N° 39.266,13/10/2022 10:59,Divulga nome aprovado de pessoas eleitas/nomeadas para cargos de órgãos estatutários ou contratuais de sociedades autorizadas a funcionar pelo Banco Central do Brasil.,DEORF,129608,Comunicado,39266,0,Instituição Cooperativa de Crédito Rural com Interação Solidária Conexões - Cresol  Instituição Cooperativa de Crédito do Sudoeste Baiano Ltda. - Sicoob Crediconquista (CNPJ  ,0,2022-10-13T13:59:05Z,13/10/2022 10:59,498
Comunicado N° 39.258,11/10/2022 09:50,Divulga nome aprovado de pessoas eleitas/nomeadas para cargos de órgãos estatutários ou contratuais de sociedades autorizadas a funcionar pelo Banco Central do Brasil.,DEORF,129600,Comunicado,39258,0,Divulga nome aprovado de pessoas eleitas/nomeadas para cargos de órgãos estatutários ou  Instituição Cooperativa de Crédito dos Metalúrgicos do ABC - CredABC (CNPJ 05.740.092  ,0,2022-10-11T12:50:06Z,11/10/2022 09:50,499
Comunicado N° 39.254,10/10/2022 12:30,Divulga nome aprovado de pessoas eleitas/nomeadas para cargos de órgãos estatutários ou contratuais de sociedades autorizadas a funcionar pelo Banco Central do Brasil.,DEORF,129596,Comunicado,39254,0,"Instituição Cooperativa de Crédito dos Médicos, Técnicos e Demais Profissionais da Saúde  Instituição Cooperativa de Crédito da Região Meridional do Brasil - Sicoob Unicoob  ",0,2022-10-10T15:30:36Z,10/10/2022 12:30,500
Comunicado N° 39.248,7/10/2022 11:30,Divulga nome aprovado de pessoas eleitas/nomeadas para cargos de órgãos estatutários ou contratuais de sociedades autorizadas a funcionar pelo Banco Central do Brasil.,DEORF,129590,Comunicado,39248,0,Instituição Cooperativa de Crédito de Livre Admissão Sicoob União Sudeste (CNPJ 07.946.216  Instituição Cooperativa de Crédito de Livre Admissão de Palmeiras e Região Ltda. (CNPJ  ,0,2022-10-07T14:30:10Z,7/10/2022 11:30,501
Comunicado N° 39.241,6/10/2022 11:09,Divulga nome aprovado de pessoas eleitas/nomeadas para cargos de órgãos estatutários ou contratuais de sociedades autorizadas a funcionar pelo Banco Central do Brasil.,DEORF,129583,Comunicado,39241,0,"Instituição Cooperativa de Crédito Mútuo dos Empregados do Magazine Luiza, Empresas  Instituição Cooperativa de Crédito CredSãoPaulo - Sicoob CredSãoPaulo (CNPJ 02.197.569  ",0,2022-10-06T14:09:02Z,6/10/2022 11:09,502
Comunicado N° 39.235,5/10/2022 11:28,Divulga nome aprovado de pessoas eleitas/nomeadas para cargos de órgãos estatutários ou contratuais de sociedades autorizadas a funcionar pelo Banco Central do Brasil.,DEORF,129576,Comunicado,39235,0,Divulga nome aprovado de pessoas eleitas/nomeadas para cargos de órgãos estatutários ou  Instituição Cooperativa de Crédito de Livre Admissão Sicoob União Sudeste (CNPJ 07.946.216  ,0,2022-10-05T14:28:46Z,5/10/2022 11:28,503
Comunicado N° 39.227,4/10/2022 11:38,Divulga nome aprovado de pessoas eleitas/nomeadas para cargos de órgãos estatutários ou contratuais de sociedades autorizadas a funcionar pelo Banco Central do Brasil.,DEORF,129568,Comunicado,39227,0,"Instituição Cooperativa de Crédito, Poupança e Investimento Planalto - Sicredi Planalto RS  Instituição Cooperativa Central de Economia e Crédito Mútuo das Unicreds do Estado do Rio  ",0,2022-10-04T14:38:19Z,4/10/2022 11:38,504
Comunicado N° 39.223,3/10/2022 11:43,Divulga nome aprovado de pessoas eleitas/nomeadas para cargos de órgãos estatutários ou contratuais de sociedades autorizadas a funcionar pelo Banco Central do Brasil.,DEORF,129564,Comunicado,39223,0,Instituição Cooperativa de Crédito e Serviços Financeiros de Curitiba e Região  Instituição Cooperativa de Crédito de Livre Admissão do Estado do Acre Ltda. (CNPJ  ,0,2022-10-03T14:43:22Z,3/10/2022 11:43,505
Comunicado N° 39.216,30/9/2022 11:24,Divulga nome aprovado de pessoas eleitas/nomeadas para cargos de órgãos estatutários ou contratuais de sociedades autorizadas a funcionar pelo Banco Central do Brasil.,DEORF,129557,Comunicado,39216,0,Instituição Cooperativa de Crédito e Investimento com Interação Solidária Triunfo - Cresol  Instituição Credisis Capitalcredi - Cooperativa de Crédito de Livre Admissão do Acre Ltda  ,0,2022-09-30T14:24:04Z,30/9/2022 11:24,506
Resolução CMN N° 5.037,29/9/2022 18:00,Altera e consolida os atos normativos que dispõem sobre o Sistema de Informações de Créditos (SCR).,SECRE,51870,Resolução CMN,5037,0,"VI - créditos
contratados com recursos a liberar  XI - cooperativas de
crédito  a realizar ou adquirir operações de crédito de que
trata esta Resolução e sujeitas à  ",0,2022-09-29T21:00:00Z,29/9/2022 18:00,507
Comunicado N° 39.208,29/9/2022 14:28,Divulga nome aprovado de pessoas eleitas/nomeadas para cargos de órgãos estatutários ou contratuais de sociedades autorizadas a funcionar pelo Banco Central do Brasil.,DEORF,129549,Comunicado,39208,0,"Instituição Cooperativa de Crédito dos Médicos, Servidores Públicos e Empresários do  Instituição Cooperativa de Crédito de Livre Admissão DFMIL Ltda. - Sicoob   ",0,2022-09-29T17:28:14Z,29/9/2022 14:28,508
Comunicado N° 39.199,27/9/2022 11:12,Divulga nome aprovado de pessoas eleitas/nomeadas para cargos de órgãos estatutários ou contratuais de sociedades autorizadas a funcionar pelo Banco Central do Brasil.,DEORF,129540,Comunicado,39199,0,Instituição Cooperativa de Crédito dos Empregados da Companhia Industrial Cataguases e da  Instituição Cooperativa de Crédito do Centro do Estado de Rondônia - Sicoob Centro (CNPJ  ,0,2022-09-27T14:12:49Z,27/9/2022 11:12,509
Comunicado N° 39.190,26/9/2022 15:10,Divulga nome aprovado de pessoas eleitas/nomeadas para cargos de órgãos estatutários ou contratuais de sociedades autorizadas a funcionar pelo Banco Central do Brasil.,DEORF,129531,Comunicado,39190,0,Instituição Cooperativa de Economia e Crédito Mútuo dos Funcionários do Grupo  Instituição Alesta Sociedade de Crédito Direto S.A. (CNPJ 38.316.293  ,0,2022-09-26T18:10:33Z,26/9/2022 15:10,510
Comunicado N° 39.189,26/9/2022 09:24,"Divulga, para fins de recebimento de eventuais objeções, nomes de pessoas eleitas ou nomeadas para ocupar cargos de administração em instituições autorizadas a funcionar",DEORF,129530,Comunicado,39189,0,"Técnica em Curitiba (GTCUR) 
Instituição Cooperativa de Economia e Crédito de Livre Admissão Ltda. - Sicoob Empresarial  ",0,2022-09-26T12:24:13Z,26/9/2022 09:24,511
Comunicado N° 39.182,23/9/2022 09:23,Divulga nome aprovado de pessoas eleitas/nomeadas para cargos de órgãos estatutários ou contratuais de sociedades autorizadas a funcionar pelo Banco Central do Brasil.,DEORF,129523,Comunicado,39182,0,Instituição Cooperativa de Economia e Crédito Mútuo dos Empregados da Reckitt Benckiser  Instituição Cooperativa de Crédito Sicredi Serrana RS/ES (CNPJ 90.608.712  ,0,2022-09-23T12:23:16Z,23/9/2022 09:23,512
Comunicado N° 39.180,23/9/2022 09:04,"Divulga, para fins de recebimento de eventuais objeções, nomes de pessoas eleitas ou nomeadas para ocupar cargos de administração em instituições autorizadas a funcionar",DEORF,129521,Comunicado,39180,0,"em Belo Horizonte (GTBHO) 
Instituição Cooperativa de Crédito dos Empregados da Companhia Industrial  ",0,2022-09-23T12:04:57Z,23/9/2022 09:04,513
Comunicado N° 39.176,22/9/2022 10:28,Divulga nome aprovado de pessoas eleitas/nomeadas para cargos de órgãos estatutários ou contratuais de sociedades autorizadas a funcionar pelo Banco Central do Brasil.,DEORF,129517,Comunicado,39176,0,Divulgamos o nome aprovado de pessoas  Instituição Credisan Cooperativa de Crédito (CNPJ 62.109.566  Instituição Cooperativa de Crédito de Livre Admissão e dos Advogados Ltda - Sicoob  ,0,2022-09-22T13:28:04Z,22/9/2022 10:28,514
Comunicado N° 39.175,22/9/2022 09:23,"Divulga, para fins de recebimento de eventuais objeções, nomes de pessoas eleitas ou nomeadas para ocupar cargos de administração em instituições autorizadas a funcionar",DEORF,129516,Comunicado,39175,0,"Técnica em Belo Horizonte (GTBHO) 
Instituição Cooperativa de Economia e Crédito Mútuo dos Empregados da Fundação Arthur  ",0,2022-09-22T12:23:01Z,22/9/2022 09:23,515
Comunicado N° 39.171,21/9/2022 10:50,Divulga nome aprovado de pessoas eleitas/nomeadas para cargos de órgãos estatutários ou contratuais de sociedades autorizadas a funcionar pelo Banco Central do Brasil.,DEORF,129512,Comunicado,39171,0,Instituição Independência Cooperativa de Crédito e Investimento - Independência Cooperativa de Crédito (CNPJ 04.306.351  ,0,2022-09-21T13:50:05Z,21/9/2022 10:50,516
Comunicado N° 39.170,21/9/2022 09:15,"Divulga, para fins de recebimento de eventuais objeções, nomes de pessoas eleitas ou nomeadas para ocupar cargos de administração em instituições autorizadas a funcionar",DEORF,129511,Comunicado,39170,0,"Rio de Janeiro (GTRJA) 
Instituição Central Cooperativa de Crédito no Estado do Espírito Santo - Cecoop  ",0,2022-09-21T12:15:59Z,21/9/2022 09:15,517
Comunicado N° 39.166,20/9/2022 11:03,Divulga nome aprovado de pessoas eleitas/nomeadas para cargos de órgãos estatutários ou contratuais de sociedades autorizadas a funcionar pelo Banco Central do Brasil.,DEORF,129507,Comunicado,39166,0,Instituição Unicred Regional Norte Lagos - Cooperativa de Economia e Crédito Mútuo Regional Norte Lagos Ltda. (CNPJ  ,0,2022-09-20T14:03:06Z,20/9/2022 11:03,518
Comunicado N° 39.164,20/9/2022 09:21,"Divulga, para fins de recebimento de eventuais objeções, nomes de pessoas eleitas ou nomeadas para ocupar cargos de administração em instituições autorizadas a funcionar",DEORF,129505,Comunicado,39164,0,"Técnica em Belo Horizonte (GTBHO) 
Instituição Cooperativa de Crédito dos Bancários de São Paulo e  ",0,2022-09-20T12:21:45Z,20/9/2022 09:21,519
Comunicado N° 39.157,16/9/2022 12:20,"Divulga, para fins de recebimento de eventuais objeções, nomes de pessoas eleitas ou nomeadas para ocupar cargos de administração em instituições autorizadas a funcionar",DEORF,129498,Comunicado,39157,0,"Técnica em Porto Alegre (GTPAL) 
Instituição Cooperativa de Crédito Sicredi Serrana RS/ES (CNPJ 90.608.712  ",0,2022-09-16T15:20:35Z,16/9/2022 12:20,520
Comunicado N° 39.156,16/9/2022 11:51,Divulga nome aprovado de pessoas eleitas/nomeadas para cargos de órgãos estatutários ou contratuais de sociedades autorizadas a funcionar pelo Banco Central do Brasil.,DEORF,129497,Comunicado,39156,0,Instituição Cooperativa de Crédito de Livre Admissão de Santa Cruz das Palmeiras e Região  Instituição Servicoop - Cooperativa de Crédito dos Servidores Públicos Estaduais e  ,0,2022-09-16T14:51:09Z,16/9/2022 11:51,521
Comunicado N° 39.150,15/9/2022 16:44,Divulga nome aprovado de pessoas eleitas/nomeadas para cargos de órgãos estatutários ou contratuais de sociedades autorizadas a funcionar pelo Banco Central do Brasil.,DEORF,129491,Comunicado,39150,0,"Instituição Cooperativa de Economia e Crédito Mútuo dos Médicos e Demais Profissionais da  Instituição Cooperativa de Crédito, Poupança e Investimento do Noroeste de Mato Grosso  ",0,2022-09-15T19:44:21Z,15/9/2022 16:44,522
Comunicado N° 39.149,15/9/2022 16:42,"Divulga, para fins de recebimento de eventuais objeções, nomes de pessoas eleitas ou nomeadas para ocupar cargos de administração em instituições autorizadas a funcionar",DEORF,129490,Comunicado,39149,0,"em Curitiba (GTCUR) 
Instituição Cooperativa de Crédito Sicoob Transamazônica (CNPJ 24.431.221) 
Órgão  ",0,2022-09-15T19:42:32Z,15/9/2022 16:42,523
Comunicado N° 39.145,14/9/2022 11:38,Divulga nome aprovado de pessoas eleitas/nomeadas para cargos de órgãos estatutários ou contratuais de sociedades autorizadas a funcionar pelo Banco Central do Brasil.,DEORF,129486,Comunicado,39145,0,Instituição Cooperativa de Crédito Mútuo dos Servidores do Ministério da Educação em São  Instituição Cooperativa de Crédito de Livre Admissão do Vale do Aço Ltda. - Sicoob Vale do  ,0,2022-09-14T14:38:37Z,14/9/2022 11:38,524
Comunicado N° 39.143,14/9/2022 09:57,"Divulga, para fins de recebimento de eventuais objeções, nomes de pessoas eleitas ou nomeadas para ocupar cargos de administração em instituições autorizadas a funcionar",DEORF,129484,Comunicado,39143,0,"Divulga, para fins de recebimento de eventuais objeções, nomes  em Porto Alegre (GTPAL) 
Instituição Cooperativa de Economia e Crédito Mútuo Servidores Públicos Ativos, Inativos e  ",0,2022-09-14T12:57:50Z,14/9/2022 09:57,525
Comunicado N° 39.137,13/9/2022 15:10,Divulga nome aprovado de pessoas eleitas/nomeadas para cargos de órgãos estatutários ou contratuais de sociedades autorizadas a funcionar pelo Banco Central do Brasil.,DEORF,129478,Comunicado,39137,0,Instituição Cooperativa de Crédito Mútuo dos Empregados da Pilkington Brasil (CNPJ  Instituição Cooperativa de Crédito Mútuo dos Servidores Públicos Municipais de São  ,0,2022-09-13T18:10:17Z,13/9/2022 15:10,526
Comunicado N° 39.135,13/9/2022 11:07,"Divulga, para fins de recebimento de eventuais objeções, nomes de pessoas eleitas ou nomeadas para ocupar cargos de administração em instituições autorizadas a funcionar",DEORF,129476,Comunicado,39135,0,"Técnica em Curitiba (GTCUR) 
Instituição Cooperativa de Crédito de Livre Admissão do Sudoeste Goiano  ",0,2022-09-13T14:07:04Z,13/9/2022 11:07,527
Comunicado N° 39.130,12/9/2022 12:17,Divulga nome aprovado de pessoas eleitas/nomeadas para cargos de órgãos estatutários ou contratuais de sociedades autorizadas a funcionar pelo Banco Central do Brasil.,DEORF,129471,Comunicado,39130,0,"Instituição Cooperativa de Crédito de Livre Admissão União do Centro-Oeste de Minas Ltda  Instituição Cooperativa de Crédito, Poupança e Investimento do Noroeste de Mato Grosso  ",0,2022-09-12T15:17:01Z,12/9/2022 12:17,528
Comunicado N° 39.129,12/9/2022 10:20,"Divulga, para fins de recebimento de eventuais objeções, nomes de pessoas eleitas ou nomeadas para ocupar cargos de administração em instituições autorizadas a funcionar",DEORF,129470,Comunicado,39129,0,"Gerência Técnica no Recife (GTREC) 
Instituição Cooperativa de Crédito do Centro do Estado de Rondônia  ",0,2022-09-12T13:20:25Z,12/9/2022 10:20,529
Comunicado N° 39.125,9/9/2022 16:38,Divulga nome aprovado de pessoas eleitas/nomeadas para cargos de órgãos estatutários ou contratuais de sociedades autorizadas a funcionar pelo Banco Central do Brasil.,DEORF,129466,Comunicado,39125,0,Instituição Cooperativa de Crédito de Capital e Empréstimo dos Empregados Celetistas de Cooperativas dos Estados de São Paulo e Minas  ,0,2022-09-09T19:38:57Z,9/9/2022 16:38,530
Comunicado N° 39.124,9/9/2022 10:18,"Divulga, para fins de recebimento de eventuais objeções, nomes de pessoas eleitas ou nomeadas para ocupar cargos de administração em instituições autorizadas a funcionar",DEORF,129465,Comunicado,39124,0,"Técnica em Porto Alegre (GTPAL) 
Instituição Cooperativa de Crédito de Livre Admissão de Associados Sul  ",0,2022-09-09T13:18:55Z,9/9/2022 10:18,531
Comunicado N° 39.117,8/9/2022 11:52,Divulga nome aprovado de pessoas eleitas/nomeadas para cargos de órgãos estatutários ou contratuais de sociedades autorizadas a funcionar pelo Banco Central do Brasil.,DEORF,129458,Comunicado,39117,0,Instituição Cooperativa de Economia e Crédito Mútuo dos Funcionários Públicos Municipais  Instituição Cooperativa de Crédito e Investimento com Interação Solidária Vanguarda  ,0,2022-09-08T14:52:48Z,8/9/2022 11:52,532
Comunicado N° 39.116,8/9/2022 09:46,"Divulga, para fins de recebimento de eventuais objeções, nomes de pessoas eleitas ou nomeadas para ocupar cargos de administração em instituições autorizadas a funcionar",DEORF,129457,Comunicado,39116,0,"Instituição PerCapital Sociedade de Crédito Direto S.A. (instituição em processo de  em Porto Alegre (GTPAL) 
Instituição Cooperativa de Crédito, Poupança e Investimento Alto Rio  ",0,2022-09-08T12:46:46Z,8/9/2022 09:46,533
Comunicado N° 39.111,6/9/2022 10:29,Divulga nome aprovado de pessoas eleitas/nomeadas para cargos de órgãos estatutários ou contratuais de sociedades autorizadas a funcionar pelo Banco Central do Brasil.,DEORF,129452,Comunicado,39111,0,"Instituição Cooperativa de Crédito, Poupança e Investimento Integração do Sul de Mato  Instituição Cooperativa de Crédito e Investimento com Interação Solidária Vale das Águas  ",0,2022-09-06T13:29:52Z,6/9/2022 10:29,534
Comunicado N° 39.110,6/9/2022 09:52,"Divulga, para fins de recebimento de eventuais objeções, nomes de pessoas eleitas ou nomeadas para ocupar cargos de administração em instituições autorizadas a funcionar",DEORF,129451,Comunicado,39110,0,"Alegre (GTPAL) 
Instituição Servicoop - Cooperativa de Crédito dos Servidores Públicos Estaduais e  ",0,2022-09-06T12:52:00Z,6/9/2022 09:52,535
Comunicado N° 39.106,5/9/2022 14:40,Divulga nome aprovado de pessoas eleitas/nomeadas para cargos de órgãos estatutários ou contratuais de sociedades autorizadas a funcionar pelo Banco Central do Brasil.,DEORF,129447,Comunicado,39106,0,Instituição Cooperativa de Crédito de Livre Admissão da Região de Divinópolis Ltda  Instituição Cooperativa de Crédito de Livre Admissão de Associados do Vale do Vinho  ,0,2022-09-05T17:40:36Z,5/9/2022 14:40,536
Comunicado N° 39.105,5/9/2022 10:53,"Divulga, para fins de recebimento de eventuais objeções, nomes de pessoas eleitas ou nomeadas para ocupar cargos de administração em instituições autorizadas a funcionar",DEORF,129446,Comunicado,39105,0,"em Belo Horizonte (GTBHO) 
Instituição Cooperativa de Crédito Mútuo dos Corretores de Seguros do  ",0,2022-09-05T13:53:51Z,5/9/2022 10:53,537
Comunicado N° 39.103,2/9/2022 18:41,"Divulga, para fins de recebimento de eventuais objeções, nomes de pessoas eleitas ou nomeadas para ocupar cargos de administração em instituições autorizadas a funcionar",DEORF,129444,Comunicado,39103,0,"Técnica no Recife (GTREC) 
Instituição Cooperativa de Crédito de Livre Admissão da Região Sul do  ",0,2022-09-02T21:41:06Z,2/9/2022 18:41,538
Comunicado N° 39.099,2/9/2022 11:03,Divulga nome aprovado de pessoas eleitas/nomeadas para cargos de órgãos estatutários ou contratuais de sociedades autorizadas a funcionar pelo Banco Central do Brasil.,DEORF,129440,Comunicado,39099,0,Instituição Cooperativa de Crédito de Livre Admissão do Noroeste de Minas Gerais Ltda  Instituição Cooperativa de Crédito dos Médicos e Profissionais de Saúde de São Luís  ,0,2022-09-02T14:03:36Z,2/9/2022 11:03,539
Instrução Normativa BCB N° 301,1/9/2022 16:42,Estabelece o conteúdo e a forma de prestação de informações relativas a pagamentos de varejo e canais de atendimento por instituições autorizadas a funcionar pelo Banco Central do Brasil.,DECEM,51853,Instrução Normativa BCB,301,1,"bancos múltiplos, bancos múltiplos
cooperativos, bancos comerciais, caixas econômicas, sociedade de crédito
direto, sociedade de crédito ao microempreendedor e à empresa de  ",0,2022-09-01T19:42:00Z,1/9/2022 16:42,540
Comunicado N° 39.092,1/9/2022 10:45,Divulga nome aprovado de pessoas eleitas/nomeadas para cargos de órgãos estatutários ou contratuais de sociedades autorizadas a funcionar pelo Banco Central do Brasil.,DEORF,129433,Comunicado,39092,0,Instituição Cooperativa de Crédito de Livre Admissão de Santo Antônio do Monte Ltda  Instituição Cooperativa de Crédito dos Fornecedores de Cana de Barra Bonita e Região (CNPJ  ,0,2022-09-01T13:45:16Z,1/9/2022 10:45,541
Comunicado N° 39.091,1/9/2022 10:31,"Divulga Declaração de Propósito de responsabilidade do(a)Cooperativa de Crédito, Poupança e Investimento Progresso - Sicredi Progresso PR/SP",DEORF,129432,Comunicado,39091,0,"na condição de administradores da Cooperativa de Crédito, Poupança e Investimento Progresso - Sicredi  ",0,2022-09-01T13:31:54Z,1/9/2022 10:31,542
Comunicado N° 39.086,31/8/2022 10:48,Divulga nome aprovado de pessoas eleitas/nomeadas para cargos de órgãos estatutários ou contratuais de sociedades autorizadas a funcionar pelo Banco Central do Brasil.,DEORF,129427,Comunicado,39086,0,Instituição Cooperativa de Crédito de Livre Admissão de Pedro Leopoldo Ltda. - Sicoob  Instituição Cooperativa de Crédito e Economia com Interação Solidária de Itatiba do Sul  ,0,2022-08-31T13:48:13Z,31/8/2022 10:48,543
Comunicado N° 39.085,31/8/2022 10:37,"Divulga Declaração de Propósito de responsabilidade do(a) Cooperativa De Crédito, Poupança e Investimento Parque Das Araucárias - Sicredi Parque Das Araucárias PR/SC/SP.",DEORF,129426,Comunicado,39085,0,"na condição de administradores da Cooperativa De Crédito, Poupança e Investimento Parque Das  exercendo cargos na administração da cooperativa, a qual submeteu ao Banco Central do  ",0,2022-08-31T13:37:12Z,31/8/2022 10:37,544
Comunicado N° 39.077,30/8/2022 10:38,Divulga nome aprovado de pessoas eleitas/nomeadas para cargos de órgãos estatutários ou contratuais de sociedades autorizadas a funcionar pelo Banco Central do Brasil.,DEORF,129418,Comunicado,39077,0,"Instituição Cooperativa de Crédito, Poupança e Investimento da Região das Flores, das  Instituição Cooperativa de Crédito, Poupança e Investimento do Estado do Piauí - Sicredi  ",0,2022-08-30T13:38:02Z,30/8/2022 10:38,545
Instrução Normativa BCB N° 299,30/8/2022 10:21,"Divulga procedimentos, documentos, prazos e informações necessários à instrução dos pedidos de autorização relacionados ao funcionamento das instituições de que trata a Resolução CMN nº 4.970, de 25 de novembro de 2021.",DEORF,51850,Instrução Normativa BCB,299,0,"20-A, 20-B, 20-C e 20-D e Anexo  Instrução
Normativa não se aplica à cooperativa
singular de crédito filiada a cooperativa
central de crédito, exceto nos casos em que os pedidos de  ",0,2022-08-30T13:21:00Z,30/8/2022 10:21,546
Comunicado N° 39.072,29/8/2022 10:55,Divulga nome aprovado de pessoas eleitas/nomeadas para cargos de órgãos estatutários ou contratuais de sociedades autorizadas a funcionar pelo Banco Central do Brasil.,DEORF,129413,Comunicado,39072,0,Instituição Cooperativa de Crédito Mútuo dos Empregados em Instituições do Sistema  Instituição Cooperativa de Crédito de Livre Admissão do Centro-Sul Rondoniense - Sicoob  ,0,2022-08-29T13:55:18Z,29/8/2022 10:55,547
Comunicado N° 39.067,26/8/2022 15:19,Divulga nome aprovado de pessoas eleitas/nomeadas para cargos de órgãos estatutários ou contratuais de sociedades autorizadas a funcionar pelo Banco Central do Brasil.,DEORF,129408,Comunicado,39067,0,Instituição Cooperativa de Crédito Rural dos Plantadores de Cana da Região de Igarapava  Instituição Cooperativa de Crédito Mútuo dos Servidores Municipais de São João da Boa  ,0,2022-08-26T18:19:29Z,26/8/2022 15:19,548
Comunicado N° 39.063,25/8/2022 14:43,Divulga nome aprovado de pessoas eleitas/nomeadas para cargos de órgãos estatutários ou contratuais de sociedades autorizadas a funcionar pelo Banco Central do Brasil.,DEORF,129404,Comunicado,39063,0,Instituição Cooperativa de Crédito Crediguaçu - Sicoob Crediguaçu (CNPJ 67.960.229  Instituição Cooperativa de Crédito União do Centro Oeste de Minas Ltda. - Sicoob Centro  ,0,2022-08-25T17:43:06Z,25/8/2022 14:43,549
Comunicado N° 39.057,24/8/2022 11:45,Divulga nome aprovado de pessoas eleitas/nomeadas para cargos de órgãos estatutários ou contratuais de sociedades autorizadas a funcionar pelo Banco Central do Brasil.,DEORF,129398,Comunicado,39057,0,"Instituição Cooperativa de Economia e Crédito Mútuo dos Empregados da Joyson Safety  Instituição Cooperativa de Crédito, Poupança e Investimento Essência RS/ES - Sicredi  ",0,2022-08-24T14:45:29Z,24/8/2022 11:45,550
Instrução Normativa BCB N° 297,23/8/2022 12:28,"Consolida procedimentos a serem observados na remessa de informações sobre relacionamentos de cooperativa, de que trata a Resolução BCB nº 221, de 30 de março de 2022, e informa sobre a inclusão de informações no Cadastro de Clientes do Sistema Financeiro Nacional (CCS), de que trata a Resolução BCB nº 179, de 19 de janeiro de 2022. ",DESIG,51847,Instrução Normativa BCB,297,0,"2º  As cooperativas singulares de
crédito devem remeter ao Banco Central do Brasil as  3º, recebidas das cooperativas de crédito singulares, e que estejam em consonância
com o  ",0,2022-08-23T15:28:00Z,23/8/2022 12:28,551
Comunicado N° 39.052,23/8/2022 12:11,Divulga nome de pessoas com intenção de ocupar cargos de administração em instituições autorizadas a funcionar pelo Banco Central do Brasil.,DEORF,129393,Comunicado,39052,0,Divulga nome de pessoas com intenção de ocupar cargos de administração em instituições autorizadas a  Instituição Cooperativa de Crédito Sicredi Serrana RS/ES (CNPJ 90.608.712  ,0,2022-08-23T15:11:28Z,23/8/2022 12:11,552
Comunicado N° 39.051,23/8/2022 11:58,Divulga nome aprovado de pessoas eleitas/nomeadas para cargos de órgãos estatutários ou contratuais de sociedades autorizadas a funcionar pelo Banco Central do Brasil.,DEORF,129392,Comunicado,39051,0,Instituição Cooperativa de Crédito dos Profissionais da Área da Saúde e de Livre Admissão  Instituição Cooperativa de Crédito do Centro do Estado de Rondônia - Sicoob Centro (CNPJ  ,0,2022-08-23T14:58:57Z,23/8/2022 11:58,553
Comunicado N° 39.039,19/8/2022 14:55,Divulga nome aprovado de pessoas eleitas/nomeadas para cargos de órgãos estatutários ou contratuais de sociedades autorizadas a funcionar pelo Banco Central do Brasil.,DEORF,129380,Comunicado,39039,0,Instituição Cooperativa de Crédito de Livre Admissão da Grande Goiânia Ltda. (CNPJ  Instituição Cooperativa de Crédito Sicredi Alto Sertão Paraibano - Sicredi Alto Sertão  ,0,2022-08-19T17:55:54Z,19/8/2022 14:55,554
Comunicado N° 39.032,18/8/2022 15:24,Divulga nome aprovado de pessoas eleitas/nomeadas para cargos de órgãos estatutários ou contratuais de sociedades autorizadas a funcionar pelo Banco Central do Brasil.,DEORF,129373,Comunicado,39032,0,Instituição Cooperativa de Crédito União Centro Oeste Ltda. - Sicoob União Centro Oeste  Instituição Cooperativa de Crédito dos Médicos e Demais Profissionais da Saúde de Vitória  ,0,2022-08-18T18:24:55Z,18/8/2022 15:24,555
Comunicado N° 39.028,17/8/2022 17:59,Divulga nome aprovado de pessoas eleitas/nomeadas para cargos de órgãos estatutários ou contratuais de sociedades autorizadas a funcionar pelo Banco Central do Brasil.,DEORF,129369,Comunicado,39028,0,Instituição Cooperativa de Crédito de Livre Admissão de Associados do Alto Uruguai  Instituição Cooperativa de Crédito Sicoob Costa do Descobrimento Ltda. (CNPJ 01.205.736  ,0,2022-08-17T20:59:32Z,17/8/2022 17:59,556
Comunicado N° 39.021,16/8/2022 11:46,Divulga nome aprovado de pessoas eleitas/nomeadas para cargos de órgãos estatutários ou contratuais de sociedades autorizadas a funcionar pelo Banco Central do Brasil.,DEORF,129362,Comunicado,39021,0,Instituição Cooperativa de Crédito de Livre Admissão de Jataí e Região Ltda. (CNPJ  Instituição Cooperativa de Economia e Crédito Mútuo dos Militares Estaduais de Santa  ,0,2022-08-16T14:46:20Z,16/8/2022 11:46,557
Comunicado N° 39.014,15/8/2022 15:00,Divulga nome aprovado de pessoas eleitas/nomeadas para cargos de órgãos estatutários ou contratuais de sociedades autorizadas a funcionar pelo Banco Central do Brasil.,DEORF,129355,Comunicado,39014,0,Instituição Cooperativa de Crédito de Livre Admissão de Lagoa da Prata e Região Ltda  Instituição Cooperativa de Crédito dos Profissionais de Saúde e de Livre Admissão do  ,0,2022-08-15T18:00:56Z,15/8/2022 15:00,558
Comunicado N° 39.009,12/8/2022 10:50,Divulga nome aprovado de pessoas eleitas/nomeadas para cargos de órgãos estatutários ou contratuais de sociedades autorizadas a funcionar pelo Banco Central do Brasil.,DEORF,129350,Comunicado,39009,0,Instituição Cooperativa de Crédito Mútuo de Livre Admissão da Região Administrativa de  Instituição Cooperativa de Economia e Crédito Mútuo dos Trabalhadores na Área de Saúde  ,0,2022-08-12T13:50:22Z,12/8/2022 10:50,559
Comunicado N° 39.004,11/8/2022 10:53,Divulga nome aprovado de pessoas eleitas/nomeadas para cargos de órgãos estatutários ou contratuais de sociedades autorizadas a funcionar pelo Banco Central do Brasil.,DEORF,129345,Comunicado,39004,0,Instituição Cooperativa de Crédito Mútuo de Servidores Públicos do Estado de São Paulo  Instituição Cooperativa de Crédito de Livre Admissão União do Centro-Oeste de Minas Ltda  ,0,2022-08-11T13:53:23Z,11/8/2022 10:53,560
Comunicado N° 39.002,11/8/2022 10:20,"Divulga Declaração de Propósito de responsabilidade do(a) Cooperativa de Crédito, Poupança e Investimento Vale do Piquiri Abcd – Sicredi Vale do Piquiri Abcd PR/SP.",DEORF,129343,Comunicado,39002,0,"na condição de administradores da Cooperativa de Crédito, Poupança e Investimento Vale do Piquiri Abcd  ",0,2022-08-11T13:20:32Z,11/8/2022 10:20,561
Comunicado N° 38.997,10/8/2022 15:13,Divulga nome aprovado de pessoas eleitas/nomeadas para cargos de órgãos estatutários ou contratuais de sociedades autorizadas a funcionar pelo Banco Central do Brasil.,DEORF,129338,Comunicado,38997,0,"Instituição Cooperativa de Crédito, Poupança e Investimento Ouro Verde do Mato Grosso  Instituição Cooperativa de Crédito de Livre Admissão da Região Central de Rondônia  ",0,2022-08-10T18:13:32Z,10/8/2022 15:13,562
Comunicado N° 38.991,9/8/2022 11:46,Divulga nome aprovado de pessoas eleitas/nomeadas para cargos de órgãos estatutários ou contratuais de sociedades autorizadas a funcionar pelo Banco Central do Brasil.,DEORF,129332,Comunicado,38991,0,Instituição Cooperativa de Crédito de Livre Admissão de Marechal Cândido Rondon e Região  Instituição Cooperativa de Crédito dos Integrantes do Ministério Público e do Poder  ,0,2022-08-09T14:46:44Z,9/8/2022 11:46,563
Comunicado N° 38.985,8/8/2022 11:52,Divulga nome aprovado de pessoas eleitas/nomeadas para cargos de órgãos estatutários ou contratuais de sociedades autorizadas a funcionar pelo Banco Central do Brasil.,DEORF,129326,Comunicado,38985,0,Instituição Sicoob AC Credi - Cooperativa de Crédito de Livre Admissão do Leste e Nordeste  Instituição Cooperativa de Crédito Unicred União Ltda. - Unicred União (CNPJ 74.114.042  ,0,2022-08-08T14:52:32Z,8/8/2022 11:52,564
Comunicado N° 38.982,8/8/2022 09:47,"Divulga Declaração de Propósito de responsabilidade do(a) Cooperativa de Crédito, Poupança e Investimento do Noroeste do Estado de São Paulo – Sicredi Noroeste SP.",DEORF,129323,Comunicado,38982,0,"na condição de administradores da Cooperativa de Crédito, Poupança e Investimento do Noroeste do  ",0,2022-08-08T12:47:15Z,8/8/2022 09:47,565
Comunicado N° 38.976,5/8/2022 10:49,Divulga nome aprovado de pessoas eleitas/nomeadas para cargos de órgãos estatutários ou contratuais de sociedades autorizadas a funcionar pelo Banco Central do Brasil.,DEORF,129317,Comunicado,38976,0,Instituição Cooperativa de Crédito e Economia com Interação Solidária de Quilombo - Cresol  Instituição Cooperativa de Crédito Sicoob Credcoop Ltda. (CNPJ 02.528.151  ,0,2022-08-05T13:49:14Z,5/8/2022 10:49,566
Comunicado N° 38.962,3/8/2022 11:04,Divulga nome aprovado de pessoas eleitas/nomeadas para cargos de órgãos estatutários ou contratuais de sociedades autorizadas a funcionar pelo Banco Central do Brasil.,DEORF,129303,Comunicado,38962,0,Instituição Cooperativa de Crédito e Investimento com Interação Solidária Liderança  Instituição Cooperativa de Crédito de Livre Admissão de Associados Unirondônia Ltda. (CNPJ  ,0,2022-08-03T14:04:05Z,3/8/2022 11:04,567
Comunicado N° 38.961,3/8/2022 10:48,Divulga nome de pessoas com intenção de ocupar cargos de administração em instituições autorizadas a funcionar pelo Banco Central do Brasil.,DEORF,129302,Comunicado,38961,0,"Divulga nome de pessoas com intenção de ocupar cargos de administração em instituições  Instituição COOPERATIVA DE CRÉDITO, POUPANÇA E INVESTIMENTO DO NOROESTE DE MATO GROSSO  ",0,2022-08-03T13:48:53Z,3/8/2022 10:48,568
Comunicado N° 38.957,2/8/2022 10:57,Divulga nome aprovado de pessoas eleitas/nomeadas para cargos de órgãos estatutários ou contratuais de sociedades autorizadas a funcionar pelo Banco Central do Brasil.,DEORF,129298,Comunicado,38957,0,Instituição Cooperativa de Crédito Sicoob Ouro Verde (CNPJ 05.582.619  Instituição Cooperativa de Crédito Centro Leste Norte Maranhense - Sicoob Centroleste  ,0,2022-08-02T13:57:02Z,2/8/2022 10:57,569
Comunicado N° 38.948,1/8/2022 14:43,"Divulga Declaração de Propósito de responsabilidade do(a) Cooperativa de Crédito, Poupança e Investimento Integração – Sicredi Integração PR/SC.
",DEORF,129289,Comunicado,38948,0,"de Propósito de responsabilidade do(a) Cooperativa de Crédito, Poupança e Investimento Integração – Sicredi Integração PR  ",0,2022-08-01T17:43:43Z,1/8/2022 14:43,570
Comunicado N° 38.947,1/8/2022 11:47,Divulga nome aprovado de pessoas eleitas/nomeadas para cargos de órgãos estatutários ou contratuais de sociedades autorizadas a funcionar pelo Banco Central do Brasil.,DEORF,129288,Comunicado,38947,0,Instituição Independência Cooperativa de Crédito e Investimento - Independência Cooperativa de Crédito (CNPJ 04.306.351  ,0,2022-08-01T14:47:49Z,1/8/2022 11:47,571
Comunicado N° 38.943,29/7/2022 15:19,Divulga nome aprovado de pessoas eleitas/nomeadas para cargos de órgãos estatutários ou contratuais de sociedades autorizadas a funcionar pelo Banco Central do Brasil.,DEORF,129284,Comunicado,38943,0,Instituição Cooperativa de Crédito dos Empregados das Empresas do Grupo Indorama no Brasil  Instituição Cooperativa de Crédito de Livre Admissão de Palmeiras e Região Ltda. (CNPJ  ,0,2022-07-29T18:19:48Z,29/7/2022 15:19,572
Instrução Normativa BCB N° 291,29/7/2022 11:08,Estabelece os procedimentos necessários para a adesão ao Pix.,DECEM,51840,Instrução Normativa BCB,291,1,"Estabelece os procedimentos necessários para a adesão ao Pix  Instrução Normativa BCB nº 352/2023 - Alteração, a partir de 1º/3/2023 - Nova redação: arts  2º, incisos I, II e III; 3º  ",0,2022-07-29T14:08:00Z,29/7/2022 11:08,573
Comunicado N° 38.935,28/7/2022 10:54,Divulga nome aprovado de pessoas eleitas/nomeadas para cargos de órgãos estatutários ou contratuais de sociedades autorizadas a funcionar pelo Banco Central do Brasil.,DEORF,129276,Comunicado,38935,0,"Instituição Central das Cooperativas de Crédito dos Estados de Mato Grosso, Mato Grosso do  Instituição Cooperativa de Crédito, Poupança e Investimento do Centro Sul do Mato Grosso  ",0,2022-07-28T13:54:29Z,28/7/2022 10:54,574
Instrução Normativa BCB N° 287,27/7/2022 14:40,"Divulga procedimentos operacionais relacionados ao Sistema de Transferência de Reservas (STR), à conta Reservas Bancárias e à Conta de Liquidação, de que trata o Regulamento anexo à Resolução BCB nº 105, de 9 de junho de 2021.",DEBAN,51829,Instrução Normativa BCB,287,1,e a autorização para funcionamento das cooperativas de crédito;c) sociedade de crédito ao microempreendedor e à empresa de  ,0,2022-07-27T17:40:00Z,27/7/2022 14:40,575
Comunicado N° 38.930,27/7/2022 14:24,Divulga nome aprovado de pessoas eleitas/nomeadas para cargos de órgãos estatutários ou contratuais de sociedades autorizadas a funcionar pelo Banco Central do Brasil.,DEORF,129271,Comunicado,38930,0,Instituição Cooperativa de Crédito Mútuo dos Funcionários da Fábrica de Cimento Votoran  Instituição Cooperativa de Crédito de Livre Admissão do Centro-Norte Brasileiro (CNPJ  ,0,2022-07-27T17:24:28Z,27/7/2022 14:24,576
Comunicado N° 38.929,27/7/2022 11:07,"Divulga Declaração de Propósito de responsabilidade do(a) Cooperativa de Crédito, Poupança e Investimento do Norte do Paraná e Sul de São Paulo - Sicredi Norte Sul PR/SP.",DEORF,129270,Comunicado,38929,0,"na condição de administradores da Cooperativa de Crédito, Poupança e Investimento do Norte do  exercendo cargos na administração da cooperativa, a qual submeteu ao Banco Central do  ",0,2022-07-27T14:07:44Z,27/7/2022 11:07,577
Comunicado N° 38.928,27/7/2022 11:05,Divulga Declaração de Propósito de responsabilidade do(a) Cooperativa de Crédito Poupança e Investimento Novos Horizontes – Sicredi Novos Horizontes PR/SP.,DEORF,129269,Comunicado,38928,0,na condição de administradores da Cooperativa de Crédito Poupança e Investimento Novos Horizontes  ,0,2022-07-27T14:05:28Z,27/7/2022 11:05,578
Comunicado N° 38.921,26/7/2022 11:14,Divulga nome aprovado de pessoas eleitas/nomeadas para cargos de órgãos estatutários ou contratuais de sociedades autorizadas a funcionar pelo Banco Central do Brasil.,DEORF,129262,Comunicado,38921,0,Instituição Cooperativa de Crédito de Livre Admissão do Centro Norte dos Estados de Mato  Instituição Cooperativa de Crédito da Foz do Rio Itajaí-Açu - Credifoz (CNPJ 09.512.539  ,0,2022-07-26T14:14:14Z,26/7/2022 11:14,579
Comunicado N° 38.916,25/7/2022 11:44,Divulga nome aprovado de pessoas eleitas/nomeadas para cargos de órgãos estatutários ou contratuais de sociedades autorizadas a funcionar pelo Banco Central do Brasil.,DEORF,129257,Comunicado,38916,0,Instituição Cooperativa de Crédito de Livre Admissão do Sudoeste Goiano (CNPJ 24.795.049  Instituição Cooperativa de Crédito e Economia com Interação Solidária de Getúlio Vargas  ,0,2022-07-25T14:44:00Z,25/7/2022 11:44,580
Comunicado N° 38.908,22/7/2022 12:13,Divulga nome aprovado de pessoas eleitas/nomeadas para cargos de órgãos estatutários ou contratuais de sociedades autorizadas a funcionar pelo Banco Central do Brasil.,DEORF,129249,Comunicado,38908,0,Instituição Cooperativa de Crédito de Livre Admissão do Centro-Norte Brasileiro (CNPJ  Instituição Cooperativa de Crédito e Economia com Interação Solidária de Coronel Freitas  ,0,2022-07-22T15:13:44Z,22/7/2022 12:13,581
Comunicado N° 38.903,21/7/2022 12:22,Divulga nome aprovado de pessoas eleitas/nomeadas para cargos de órgãos estatutários ou contratuais de sociedades autorizadas a funcionar pelo Banco Central do Brasil.,DEORF,129244,Comunicado,38903,0,Instituição Cooperativa de Crédito dos Fornecedores de Cana e Demais Produtores Rurais do  Instituição Cooperativa de Crédito de Livre Admissão do Estado do Acre Ltda. (CNPJ  ,0,2022-07-21T15:22:10Z,21/7/2022 12:22,582
Comunicado N° 38.896,20/7/2022 14:13,Divulga nome aprovado de pessoas eleitas/nomeadas para cargos de órgãos estatutários ou contratuais de sociedades autorizadas a funcionar pelo Banco Central do Brasil.,DEORF,129237,Comunicado,38896,0,Instituição Cooperativa de Crédito e Economia com Interação Solidária Cresol Vale (CNPJ  Instituição Cooperativa de Crédito e Economia com Interação Solidária de Formosa do Sul  ,0,2022-07-20T17:13:08Z,20/7/2022 14:13,583
Comunicado N° 38.891,19/7/2022 11:45,Divulga nome aprovado de pessoas eleitas/nomeadas para cargos de órgãos estatutários ou contratuais de sociedades autorizadas a funcionar pelo Banco Central do Brasil.,DEORF,129232,Comunicado,38891,0,"Instituição Cooperativa de Crédito, Poupança e Investimento do Norte e Nordeste de Santa  Instituição Cooperativa de Crédito de Livre Admissão de Associados de Jaraguá do Sul e  ",0,2022-07-19T14:45:29Z,19/7/2022 11:45,584
Comunicado N° 38.887,18/7/2022 15:34,Divulga nome aprovado de pessoas eleitas/nomeadas para cargos de órgãos estatutários ou contratuais de sociedades autorizadas a funcionar pelo Banco Central do Brasil.,DEORF,129228,Comunicado,38887,0,Instituição Cooperativa de Crédito de Livre Admissão do Sertão de Minas Gerais Ltda  Instituição Cooperativa de Crédito Rural e Economia com Interação Solidária de Rio Fortuna  ,0,2022-07-18T18:34:24Z,18/7/2022 15:34,585
Comunicado N° 38.882,15/7/2022 15:09,Divulga nome aprovado de pessoas eleitas/nomeadas para cargos de órgãos estatutários ou contratuais de sociedades autorizadas a funcionar pelo Banco Central do Brasil.,DEORF,129223,Comunicado,38882,0,Instituição Cooperativa de Crédito de Livre Admissão de São Roque de Minas Ltda. (CNPJ  Instituição Cooperativa de Crédito Centro-Leste - Sicredi Centro-Leste RS (CNPJ 88.471.024  ,0,2022-07-15T18:09:26Z,15/7/2022 15:09,586
Comunicado N° 38.876,14/7/2022 11:33,Divulga nome aprovado de pessoas eleitas/nomeadas para cargos de órgãos estatutários ou contratuais de sociedades autorizadas a funcionar pelo Banco Central do Brasil.,DEORF,129217,Comunicado,38876,0,Instituição Cooperativa de Crédito Mútuo dos Empregados da SKF e Coligadas (CNPJ  Instituição Cooperativa de Crédito de Livre Admissão de Associados Oeste Catarinense (CNPJ  ,0,2022-07-14T14:33:19Z,14/7/2022 11:33,587
Comunicado N° 38.871,13/7/2022 15:39,Divulga nome aprovado de pessoas eleitas/nomeadas para cargos de órgãos estatutários ou contratuais de sociedades autorizadas a funcionar pelo Banco Central do Brasil.,DEORF,129212,Comunicado,38871,0,Instituição Cooperativa de Crédito Mútuo dos Servidores Municipais de São João da Boa  Instituição Cooperativa de Crédito Rural com Interação Solidária Centro-Sul RS/MS - Cresol  ,0,2022-07-13T18:39:36Z,13/7/2022 15:39,588
Comunicado N° 38.869,13/7/2022 11:09,Divulga nome de pessoas com intenção de ocupar cargos de administração em instituições autorizadas a funcionar pelo Banco Central do Brasil.,DEORF,129210,Comunicado,38869,0,"Divulga nome de pessoas com intenção de ocupar cargos de administração em instituições  Instituição Cooperativa de Crédito Poupança e Investimento Fronteiras do Paraná, Santa  ",0,2022-07-13T14:09:27Z,13/7/2022 11:09,589
Comunicado N° 38.867,12/7/2022 18:05,Divulga nome aprovado de pessoas eleitas/nomeadas para cargos de órgãos estatutários ou contratuais de sociedades autorizadas a funcionar pelo Banco Central do Brasil.,DEORF,129208,Comunicado,38867,0,"Instituição Cooperativa de Crédito e Economia com Interação Solidária - Cresol Encostas da  Instituição Central das Cooperativas de Crédito Mútuo do Rio Grande do Sul, Santa Catarina  ",0,2022-07-12T21:05:29Z,12/7/2022 18:05,590
Comunicado N° 38.865,12/7/2022 11:25,Divulga nome de pessoas com intenção de ocupar cargos de administração em instituições autorizadas a funcionar pelo Banco Central do Brasil.,DEORF,129206,Comunicado,38865,0,"Divulga nome de pessoas com intenção de ocupar cargos de administração em instituições  Instituição Cooperativa de Crédito, Poupança e Investimento União Paraná/São Paulo  ",0,2022-07-12T14:25:05Z,12/7/2022 11:25,591
Comunicado N° 38.862,11/7/2022 17:23,Divulga nome aprovado de pessoas eleitas/nomeadas para cargos de órgãos estatutários ou contratuais de sociedades autorizadas a funcionar pelo Banco Central do Brasil.,DEORF,129203,Comunicado,38862,0,Instituição Cooperativa de Crédito da Foz do Rio Itajaí-Açu - Credifoz (CNPJ 09.512.539  Instituição Cooperativa de Crédito Centro-Leste - Sicredi Centro-Leste RS (CNPJ 88.471.024  ,0,2022-07-11T20:23:19Z,11/7/2022 17:23,592
Comunicado N° 38.857,8/7/2022 15:17,Divulga nome aprovado de pessoas eleitas/nomeadas para cargos de órgãos estatutários ou contratuais de sociedades autorizadas a funcionar pelo Banco Central do Brasil.,DEORF,129198,Comunicado,38857,0,Instituição Cooperativa de Crédito e Economia com Interação Solidária - Cresol Treze de  Instituição Central das Cooperativas de Crédito do Nordeste - Sicoob Central NE (CNPJ  ,0,2022-07-08T18:17:50Z,8/7/2022 15:17,593
Comunicado N° 38.852,7/7/2022 15:56,Divulga nome aprovado de pessoas eleitas/nomeadas para cargos de órgãos estatutários ou contratuais de sociedades autorizadas a funcionar pelo Banco Central do Brasil.,DEORF,129193,Comunicado,38852,0,Instituição Cooperativa de Crédito de São Francisco de Sales Ltda. - Sicoob Credisales  Instituição Cooperativa de Crédito dos Empresários e Empregados dos Transportes e Correios  ,0,2022-07-07T18:56:50Z,7/7/2022 15:56,594
Comunicado N° 38.846,6/7/2022 17:22,Divulga nome aprovado de pessoas eleitas/nomeadas para cargos de órgãos estatutários ou contratuais de sociedades autorizadas a funcionar pelo Banco Central do Brasil.,DEORF,129187,Comunicado,38846,0,"Instituição Cooperativa de Crédito Poupança e Investimento dos Militares Estaduais do Rio  Instituição Cooperativa de Crédito, Poupança e Investimento Sul Minas do Rio Grande do Sul  ",0,2022-07-06T20:22:12Z,6/7/2022 17:22,595
Comunicado N° 38.841,5/7/2022 15:02,Divulga nome aprovado de pessoas eleitas/nomeadas para cargos de órgãos estatutários ou contratuais de sociedades autorizadas a funcionar pelo Banco Central do Brasil.,DEORF,129182,Comunicado,38841,0,Instituição Cooperativa de Crédito dos Servidores dos Poderes Legislativos do Estado de  Instituição Cooperativa Central de Crédito Rural com Interação Solidária - Cresol Central  ,0,2022-07-05T18:02:13Z,5/7/2022 15:02,596
Comunicado N° 38.838,4/7/2022 18:06,Divulga nome de pessoas com intenção de ocupar cargos de administração em instituições autorizadas a funcionar pelo Banco Central do Brasil.,DEORF,129179,Comunicado,38838,0,"Divulga nome de pessoas com intenção de ocupar cargos de administração em instituições  Instituição COOPERATIVA DE CRÉDITO, POUPANÇA E INVESTIMENTO DE ARARAQUARA E REGIÃO  ",0,2022-07-04T21:06:34Z,4/7/2022 18:06,597
Comunicado N° 38.835,4/7/2022 14:40,Divulga nome aprovado de pessoas eleitas/nomeadas para cargos de órgãos estatutários ou contratuais de sociedades autorizadas a funcionar pelo Banco Central do Brasil.,DEORF,129176,Comunicado,38835,0,"Instituição Cooperativa de Crédito, Poupança e Investimento do Vale do Rio Pardo - Sicredi  Instituição Cooperativa de Crédito dos Servidores da Universidade Federal do Espírito  ",0,2022-07-04T17:40:36Z,4/7/2022 14:40,598
Comunicado N° 38.829,1/7/2022 15:25,Divulga nome aprovado de pessoas eleitas/nomeadas para cargos de órgãos estatutários ou contratuais de sociedades autorizadas a funcionar pelo Banco Central do Brasil.,DEORF,129170,Comunicado,38829,0,Instituição Cooperativa de Crédito e Economia com Interação Solidária de Chapecó - Cresol  Instituição Cooperativa de Crédito Unicred Centro-Sul Ltda. - Unicred Centro-Sul (CNPJ  ,0,2022-07-01T18:25:53Z,1/7/2022 15:25,599
Comunicado N° 38.825,30/6/2022 15:33,Divulga nome aprovado de pessoas eleitas/nomeadas para cargos de órgãos estatutários ou contratuais de sociedades autorizadas a funcionar pelo Banco Central do Brasil.,DEORF,129166,Comunicado,38825,0,Instituição Sicredi Cariri - Cooperativa de Crédito da Região do Cariri (CNPJ 86.913.993  Instituição Cooperativa de Crédito de Livre Admissão de Pernambuco - Sicoob Pernambuco  ,0,2022-06-30T18:33:03Z,30/6/2022 15:33,600
Resolução CMN N° 5.028,29/6/2022 18:07,"Altera os percentuais dos subdirecionamentos dos recursos à vista (MCR 6-2) destinados à contratação de operações no âmbito do Programa Nacional de Fortalecimento da Agricultura Familiar (Pronaf) e do Programa Nacional de Apoio ao Médio Produtor Rural (Pronamp), institui novos fatores de ponderação incidentes sobre as operações de custeio ao amparo do Pronaf e ajusta as condições para o cumprimento do direcionamento dos recursos captados por emissão das Letras de Crédito do Agronegócio (MCR 6-7).",SECRE,51819,Resolução CMN,5028,0,"quotas
de fundos garantidores de operações de crédito com produtores rurais, pelo
valor da integralização, desde que as operações de crédito garantidas sejam
crédito rural  ",0,2022-06-29T21:07:00Z,29/6/2022 18:07,601
Resolução CMN N° 5.025,29/6/2022 18:04,Define os encargos financeiros e limites de crédito para as Linhas de Crédito e Programas de que trata o Capítulo 7 (Encargos Financeiros e Limites de Crédito) e ajusta normas da Seção 4 (Metodologia de cálculo das Taxas de Juros do Crédito Rural – TCR) do Capítulo 2 (Condições Básicas) do Manual de Crédito Rural (MCR).,SECRE,51816,Resolução CMN,5025,0,"que trata o item 1 e o
  limite de crédito do Programa Nacional de Apoio ao Médio Produtor Rural -
  Pronamp (MCR 7-4).  Créditos de Investimento (MCR 3-3)     1 - todos os  ",0,2022-06-29T21:04:00Z,29/6/2022 18:04,602
Resolução CMN N° 5.024,29/6/2022 18:03,"Ajusta normas referentes ao Capítulo 1 (Disposições Preliminares), ao Capítulo 2 (Condições Básicas) e ao Capítulo 10 (Programa Nacional de Fortalecimento da Agricultura Familiar – Pronaf) do Manual de Crédito Rural (MCR).",SECRE,51815,Resolução CMN,5024,0,"de comprovação da vinculação do beneficiário do crédito com a
terra e a atividade, a DAP  de financiamento do Pronaf na linha de crédito de que trata a
Seção Microcrédito Produtivo  ",0,2022-06-29T21:03:00Z,29/6/2022 18:03,603
Resolução CMN N° 5.021,29/6/2022 18:00,Ajusta normas gerais do crédito rural e de financiamentos ao amparo do Fundo de Defesa da Economia Cafeeira (Funcafé) a serem aplicadas a partir de 1º de julho de 2022.,SECRE,51812,Resolução CMN,5021,0,"1º  A Seção 2
(Créditos de Custeio) do Capítulo 3 (Operações) do Manual de Crédito Rural (MCR)
passa a vigorar com as  ",0,2022-06-29T21:00:00Z,29/6/2022 18:00,604
Comunicado N° 38.817,29/6/2022 14:26,Divulga nome aprovado de pessoas eleitas/nomeadas para cargos de órgãos estatutários ou contratuais de sociedades autorizadas a funcionar pelo Banco Central do Brasil.,DEORF,129158,Comunicado,38817,0,Instituição Sicoob - Credimed - Cooperativa de Crédito de Livre Admissão da Cidade de  Instituição Cooperativa Central de Economia e Crédito Mútuo das Unicreds do Estado do Rio  ,0,2022-06-29T17:26:26Z,29/6/2022 14:26,605
Comunicado N° 38.813,28/6/2022 21:23,Divulga nome aprovado de pessoas eleitas/nomeadas para cargos de órgãos estatutários ou contratuais de sociedades autorizadas a funcionar pelo Banco Central do Brasil.,DEORF,129154,Comunicado,38813,0,"Instituição Cooperativa de Crédito, Poupança e Investimento de Lajeado - Sicredi  Instituição Cooperativa de Crédito e Investimentos de Rondônia - Sicoob Credjurd (CNPJ  ",0,2022-06-29T00:23:33Z,28/6/2022 21:23,606
Comunicado N° 38.807,27/6/2022 13:39,Divulga nome aprovado de pessoas eleitas/nomeadas para cargos de órgãos estatutários ou contratuais de sociedades autorizadas a funcionar pelo Banco Central do Brasil.,DEORF,129148,Comunicado,38807,0,Divulga nome aprovado de pessoas eleitas/nomeadas para cargos de órgãos estatutários ou  Instituição Cooperativa de Crédito de Livre Admissão do Médio Leste de Mato Grosso  ,0,2022-06-27T16:39:59Z,27/6/2022 13:39,607
Comunicado N° 38.801,24/6/2022 14:14,Divulga nome aprovado de pessoas eleitas/nomeadas para cargos de órgãos estatutários ou contratuais de sociedades autorizadas a funcionar pelo Banco Central do Brasil.,DEORF,129142,Comunicado,38801,0,Instituição Cooperativa de Crédito Credivale Ltda. - Sicoob Credivale (CNPJ 25.387.655  Instituição Cooperativa de Crédito de Livre Admissão da Paraíba - Sicoob Paraíba (CNPJ  ,0,2022-06-24T17:14:31Z,24/6/2022 14:14,608
Comunicado N° 38.797,23/6/2022 17:35,Divulga nome de pessoas com intenção de ocupar cargos de administração em instituições autorizadas a funcionar pelo Banco Central do Brasil.,DEORF,129138,Comunicado,38797,0,Divulga nome de pessoas com intenção de ocupar cargos de administração em instituições  Instituição COOPERATIVA CENTRAL DE ECONOMIA E CRÉDITO MÚTUO – SICOOB UNIMAIS (CNPJ 73.085.573  ,0,2022-06-23T20:35:52Z,23/6/2022 17:35,609
Comunicado N° 38.796,23/6/2022 14:30,Divulga nome aprovado de pessoas eleitas/nomeadas para cargos de órgãos estatutários ou contratuais de sociedades autorizadas a funcionar pelo Banco Central do Brasil.,DEORF,129137,Comunicado,38796,0,Divulga nome aprovado de pessoas eleitas/nomeadas para cargos de  Instituição Sicredi Creduni - Cooperativa de Economia e Crédito Mútuo dos Servidores das Instituições Públicas  ,0,2022-06-23T17:30:34Z,23/6/2022 14:30,610
Comunicado N° 38.791,22/6/2022 15:13,Divulga nome aprovado de pessoas eleitas/nomeadas para cargos de órgãos estatutários ou contratuais de sociedades autorizadas a funcionar pelo Banco Central do Brasil.,DEORF,129132,Comunicado,38791,0,Instituição Cooperativa de Crédito Crediagro Ltda. - Sicoob Crediagro (CNPJ 00.429.890  Instituição Cooperativa de Crédito de Livre Admissão de Campos Gerais e Campo do Meio Ltda  ,0,2022-06-22T18:13:54Z,22/6/2022 15:13,611
Comunicado N° 38.787,21/6/2022 14:14,Divulga nome aprovado de pessoas eleitas/nomeadas para cargos de órgãos estatutários ou contratuais de sociedades autorizadas a funcionar pelo Banco Central do Brasil.,DEORF,129128,Comunicado,38787,0,Divulga nome aprovado de pessoas eleitas/nomeadas para cargos de órgãos estatutários ou  Instituição Cooperativa de Crédito e Investimento com Interação Solidária Fronteiras PR/SC  ,0,2022-06-21T17:14:06Z,21/6/2022 14:14,612
Comunicado N° 38.780,20/6/2022 16:41,Divulga nome aprovado de pessoas eleitas/nomeadas para cargos de órgãos estatutários ou contratuais de sociedades autorizadas a funcionar pelo Banco Central do Brasil.,DEORF,129121,Comunicado,38780,0,Instituição Cooperativa de Crédito de Livre Admissão do Tocantins Ltda. (CNPJ 26.960.328  Instituição Cooperativa de Crédito de Livre Admissão do Norte de Mato Grosso - Sicoob  ,0,2022-06-20T19:41:17Z,20/6/2022 16:41,613
Comunicado N° 38.771,15/6/2022 16:02,Divulga nome de pessoas com intenção de ocupar cargos de administração em instituições autorizadas a funcionar pelo Banco Central do Brasil.,DEORF,129112,Comunicado,38771,0,Divulga nome de pessoas com intenção de ocupar cargos de administração em instituições  Instituição COOPERATIVA DE CRÉDITO ALIANÇA RS/SC/ES – SICREDI ALIANÇA RS/SC/ES (CNPJ  ,0,2022-06-15T19:02:07Z,15/6/2022 16:02,614
Comunicado N° 38.770,15/6/2022 14:25,Divulga nome aprovado de pessoas eleitas/nomeadas para cargos de órgãos estatutários ou contratuais de sociedades autorizadas a funcionar pelo Banco Central do Brasil.,DEORF,129111,Comunicado,38770,0,Instituição Cooperativa Central de Crédito da Agricultura Familiar e Economia Solidária  Instituição Cooperativa de Crédito de Livre Admissão de Associados Ltda - Sicoob  ,0,2022-06-15T17:25:56Z,15/6/2022 14:25,615
Comunicado N° 38.766,14/6/2022 15:27,Divulga nome aprovado de pessoas eleitas/nomeadas para cargos de órgãos estatutários ou contratuais de sociedades autorizadas a funcionar pelo Banco Central do Brasil.,DEORF,129107,Comunicado,38766,0,Instituição Cooperativa de Crédito e Investimento com Interação Solidária Vale das Águas  Instituição Cooperativa de Crédito Rural e Economia com Interação Solidária do Planalto  ,0,2022-06-14T18:27:43Z,14/6/2022 15:27,616
Comunicado N° 38.762,13/6/2022 13:59,Divulga nome aprovado de pessoas eleitas/nomeadas para cargos de órgãos estatutários ou contratuais de sociedades autorizadas a funcionar pelo Banco Central do Brasil.,DEORF,129103,Comunicado,38762,0,Instituição Cooperativa Economia Crédito Mútuo Servs e Empregados Públicos Munic  Instituição Credjust - Cooperativa de Crédito Mútuo dos Integrantes da Justiça do Trabalho  ,0,2022-06-13T16:59:12Z,13/6/2022 13:59,617
Comunicado N° 38.757,10/6/2022 14:22,Divulga nome aprovado de pessoas eleitas/nomeadas para cargos de órgãos estatutários ou contratuais de sociedades autorizadas a funcionar pelo Banco Central do Brasil.,DEORF,129098,Comunicado,38757,0,Divulga nome aprovado de pessoas eleitas/nomeadas para cargos de órgãos estatutários ou contratuais de sociedades  Instituição Cooperativa de Crédito Credicitrus (CNPJ 54.037.916  ,0,2022-06-10T17:22:53Z,10/6/2022 14:22,618
Comunicado N° 38.754,9/6/2022 19:33,Divulga nome aprovado de pessoas eleitas/nomeadas para cargos de órgãos estatutários ou contratuais de sociedades autorizadas a funcionar pelo Banco Central do Brasil.,DEORF,129095,Comunicado,38754,0,Instituição Cooperativa de Crédito Rural com Interação Solidária de Pouso Redondo - Cresol  Instituição Cooperativa de Crédito Rural com Interação Solidária Raiz - Cresol Raiz (CNPJ  ,0,2022-06-09T22:33:18Z,9/6/2022 19:33,619
Comunicado N° 38.747,8/6/2022 15:15,Divulga nome aprovado de pessoas eleitas/nomeadas para cargos de órgãos estatutários ou contratuais de sociedades autorizadas a funcionar pelo Banco Central do Brasil.,DEORF,129088,Comunicado,38747,0,Instituição Cooperativa de Economia e Crédito Mútuo dos Servidores da Universidade Federal  Instituição Cooperativa de Crédito Rural com Interação Solidária Essência - Cresol  ,0,2022-06-08T18:15:28Z,8/6/2022 15:15,620
Comunicado N° 38.744,8/6/2022 10:27,Divulga nome aprovado de pessoas eleitas/nomeadas para cargos de órgãos estatutários ou contratuais de sociedades autorizadas a funcionar pelo Banco Central do Brasil.,DEORF,129085,Comunicado,38744,0,"Instituição Cooperativa de Crédito Credivar Ltda. - Sicoob Credivar (CNPJ 25.798.596  Instituição Cooperativa de Crédito, Poupança e Investimento do Norte do Paraná e Sul de  ",0,2022-06-08T13:27:28Z,8/6/2022 10:27,621
Comunicado N° 38.741,7/6/2022 15:01,Divulga nome de pessoas com intenção de ocupar cargos de administração em instituições autorizadas a funcionar pelo Banco Central do Brasil.,DEORF,129082,Comunicado,38741,0,"Instituição Cooperativa de Crédito Credivar Ltda. - Sicoob Credivar (CNPJ 25.798.596  Instituição Cooperativa de Crédito, Poupança e Investimento do Norte do Paraná e Sul de  ",1,2022-06-07T18:01:58Z,7/6/2022 15:01,622
Comunicado N° 38.735,6/6/2022 15:59,Divulga nome aprovado de pessoas eleitas/nomeadas para cargos de órgãos estatutários ou contratuais de sociedades autorizadas a funcionar pelo Banco Central do Brasil.,DEORF,129076,Comunicado,38735,0,Instituição Cooperativa de Crédito Credicocapec (CNPJ 67.096.909  Instituição Cooperativa de Economia e Crédito Mútuo dos Funcionários do Grupo Jal Ltda  ,0,2022-06-06T18:59:38Z,6/6/2022 15:59,623
Comunicado N° 38.729,3/6/2022 14:27,Divulga nome aprovado de pessoas eleitas/nomeadas para cargos de órgãos estatutários ou contratuais de sociedades autorizadas a funcionar pelo Banco Central do Brasil.,DEORF,129070,Comunicado,38729,0,Instituição Cooperativa de Economia e Crédito Mútuo dos Funcionários da Morlan - Cred  Instituição Cooperativa de Economia e Crédito Mútuo do Grupo Basf (CNPJ 74.244.344  ,0,2022-06-03T17:27:11Z,3/6/2022 14:27,624
Comunicado N° 38.724,2/6/2022 14:30,Divulga nome aprovado de pessoas eleitas/nomeadas para cargos de órgãos estatutários ou contratuais de sociedades autorizadas a funcionar pelo Banco Central do Brasil.,DEORF,129065,Comunicado,38724,0,Divulga nome aprovado de pessoas eleitas/nomeadas para cargos de órgãos estatutários ou  Instituição Cooperativa de Crédito Credijequitinhonha Ltda. - Sicoob Credijequitinhonha  ,0,2022-06-02T17:30:25Z,2/6/2022 14:30,625
Comunicado N° 38.719,1/6/2022 15:36,Divulga nome aprovado de pessoas eleitas/nomeadas para cargos de órgãos estatutários ou contratuais de sociedades autorizadas a funcionar pelo Banco Central do Brasil.,DEORF,129060,Comunicado,38719,0,Instituição Cooperativa de Crédito de Livre Admissão do Sul de Minas Ltda. - Sicoob  Instituição Cooperativa de Economia e Crédito Mútuo dos Empregados nas Indústrias Químicas  ,0,2022-06-01T18:36:51Z,1/6/2022 15:36,626
Comunicado N° 38.713,31/5/2022 14:08,Divulga nome aprovado de pessoas eleitas/nomeadas para cargos de órgãos estatutários ou contratuais de sociedades autorizadas a funcionar pelo Banco Central do Brasil.,DEORF,129054,Comunicado,38713,0,Instituição Cooperativa de Crédito Rural com Interação Solidária Vale do Contestado  Instituição Cooperativa de Economia e Crédito Mútuo dos Militares Estaduais de Santa  ,0,2022-05-31T17:08:13Z,31/5/2022 14:08,627
Comunicado N° 38.705,27/5/2022 14:26,Divulga nome aprovado de pessoas eleitas/nomeadas para cargos de órgãos estatutários ou contratuais de sociedades autorizadas a funcionar pelo Banco Central do Brasil.,DEORF,129046,Comunicado,38705,0,"Instituição Cooperativa de Crédito Rural com Interação Solidária Vale do Contestado  Instituição Cooperativa de Crédito dos Servidores da União, Empresários, Profissionais  ",0,2022-05-27T17:26:35Z,27/5/2022 14:26,628
Comunicado N° 38.699,26/5/2022 15:40,Divulga nome aprovado de pessoas eleitas/nomeadas para cargos de órgãos estatutários ou contratuais de sociedades autorizadas a funcionar pelo Banco Central do Brasil.,DEORF,129039,Comunicado,38699,0,Instituição Cooperativa de Crédito dos Integrantes do Poder Judiciário e das Instituições  Instituição Cooperativa de Crédito do Vale do São Francisco - Sicredi Vale do São  ,0,2022-05-26T18:40:55Z,26/5/2022 15:40,629
Comunicado N° 38.695,25/5/2022 14:36,Divulga nome aprovado de pessoas eleitas/nomeadas para cargos de órgãos estatutários ou contratuais de sociedades autorizadas a funcionar pelo Banco Central do Brasil.,DEORF,129035,Comunicado,38695,0,Instituição Cooperativa de Crédito de Produtores Rurais e de Livre Admissão do Triângulo  Instituição Cooperativa de Crédito de Livre Admissão União do Centro-Oeste de Minas Ltda  ,0,2022-05-25T17:36:44Z,25/5/2022 14:36,630
Comunicado N° 38.690,24/5/2022 14:38,Divulga nome aprovado de pessoas eleitas/nomeadas para cargos de órgãos estatutários ou contratuais de sociedades autorizadas a funcionar pelo Banco Central do Brasil.,DEORF,129030,Comunicado,38690,0,Instituição Sicoob Credinova - Cooperativa de Crédito de Livre Admissão de Nova Serrana e  Instituição Cooperativa de Crédito e Economia com Interação Solidária - Cresol Inovação  ,0,2022-05-24T17:38:08Z,24/5/2022 14:38,631
Comunicado N° 38.682,23/5/2022 14:46,Divulga nome aprovado de pessoas eleitas/nomeadas para cargos de órgãos estatutários ou contratuais de sociedades autorizadas a funcionar pelo Banco Central do Brasil.,DEORF,129022,Comunicado,38682,0,Instituição Cooperativa de Crédito Credisg Ltda. - Sicoob Credisg (CNPJ 03.645.752  Instituição Cooperativa de Crédito de Livre Admissão da Zona da Mata Ltda. - Sicoob  ,0,2022-05-23T17:46:00Z,23/5/2022 14:46,632
Comunicado N° 38.676,20/5/2022 14:41,Divulga nome aprovado de pessoas eleitas/nomeadas para cargos de órgãos estatutários ou contratuais de sociedades autorizadas a funcionar pelo Banco Central do Brasil.,DEORF,129016,Comunicado,38676,0,Instituição Cooperativa de Crédito Aracoop Ltda. - Sicoob Aracoop (CNPJ 03.320.525  Instituição Credisis Crediari - Cooperativa de Crédito Ltda. (CNPJ 03.222.753  ,0,2022-05-20T17:41:04Z,20/5/2022 14:41,633
Comunicado N° 38.672,19/5/2022 16:25,Divulga nome de pessoas com intenção de ocupar cargos de administração em instituições autorizadas a funcionar pelo Banco Central do Brasil.,DEORF,129012,Comunicado,38672,0,"Instituição COOPERATIVA DE CRÉDITO CREDICITRUS (CNPJ 54.037.916  Folha de São Paulo, 14 e 16 de  Instituição COOPERATIVA DE CRÉDITO CREDIPEU LTDA. – SICOOB CREDIPEU (CNPJ 66.262.643  ",0,2022-05-19T19:25:45Z,19/5/2022 16:25,634
Comunicado N° 38.671,19/5/2022 14:54,Divulga nome aprovado de pessoas eleitas/nomeadas para cargos de órgãos estatutários ou contratuais de sociedades autorizadas a funcionar pelo Banco Central do Brasil.,DEORF,129011,Comunicado,38671,0,Instituição Cooperativa de Crédito da Região e Colar Metropolitano do Vale do Aço Ltda  Instituição Cooperativa de Crédito e Economia com Interação Solidária Cresol Evolução  ,0,2022-05-19T17:54:41Z,19/5/2022 14:54,635
Comunicado N° 38.666,18/5/2022 09:56,Divulga nome aprovado de pessoas eleitas/nomeadas para cargos de órgãos estatutários ou contratuais de sociedades autorizadas a funcionar pelo Banco Central do Brasil.,DEORF,129006,Comunicado,38666,0,Divulga nome aprovado de pessoas eleitas/nomeadas para cargos de órgãos estatutários ou contratuais de  Instituição Coopecredi Guariba - Cooperativa de Crédito (CNPJ 44.469.161  ,0,2022-05-18T12:56:15Z,18/5/2022 09:56,636
Comunicado N° 38.662,17/5/2022 15:09,Divulga nome aprovado de pessoas eleitas/nomeadas para cargos de órgãos estatutários ou contratuais de sociedades autorizadas a funcionar pelo Banco Central do Brasil.,DEORF,129002,Comunicado,38662,0,Instituição Cooperativa de Crédito de Livre Admissão da Região de São Sebastião do Paraíso  Instituição Cooperativa de Crédito de Livre Admissão de Rubiataba e Região Ltda. (CNPJ  ,0,2022-05-17T18:09:40Z,17/5/2022 15:09,637
Comunicado N° 38.653,13/5/2022 16:53,Divulga nome de pessoas com intenção de ocupar cargos de administração em instituições autorizadas a funcionar pelo Banco Central do Brasil.,DEORF,128993,Comunicado,38653,0,"Divulga nome de pessoas com intenção de ocupar cargos de administração em  Componente Deorf/GTREC
  
Instituição COOPERATIVA DE CRÉDITO, POUPANÇA E INVESTIMENTO SICREDI INTEGRAÇÃO  ",0,2022-05-13T19:53:58Z,13/5/2022 16:53,638
Comunicado N° 38.652,13/5/2022 14:29,Divulga nome aprovado de pessoas eleitas/nomeadas para cargos de órgãos estatutários ou contratuais de sociedades autorizadas a funcionar pelo Banco Central do Brasil.,DEORF,128992,Comunicado,38652,0,Instituição Cooperativa de Crédito Copersul Ltda. - Sicoob Copersul (CNPJ 18.966.739  Instituição Cooperativa de Crédito de Livre Admissão do Vale do Paranapanema (CNPJ  ,0,2022-05-13T17:29:43Z,13/5/2022 14:29,639
Resolução BCB N° 229,12/5/2022 18:00,"Estabelece os procedimentos para o cálculo da parcela dos ativos ponderados pelo risco (RWA) referente às exposições ao risco de crédito sujeitas ao cálculo do requerimento de capital mediante abordagem padronizada (RWACPAD), de que tratam a Resolução CMN nº 4.958, de 21 de outubro de 2021, e a Resolução BCB nº 200, de 11 de março de 2022",SECRE,51805,Resolução BCB,229,0,"referente às exposições ao risco de crédito sujeitas ao cálculo do requerimento de capital  as exposições relativas ao risco de crédito de contraparte de transações
classificadas na  ",0,2022-05-12T21:00:00Z,12/5/2022 18:00,640
Comunicado N° 38.647,12/5/2022 16:40,Divulga nome aprovado de pessoas eleitas/nomeadas para cargos de órgãos estatutários ou contratuais de sociedades autorizadas a funcionar pelo Banco Central do Brasil.,DEORF,128987,Comunicado,38647,0,Divulga nome aprovado de pessoas eleitas/nomeadas para cargos de órgãos estatutários ou  Instituição Cooperativa de Crédito Credicampo Ltda. - Sicoob Credicampo (CNPJ 21.661.202  ,0,2022-05-12T19:40:10Z,12/5/2022 16:40,641
Comunicado N° 38.641,11/5/2022 17:47,Divulga nome de pessoas com intenção de ocupar cargos de administração em instituições autorizadas a funcionar pelo Banco Central do Brasil.,DEORF,128981,Comunicado,38641,0,Divulga nome de pessoas com intenção de ocupar cargos de administração em instituições  Instituição COOPERATIVA DE CRÉDITO DE LIVRE ADMISSÃO DE ITAJUBA LTDA. (CNPJ 04.079.285  ,0,2022-05-11T20:47:06Z,11/5/2022 17:47,642
Comunicado N° 38.640,11/5/2022 15:52,Divulga nome aprovado de pessoas eleitas/nomeadas para cargos de órgãos estatutários ou contratuais de sociedades autorizadas a funcionar pelo Banco Central do Brasil.,DEORF,128980,Comunicado,38640,0,Divulga nome aprovado de pessoas eleitas/nomeadas para cargos de órgãos estatutários ou  Instituição Cooperativa de Crédito de Livre Admissão da Região de Guaxupé Ltda. - Sicoob  ,0,2022-05-11T18:52:07Z,11/5/2022 15:52,643
Comunicado N° 38.635,10/5/2022 17:16,Divulga nome de pessoas com intenção de ocupar cargos de administração em instituições autorizadas a funcionar pelo Banco Central do Brasil.,DEORF,128974,Comunicado,38635,0,Divulga nome de pessoas com intenção de ocupar cargos de administração em instituições  Instituição COOPERATIVA DE CRÉDITO DE LIVRE ADMISSÃO DO ESTADO DO RIO DE JANEIRO – SICOOB  ,0,2022-05-10T20:16:02Z,10/5/2022 17:16,644
Comunicado N° 38.634,10/5/2022 15:48,Divulga nome aprovado de pessoas eleitas/nomeadas para cargos de órgãos estatutários ou contratuais de sociedades autorizadas a funcionar pelo Banco Central do Brasil.,DEORF,128973,Comunicado,38634,0,Divulga nome aprovado de pessoas eleitas/nomeadas para cargos de órgãos estatutários ou  Instituição Cooperativa de Economia e Crédito Mútuo dos Funcionários das Empresas  ,0,2022-05-10T18:48:22Z,10/5/2022 15:48,645
Comunicado N° 38.628,9/5/2022 14:30,Divulga nome aprovado de pessoas eleitas/nomeadas para cargos de órgãos estatutários ou contratuais de sociedades autorizadas a funcionar pelo Banco Central do Brasil.,DEORF,128967,Comunicado,38628,0,Instituição Cooperativa de Crédito de Livre Admissão do Sertão de Minas Gerais Ltda  Instituição Cooperativa de Crédito Clássica dos Funcionários e Prestadores de Serviços das  ,0,2022-05-09T17:30:28Z,9/5/2022 14:30,646
Comunicado N° 38.624,6/5/2022 17:57,Divulga nome aprovado de pessoas eleitas/nomeadas para cargos de órgãos estatutários ou contratuais de sociedades autorizadas a funcionar pelo Banco Central do Brasil.,DEORF,128963,Comunicado,38624,0,Instituição Cooperativa de Crédito de Livre Admissão do Vale do Rio Grande Ltda. - Sicoob  Instituição Cooperativa de Crédito de Livre Admissão de Jataí e Região Ltda. (CNPJ  ,0,2022-05-06T20:57:02Z,6/5/2022 17:57,647
Comunicado N° 38.623,6/5/2022 17:00,Divulga nome de pessoas com intenção de ocupar cargos de administração em instituições autorizadas a funcionar pelo Banco Central do Brasil.,DEORF,128962,Comunicado,38623,0,"Divulga nome de pessoas com intenção de ocupar cargos de administração em instituições  Instituição COOPERATIVA DE CRÉDITO, POUPANÇA E INVESTIMENTO PLANALTO – SICREDI PLANALTO RS  ",0,2022-05-06T20:00:54Z,6/5/2022 17:00,648
Comunicado N° 38.613,4/5/2022 17:25,Divulga nome de pessoas com intenção de ocupar cargos de administração em instituições autorizadas a funcionar pelo Banco Central do Brasil.,DEORF,128952,Comunicado,38613,0,"Divulga nome de pessoas com intenção de ocupar cargos de administração em instituições  Instituição COOPERATIVA DE CRÉDITO, POUPANÇA E INVESTIMENTO DO CENTRO DO MATO GROSSO DO  ",0,2022-05-04T20:25:00Z,4/5/2022 17:25,649
Comunicado N° 38.602,2/5/2022 14:39,Divulga nome aprovado de pessoas eleitas/nomeadas para cargos de órgãos estatutários ou contratuais de sociedades autorizadas a funcionar pelo Banco Central do Brasil.,DEORF,128941,Comunicado,38602,0,Divulga nome aprovado de pessoas eleitas/nomeadas para cargos de órgãos  Instituição Sicredi Ceará Centro Norte - Cooperativa de Crédito da Região Centro Norte do Ceará (CNPJ  ,0,2022-05-02T17:39:03Z,2/5/2022 14:39,650
Comunicado N° 38.589,29/4/2022 09:21,Divulga nome aprovado de pessoas eleitas/nomeadas para cargos de órgãos estatutários ou contratuais de sociedades autorizadas a funcionar pelo Banco Central do Brasil.,DEORF,128928,Comunicado,38589,0,"Instituição Cooperativa de Crédito, Poupança e Investimento Grandes Lagos do Paraná e  Instituição Cooperativa de Crédito de Livre Admissão de Associados do Meio Oeste  ",0,2022-04-29T12:21:54Z,29/4/2022 09:21,651
Resolução CMN N° 5.014,28/4/2022 18:01,Eleva o limite de crédito de custeio para as cooperativas de produção e define os recursos para os financiamentos ao amparo do Fundo de Defesa da Economia Cafeeira (Funcafé).,SECRE,51801,Resolução CMN,5014,0,"por ano agrícola referente ao
item 2 – Cooperativas de produção do Crédito de Custeio (MCR 9-2) da Tabela 2 (Limites
de Crédito para Financiamentos com Recursos do Fundo de  ",0,2022-04-28T21:01:00Z,28/4/2022 18:01,652
Comunicado N° 38.585,28/4/2022 10:01,Divulga nome aprovado de pessoas eleitas/nomeadas para cargos de órgãos estatutários ou contratuais de sociedades autorizadas a funcionar pelo Banco Central do Brasil.,DEORF,128924,Comunicado,38585,0,"Instituição Cooperativa de Crédito, Poupança e Investimento Novos Horizontes - Sicredi  Instituição Cooperativa Central de Crédito, Poupança e Investimento dos Estados do Paraná  ",0,2022-04-28T13:01:54Z,28/4/2022 10:01,653
Comunicado N° 38.578,27/4/2022 11:55,Divulga nome aprovado de pessoas eleitas/nomeadas para cargos de órgãos estatutários ou contratuais de sociedades autorizadas a funcionar pelo Banco Central do Brasil.,DEORF,128917,Comunicado,38578,0,Instituição Cooperativa de Crédito Mútuo dos Advogados de Santa Catarina (CNPJ 05.861.932  Instituição Cooperativa de Crédito Rural com Interação Solidária Cooperar - Cresol  ,0,2022-04-27T14:55:16Z,27/4/2022 11:55,654
Comunicado N° 38.573,26/4/2022 10:35,Divulga nome aprovado de pessoas eleitas/nomeadas para cargos de órgãos estatutários ou contratuais de sociedades autorizadas a funcionar pelo Banco Central do Brasil.,DEORF,128912,Comunicado,38573,0,"Gazincred S.A. Sociedade de Crédito, Financiamento e Investimento (CNPJ 11.760.553  Instituição Cooperativa de Crédito, Poupança e Investimento Noroeste RS - Sicredi Noroeste  ",0,2022-04-26T13:35:03Z,26/4/2022 10:35,655
Comunicado N° 38.568,25/4/2022 16:42,Divulga nome aprovado de pessoas eleitas/nomeadas para cargos de órgãos estatutários ou contratuais de sociedades autorizadas a funcionar pelo Banco Central do Brasil.,DEORF,128907,Comunicado,38568,0,"Instituição Cooperativa Central de Crédito, Poupança e Investimento de Mato Grosso do Sul  Instituição BCV - Banco de Crédito e Varejo S.A. (CNPJ 50.585.090  ",0,2022-04-25T19:42:29Z,25/4/2022 16:42,656
Comunicado N° 38.567,25/4/2022 12:19,Divulga nome de pessoas com intenção de ocupar cargos de administração em instituições autorizadas a funcionar pelo Banco Central do Brasil.,DEORF,128906,Comunicado,38567,0,"Instituição Banco Brasileiro de Crédito S.A. (CNPJ 01.852.137  Instituição Cooperativa de Crédito, Poupança e Investimento do Norte e Nordeste de Santa  ",0,2022-04-25T15:19:30Z,25/4/2022 12:19,657
Comunicado N° 38.557,20/4/2022 11:51,Divulga nome aprovado de pessoas eleitas/nomeadas para cargos de órgãos estatutários ou contratuais de sociedades autorizadas a funcionar pelo Banco Central do Brasil.,DEORF,128896,Comunicado,38557,0,Instituição Cooperativa de Crédito Mútuo dos Servidores da Segurança Pública de São Paulo  Instituição Cooperativa de Crédito de Livre Admissão de Rio Verde e Região Ltda. (CNPJ  ,0,2022-04-20T14:51:14Z,20/4/2022 11:51,658
Comunicado N° 38.552,19/4/2022 15:33,Divulga nome de pessoas com intenção de ocupar cargos de administração em instituições autorizadas a funcionar pelo Banco Central do Brasil.,DEORF,128891,Comunicado,38552,0,"Instituição Cooperativa de Crédito, Poupança e Investimento Pantanal do Mato Grosso do Sul  Instituição Cooperativa de Crédito, Poupança e Investimento de Campo Grande e Região  ",0,2022-04-19T18:33:36Z,19/4/2022 15:33,659
Comunicado N° 38.531,11/4/2022 15:30,Divulga nome de pessoas com intenção de ocupar cargos de administração em instituições autorizadas a funcionar pelo Banco Central do Brasil.,DEORF,128870,Comunicado,38531,0,"Divulga nome de pessoas com intenção de ocupar cargos de administração em instituições  Instituição Cooperativa de Crédito, Poupança e Investimento Essência RS/ES – Sicredi  ",0,2022-04-11T18:30:05Z,11/4/2022 15:30,660
Comunicado N° 38.520,6/4/2022 14:57,Divulga nome de pessoas com intenção de ocupar cargos de administração em instituições autorizadas a funcionar pelo Banco Central do Brasil.,DEORF,128859,Comunicado,38520,0,Divulga nome de pessoas com intenção de ocupar cargos de administração em instituições autorizadas a funcionar pelo  Instituição Cooperativa de Crédito Credicocapec (CNPJ 67.096.909  ,0,2022-04-06T17:57:56Z,6/4/2022 14:57,661
Comunicado N° 38.514,4/4/2022 17:25,Divulga nome de pessoas com intenção de ocupar cargos de administração em instituições autorizadas a funcionar pelo Banco Central do Brasil.,DEORF,128853,Comunicado,38514,0,"Divulga nome de pessoas com intenção de ocupar cargos de administração em instituições autorizadas  Instituição Cooperativa de Crédito, Poupança e Investimento da Região da Produção  ",0,2022-04-04T20:25:00Z,4/4/2022 17:25,662
Instrução Normativa BCB N° 275,1/4/2022 15:00,Define as rubricas contábeis do grupo Compensação Passiva do elenco de contas do Padrão Contábil das Instituições Reguladas pelo Banco Central do Brasil (Cosif) para utilização pelas instituições financeiras e demais instituições autorizadas a funcionar pelo Banco Central do Brasil.,DENOR,51787,Instrução Normativa BCB,275,0,"exterior, pela abertura de cartas de
crédito de importação, em contrapartida ao título 3.0.1.10.00-1  CRÉDITOS
ABERTOS PARA IMPORTAÇÃO  ",0,2022-04-01T18:00:00Z,1/4/2022 15:00,663
Instrução Normativa BCB N° 274,1/4/2022 14:46,Define as rubricas contábeis do grupo Resultado Devedor do elenco de contas do Padrão Contábil das Instituições Reguladas pelo Banco Central do Brasil (Cosif) para utilização pelas instituições financeiras e demais instituições autorizadas a funcionar pelo Banco Central do Brasil.,DENOR,51786,Instrução Normativa BCB,274,1,"de recursos com base em títulos de crédito,
valores mobiliários e/ou demais ativos  1.65.00-5  (-)
DESPESAS DE LETRAS DE CRÉDITO DO AGRONEGÓCIO, com atributos UBIFRLMNZ, cuja  ",0,2022-04-01T17:46:00Z,1/4/2022 14:46,664
Instrução Normativa BCB N° 273,1/4/2022 14:24,Define as rubricas contábeis do grupo Resultado Credor do elenco de contas do Padrão Contábil das Instituições Reguladas pelo Banco Central do Brasil (Cosif) para utilização pelas instituições financeiras e demais instituições autorizadas a funcionar pelo Banco Central do Brasil.,DENOR,51785,Instrução Normativa BCB,273,0,"00.00-1  Rendas de
Operações de Crédito deve ser realizado nos seguintes títulos contábeis  a fim de
identificar as rendas sobre cada um dos fundos, programas ou linhas de crédito  ",0,2022-04-01T17:24:00Z,1/4/2022 14:24,665
Instrução Normativa BCB N° 272,1/4/2022 14:10,Define as rubricas contábeis do grupo Patrimônio Líquido do elenco de contas do Padrão Contábil das Instituições Reguladas pelo Banco Central do Brasil (Cosif) para para utilização pelas instituições financeiras e demais instituições autorizadas a funcionar pelo Banco Central do Brasil.,DENOR,51784,Instrução Normativa BCB,272,0,Define as rubricas contábeis do grupo Patrimônio Líquido do elenco de contas do Padrão Contábil das Instituições Reguladas pelo Banco Central do Brasil (Cosif) para para  ,0,2022-04-01T17:10:00Z,1/4/2022 14:10,666
Instrução Normativa BCB N° 271,1/4/2022 13:36,Define as rubricas contábeis do grupo Passivo Exigível do elenco de contas do Padrão Contábil das Instituições Reguladas pelo Banco Central do Brasil (Cosif).,DENOR,51783,Instrução Normativa BCB,271,0,Define as rubricas contábeis do grupo Passivo Exigível do elenco de contas do Padrão Contábil das Instituições Reguladas pelo Banco Central do Brasil (Cosif  R E S O L V E  ,0,2022-04-01T16:36:00Z,1/4/2022 13:36,667
Instrução Normativa BCB N° 270,1/4/2022 12:54,Define as rubricas contábeis do grupo Compensação Ativa do elenco de contas do Padrão Contábil das Instituições Reguladas pelo Banco Central do Brasil (Cosif) para utilização pelas instituições financeiras e demais instituições autorizadas a funcionar pelo Banco Central do Brasil.,DENOR,51782,Instrução Normativa BCB,270,0,"respectivos tomadores, o valor das cartas de
crédito de importação emitidas pelo banco, em contrapartida ao título
9.0.1.20.00-0  RESPONSABILIDADES POR CRÉDITOS PARA IMPORTAÇÃO  ",0,2022-04-01T15:54:00Z,1/4/2022 12:54,668
Instrução Normativa BCB N° 268,1/4/2022 11:53,Define as rubricas contábeis do grupo Ativo Realizável do elenco de contas do Padrão Contábil das Instituições Reguladas pelo Banco Central do Brasil (Cosif) para utilização pelas instituições financeiras e demais instituições autorizadas a funcionar pelo Banco Central do Brasil.,DENOR,51780,Instrução Normativa BCB,268,0,Define as rubricas contábeis do grupo Ativo Realizável do elenco de contas do Padrão Contábil das Instituições Reguladas pelo Banco Central do Brasil (Cosif) para utilização pelas  ,0,2022-04-01T14:53:00Z,1/4/2022 11:53,669
Instrução Normativa BCB N° 264,31/3/2022 12:38,Altera e consolida procedimentos a serem observados na remessa de informações relativas a captações de recursos no exterior.,DESIG,51776,Instrução Normativa BCB,264,0,"II - pelos bancos cooperativos, confederações constituídas por
cooperativas centrais de crédito ou cooperativas centrais de crédito, referente às cooperativas integrantes  ",0,2022-03-31T15:38:00Z,31/3/2022 12:38,670
Resolução BCB N° 221,30/3/2022 18:31,"Dispõe sobre a prestação de informações pelas cooperativas singulares de crédito a respeito de seus cooperados e dos municípios depositantes, incluindo seus órgãos ou entidades e empresas por eles controladas.",SECRE,51770,Resolução BCB,221,0,"Publicada no DOU de 1º/4  I - pelos bancos cooperativos, pelas cooperativas centrais de
crédito ou pelas confederações constituídas por cooperativas centrais de crédito, referente  ",0,2022-03-30T21:31:00Z,30/3/2022 18:31,671
Comunicado N° 38.500,30/3/2022 12:21,Divulga nome de pessoas com intenção de ocupar cargos de administração em instituições autorizadas a funcionar pelo Banco Central do Brasil.,DEORF,128838,Comunicado,38500,0,"Instituição SICOOB COCRED COOPERATIVA DE CRÉDITO (CNPJ 71.328.769  Instituição COOPERATIVA DE CRÉDITO, POUPANCA E INVESTIMENTO NOROESTE RS - SICREDI NOROESTE  ",0,2022-03-30T15:21:20Z,30/3/2022 12:21,672
Instrução Normativa BCB N° 250,29/3/2022 11:20,"Cria, altera e exclui rubricas contábeis no Padrão Contábil das Instituições Reguladas pelo Banco Central do Brasil (Cosif).",DENOR,51751,Instrução Normativa BCB,250,1,"3.1.30.10-1  Participação em
Instituição Financeira Controlada por Cooperativa de Crédito  c) 1.3.1.30.15-6  Participação em
Cooperativas, Exceto Cooperativa Central de Crédito  ",0,2022-03-29T14:20:00Z,29/3/2022 11:20,673
Instrução Normativa BCB N° 249,29/3/2022 10:33,"Estabelece procedimentos a serem observados na remessa da Programação Anual e do Relatório Geral das Atividades de Auditoria Cooperativa e da Comunicação de Fatos Materialmente Relevantes, de que trata a Resolução CMN nº 4.887, de 28 de janeiro de 2021.",DESUC,51750,Instrução Normativa BCB,249,0,"executoras do serviço de auditoria cooperativa por meio do
documento 7120 – Relatório Geral das Atividades de Auditoria Cooperativa, com a
codificação do Catálogo de  ",0,2022-03-29T13:33:00Z,29/3/2022 10:33,674
Comunicado N° 38.490,28/3/2022 14:52,Divulga nome de pessoas com intenção de ocupar cargos de administração em instituições autorizadas a funcionar pelo Banco Central do Brasil.,DEORF,128828,Comunicado,38490,0,Divulga nome de pessoas com intenção de ocupar cargos de administração em instituições autorizadas a funcionar pelo  Instituição COOPERATIVA DE CRÉDITO CREDICITRUS (CNPJ 54.037.916  ,0,2022-03-28T17:52:01Z,28/3/2022 14:52,675
Comunicado N° 38.489,28/3/2022 11:20,Divulga nome aprovado de pessoas eleitas/nomeadas para cargos de órgãos estatutários ou contratuais de sociedades autorizadas a funcionar pelo Banco Central do Brasil.,DEORF,128827,Comunicado,38489,0,Instituição Cooperativa de Economia e Crédito Mútuo dos Empregados do Grupo Schaeffler  Instituição Cooperativa de Crédito Credivaz Ltda. - Sicoob Credivaz (CNPJ 00.803.287  ,0,2022-03-28T14:20:50Z,28/3/2022 11:20,676
Resolução Conjunta N° 4,24/3/2022 18:33,"Altera a Resolução Conjunta nº 1, de 4 de maio de 2020, para dispor sobre o Open Finance.",SECRE,51748,Resolução Conjunta,4,0,"do caput, a confederação constituída por
cooperativas centrais de crédito em sistema de três níveis e a cooperativa
central de crédito em sistema de dois níveis podem incumbir-se  ",0,2022-03-24T21:33:00Z,24/3/2022 18:33,677
Resolução CMN N° 5.007,24/3/2022 18:27,Dispõe sobre as condições de emissão de Letra Financeira pelas instituições financeiras que especifica.,SECRE,51742,Resolução CMN,5007,0,"companhias hipotecárias, sociedades de crédito imobiliário,
cooperativas de crédito e pelo Banco Nacional de Desenvolvimento  ",0,2022-03-24T21:27:00Z,24/3/2022 18:27,678
Resolução CMN N° 5.005,24/3/2022 18:25,Dispõe sobre as condições para captação de depósitos a prazo.,SECRE,51740,Resolução CMN,5005,0,"2º  As cooperativas de
crédito somente podem captar depósitos a prazoI - de seus  financeiras,
exceto de sociedades de crédito ao microempreendedor e a empresa de pequeno  ",0,2022-03-24T21:25:00Z,24/3/2022 18:25,679
Resolução CMN N° 5.001,24/3/2022 18:20,Dispõe sobre a emissão de Letras Imobiliárias Garantidas pelas instituições financeiras que específica.,SECRE,51736,Resolução CMN,5001,0,"Letra Imobiliária Garantida (LIG), título de crédito nominativo, transferível e de livre  IV - sociedades de crédito, financiamento e investimento  VIII - cooperativas de crédito  ",0,2022-03-24T21:20:00Z,24/3/2022 18:20,680
Resolução CMN N° 4.994,24/3/2022 18:11,Dispõe sobre as diretrizes de aplicação dos recursos garantidores dos planos administrados pelas entidades fechadas de previdência complementar.,SECRE,51729,Resolução CMN,4994,0,"Dispõe sobre as diretrizes de aplicação dos recursos garantidores dos planos administrados  controlar e monitorar os riscos de
crédito, de mercado, de liquidez, operacional, legal  ",0,2022-03-24T21:11:00Z,24/3/2022 18:11,681
Comunicado N° 38.481,24/3/2022 13:12,Divulga nome aprovado de pessoas eleitas/nomeadas para cargos de órgãos estatutários ou contratuais de sociedades autorizadas a funcionar pelo Banco Central do Brasil.,DEORF,128819,Comunicado,38481,0,Divulga nome aprovado de pessoas eleitas/nomeadas para cargos de órgãos estatutários ou  Instituição Cooperativa de Crédito de Livre Admissão de Pará de Minas Ltda. - Sicoob  ,0,2022-03-24T16:12:19Z,24/3/2022 13:12,682
Resolução BCB N° 208,22/3/2022 18:07,Altera e consolida atos normativos referentes à remessa de informações diárias ao Banco Central do Brasil.,SECRE,51717,Resolução BCB,208,0,"II - pelos bancos cooperativos, confederações constituídas por
cooperativas centrais de crédito ou cooperativas centrais de crédito, contemplando as cooperativas integrantes  ",0,2022-03-22T21:07:00Z,22/3/2022 18:07,683
Resolução BCB N° 207,22/3/2022 18:02,Consolida e altera atos normativos referentes à remessa de informações sobre o controle da exposição ao risco de liquidez e sobre o indicador Liquidez de Curto Prazo (LCR).,SECRE,51716,Resolução BCB,207,0,"Resolução se aplica a
todas as cooperativas de crédito integrantes de sistema organizado de
três ou  ",0,2022-03-22T21:02:00Z,22/3/2022 18:02,684
Comunicado N° 38.458,17/3/2022 12:06,Divulga nome aprovado de pessoas eleitas/nomeadas para cargos de órgãos estatutários ou contratuais de sociedades autorizadas a funcionar pelo Banco Central do Brasil.,DEORF,128796,Comunicado,38458,0,Instituição Cooperativa de Crédito Mútuo dos Empregados da Embraer - Cooperemb (CNPJ  Instituição Cooperativa de Crédito Crediesmeraldas Ltda. - Sicoob Crediesmeraldas (CNPJ  ,0,2022-03-17T15:06:23Z,17/3/2022 12:06,685
Comunicado N° 38.448,16/3/2022 15:37,Divulga nome aprovado de pessoas eleitas/nomeadas para cargos de órgãos estatutários ou contratuais de sociedades autorizadas a funcionar pelo Banco Central do Brasil.,DEORF,128786,Comunicado,38448,0,Divulga nome aprovado de pessoas eleitas/nomeadas para cargos de órgãos estatutários ou  Instituição Cooperativa de Economia e Crédito Mútuo dos Empregados de Elevadores Atlas  ,0,2022-03-16T18:37:17Z,16/3/2022 15:37,686
Comunicado N° 38.445,15/3/2022 18:14,Divulga nome de pessoas com intenção de ocupar cargos de administração em instituições autorizadas a funcionar pelo Banco Central do Brasil.,DEORF,128783,Comunicado,38445,0,"Divulga nome de pessoas com intenção de ocupar cargos de administração em instituições  Instituição Cooperativa de Crédito, Poupança e Investimento União dos Estados de Mato  ",0,2022-03-15T21:14:40Z,15/3/2022 18:14,687
Comunicado N° 38.441,15/3/2022 11:48,Divulga nome aprovado de pessoas eleitas/nomeadas para cargos de órgãos estatutários ou contratuais de sociedades autorizadas a funcionar pelo Banco Central do Brasil.,DEORF,128779,Comunicado,38441,0,Instituição Cooperativa de Crédito Credicarpa Ltda. - Sicoob Credicarpa (CNPJ 23.949.522  Instituição Cooperativa de Crédito de Livre Admissão de Martinho Campos Ltda. - Sicoob  ,0,2022-03-15T14:48:27Z,15/3/2022 11:48,688
Comunicado N° 38.435,14/3/2022 15:42,Divulga nome aprovado de pessoas eleitas/nomeadas para cargos de órgãos estatutários ou contratuais de sociedades autorizadas a funcionar pelo Banco Central do Brasil.,DEORF,128773,Comunicado,38435,0,"Instituição Uniprime do Iguaçu - Cooperativa de Crédito, Poupança e Investimento (CNPJ 01.848.322  Instituição Cooperativa Central de Crédito - Ailos (CNPJ 05.463.212  ",0,2022-03-14T18:42:06Z,14/3/2022 15:42,689
Comunicado N° 38.429,11/3/2022 17:26,Divulga nome de pessoas com intenção de ocupar cargos de administração em instituições autorizadas a funcionar pelo Banco Central do Brasil.,DEORF,128767,Comunicado,38429,0,"Divulga nome de pessoas com intenção de ocupar cargos de administração em instituições  Instituição COOPERATIVA DE CRÉDITO, POUPANÇA E INVESTIMENTO UNIÃO – SICREDI UNIÃO RS/ES  ",0,2022-03-11T20:26:08Z,11/3/2022 17:26,690
Comunicado N° 38.428,11/3/2022 14:39,Divulga nome aprovado de pessoas eleitas/nomeadas para cargos de órgãos estatutários ou contratuais de sociedades autorizadas a funcionar pelo Banco Central do Brasil.,DEORF,128766,Comunicado,38428,0,Instituição Cooperativa de Economia e Crédito Mútuo dos Trabalhadores nas Indústrias de  Instituição Cooperativa de Crédito Mútuo dos Empregados da Maxion - Credmaxion (CNPJ  ,0,2022-03-11T17:39:10Z,11/3/2022 14:39,691
Instrução Normativa BCB N° 240,11/3/2022 10:12,"Divulga procedimentos a respeito da prestação de informações e ao cálculo da exigibilidade de que trata a Resolução BCB nº 188, de 23 de fevereiro de 2022, que define e consolida as regras do recolhimento compulsório sobre recursos de depósitos de poupança.",DEBAN,51707,Instrução Normativa BCB,240,1,"CodItem “7016 – Saldo de operações
de crédito para financiamento de capital de giro para  de Poupança e Empréstimo,
Sociedades de Crédito Imobiliário e/ou Cooperativas de Crédito  ",0,2022-03-11T13:12:00Z,11/3/2022 10:12,692
Resolução BCB N° 199,11/3/2022 07:32,Dispõe sobre a metodologia para apuração do Patrimônio de Referência (PR) para conglomerado prudencial classificado como Tipo 3.,SECRE,51703,Resolução BCB,199,0,"decorrente de alterações no
risco de crédito próprio da instituição, líquido dos efeitos  e vendidas, desde que não haja risco de crédito de
contraparte nas posições vendidas  ",0,2022-03-11T10:32:00Z,11/3/2022 07:32,693
Comunicado N° 38.410,8/3/2022 14:31,Divulga nome aprovado de pessoas eleitas/nomeadas para cargos de órgãos estatutários ou contratuais de sociedades autorizadas a funcionar pelo Banco Central do Brasil.,DEORF,128748,Comunicado,38410,0,Divulga nome aprovado de pessoas eleitas/nomeadas para cargos de órgãos estatutários ou  Instituição Cooperativa de Crédito Sul-Serrana do Espírito Santo (CNPJ 00.815.319  ,0,2022-03-08T17:31:31Z,8/3/2022 14:31,694
Comunicado N° 38.406,7/3/2022 14:20,Divulga nome aprovado de pessoas eleitas/nomeadas para cargos de órgãos estatutários ou contratuais de sociedades autorizadas a funcionar pelo Banco Central do Brasil.,DEORF,128744,Comunicado,38406,0,Instituição Cooperativa de Crédito Sicredi Pernambucred (CNPJ 04.146.333  Nome Marcos Jair de Souza Cordeiro  Instituição Cooperativa de Crédito Rural Ascoob Cooperar (CNPJ 02.025.743  ,0,2022-03-07T17:20:46Z,7/3/2022 14:20,695
Comunicado N° 38.398,4/3/2022 14:17,Divulga nome aprovado de pessoas eleitas/nomeadas para cargos de órgãos estatutários ou contratuais de sociedades autorizadas a funcionar pelo Banco Central do Brasil.,DEORF,128736,Comunicado,38398,0,Instituição Sem Parar Sociedade de Crédito Direto S.A. (CNPJ INEXISTENTE  Instituição Cooperativa de Crédito Crediuna Ltda. - Sicoob Crediuna (CNPJ 64.237.530  ,0,2022-03-04T17:17:08Z,4/3/2022 14:17,696
Comunicado N° 38.391,3/3/2022 15:07,Divulga nome aprovado de pessoas eleitas/nomeadas para cargos de órgãos estatutários ou contratuais de sociedades autorizadas a funcionar pelo Banco Central do Brasil.,DEORF,128729,Comunicado,38391,0,Divulga nome aprovado de pessoas eleitas/nomeadas para cargos de órgãos estatutários ou  Instituição Cooperativa de Economia e Crédito Mútuo dos Funcionários da Ceplac Ltda  ,0,2022-03-03T18:07:01Z,3/3/2022 15:07,697
Comunicado N° 38.387,2/3/2022 14:56,Divulga nome aprovado de pessoas eleitas/nomeadas para cargos de órgãos estatutários ou contratuais de sociedades autorizadas a funcionar pelo Banco Central do Brasil.,DEORF,128725,Comunicado,38387,0,Instituição Cooperativa de Crédito Crediuna Ltda. - Sicoob Crediuna (CNPJ 64.237.530  Instituição Cooperativa de Crédito Rural com Interação Solidária de Witmarsum - Cresol  ,0,2022-03-02T17:56:10Z,2/3/2022 14:56,698
Comunicado N° 38.382,25/2/2022 17:56,Divulga nome de pessoas com intenção de ocupar cargos de administração em instituições autorizadas a funcionar pelo Banco Central do Brasil.,DEORF,128720,Comunicado,38382,0,"Divulga nome de pessoas com intenção de ocupar cargos de administração em instituições  Instituição COOPERATIVA DE CRÉDITO, POUPANÇA E INVESTIMENTO DO CERRADO DE GOIÁS - SICREDI  ",0,2022-02-25T20:56:20Z,25/2/2022 17:56,699
Resolução BCB N° 193,23/2/2022 18:07,Consolida normativos que dispõem sobre a remessa ao Banco Central do Brasil de informações relativas a captações de recursos no exterior.,SECRE,51692,Resolução BCB,193,0,"II - pelos bancos cooperativos, confederações constituídas por
cooperativas centrais de crédito ou cooperativas centrais de crédito, referente às cooperativas integrantes  ",0,2022-02-23T21:07:00Z,23/2/2022 18:07,700
Resolução BCB N° 188,23/2/2022 18:03,Define e consolida as regras do recolhimento compulsório sobre recursos de depósitos de poupança.,SECRE,51687,Resolução BCB,188,0,"interfinanceiros efetuados
por bancos cooperativos a cooperativas singulares integrantes do mesmo sistema
cooperativo de crédito destinados à concessão de operações de crédito para  ",0,2022-02-23T21:03:00Z,23/2/2022 18:03,701
Comunicado N° 38.364,23/2/2022 14:39,Divulga nome aprovado de pessoas eleitas/nomeadas para cargos de órgãos estatutários ou contratuais de sociedades autorizadas a funcionar pelo Banco Central do Brasil.,DEORF,128702,Comunicado,38364,0,"Instituição Cooperativa de Crédito, Poupança e Investimento Integração - Sicredi  Instituição Cooperativa de Crédito de Livre Admissão União e Negócios - Sicoob Integração  ",0,2022-02-23T17:39:17Z,23/2/2022 14:39,702
Comunicado N° 38.355,21/2/2022 14:02,Divulga nome aprovado de pessoas eleitas/nomeadas para cargos de órgãos estatutários ou contratuais de sociedades autorizadas a funcionar pelo Banco Central do Brasil.,DEORF,128693,Comunicado,38355,0,Instituição Cooperativa de Crédito Sicoob Ouro Verde (CNPJ 05.582.619  Instituição Cooperativa de Crédito Potiguar - Sicoob Potiguar (CNPJ 02.382.755  ,0,2022-02-21T17:02:53Z,21/2/2022 14:02,703
Comunicado N° 38.351,18/2/2022 17:27,Divulga nome de pessoas com intenção de ocupar cargos de administração em instituições autorizadas a funcionar pelo Banco Central do Brasil.,DEORF,128689,Comunicado,38351,0,"Divulga nome de pessoas com intenção de ocupar cargos de administração em instituições  Instituição COOPERATIVA CENTRAL DE CRÉDITO, POUPANÇA E INVESTIMENTO DE MATO GROSSO DO SUL  ",0,2022-02-18T20:27:43Z,18/2/2022 17:27,704
Comunicado N° 38.350,18/2/2022 14:28,Divulga nome aprovado de pessoas eleitas/nomeadas para cargos de órgãos estatutários ou contratuais de sociedades autorizadas a funcionar pelo Banco Central do Brasil.,DEORF,128688,Comunicado,38350,0,Instituição Sicredi Ceará Centro Norte - Cooperativa de Crédito da Região Centro Norte do Ceará (CNPJ  ,0,2022-02-18T17:28:02Z,18/2/2022 14:28,705
Resolução CMN N° 4.984,17/2/2022 18:02,Dispõe sobre a certificação de empregados das instituições financeiras e demais instituições autorizadas a funcionar pelo Banco Central do Brasil.,SECRE,51682,Resolução CMN,4984,0,"Dispõe sobre a certificação de empregados das instituições financeiras e demais instituições  o disposto nesta Resolução se aplica somente às
cooperativas de crédito singulares  ",0,2022-02-17T21:02:00Z,17/2/2022 18:02,706
Comunicado N° 38.344,17/2/2022 14:36,Divulga nome aprovado de pessoas eleitas/nomeadas para cargos de órgãos estatutários ou contratuais de sociedades autorizadas a funcionar pelo Banco Central do Brasil.,DEORF,128683,Comunicado,38344,0,Instituição Cooperativa de Economia e Crédito Mútuo Unicred Região da Campanha Ltda  Instituição Fortbrasil Administradora de Cartões de Crédito S.A. (CNPJ 02.732.968  ,0,2022-02-17T17:36:11Z,17/2/2022 14:36,707
Instrução Normativa BCB N° 236,17/2/2022 13:06,"Altera e consolida os procedimentos para a remessa de demonstrações financeiras individuais e consolidadas, anuais, semestrais e intermediárias, para fins de divulgação na Central de Demonstrações Financeiras do Sistema Financeiro Nacional (CDSFN), de que trata a Resolução BCB nº 2, de 12 de agosto de 2020.",DESIG,51679,Instrução Normativa BCB,236,0,"Altera e consolida os procedimentos para a remessa de demonstrações financeiras individuais e consolidadas, anuais, semestrais e intermediárias, para fins de divulgação na Central  ",0,2022-02-17T16:06:00Z,17/2/2022 13:06,708
Comunicado N° 38.340,16/2/2022 14:22,Divulga nome aprovado de pessoas eleitas/nomeadas para cargos de órgãos estatutários ou contratuais de sociedades autorizadas a funcionar pelo Banco Central do Brasil.,DEORF,128678,Comunicado,38340,0,Instituição Cooperativa de Economia e Crédito Mútuo dos Servidores da Universidade  Instituição Cooperativa de Crédito de Livre Admissão de Araxá Ltda. - Sicoob Coocrez (CNPJ  ,0,2022-02-16T17:22:28Z,16/2/2022 14:22,709
Comunicado N° 38.328,14/2/2022 15:00,Divulga nome aprovado de pessoas eleitas/nomeadas para cargos de órgãos estatutários ou contratuais de sociedades autorizadas a funcionar pelo Banco Central do Brasil.,DEORF,128666,Comunicado,38328,0,Instituição Cooperativa de Crédito dos Integrantes do Poder Judiciário e do Ministério  Instituição Cooperativa de Crédito com Interação Solidária Norte Paranaense - Cresol Norte  ,0,2022-02-14T18:00:18Z,14/2/2022 15:00,710
Comunicado N° 38.323,11/2/2022 17:03,Divulga nome aprovado de pessoas eleitas/nomeadas para cargos de órgãos estatutários ou contratuais de sociedades autorizadas a funcionar pelo Banco Central do Brasil.,DEORF,128661,Comunicado,38323,0,Instituição Coopecredi Guariba - Cooperativa de Crédito (CNPJ 44.469.161  Instituição Cooperativa de Crédito e Economia com Interação Solidária de Chapecó - Cresol  ,0,2022-02-11T20:03:54Z,11/2/2022 17:03,711
Comunicado N° 38.318,10/2/2022 11:21,Divulga nome aprovado de pessoas eleitas/nomeadas para cargos de órgãos estatutários ou contratuais de sociedades autorizadas a funcionar pelo Banco Central do Brasil.,DEORF,128655,Comunicado,38318,0,Divulga nome aprovado de pessoas eleitas/nomeadas para cargos de órgãos estatutários ou  Instituição Cooperativa de Crédito de Livre Admissão do Oeste Mineiro Ltda. - Sicoob  ,0,2022-02-10T14:21:38Z,10/2/2022 11:21,712
Comunicado N° 38.312,9/2/2022 15:19,Divulga nome aprovado de pessoas eleitas/nomeadas para cargos de órgãos estatutários ou contratuais de sociedades autorizadas a funcionar pelo Banco Central do Brasil.,DEORF,128649,Comunicado,38312,0,"Instituição Cooperativa de Economia e Crédito Mútuo dos Funcionários da Nestlé - Credi  Instituição Cooperativa de Economia e Crédito Mútuo dos Aposentados, Pensionistas e Idosos  ",0,2022-02-09T18:19:40Z,9/2/2022 15:19,713
Comunicado N° 38.306,8/2/2022 16:13,Divulga nome aprovado de pessoas eleitas/nomeadas para cargos de órgãos estatutários ou contratuais de sociedades autorizadas a funcionar pelo Banco Central do Brasil.,DEORF,128643,Comunicado,38306,0,Divulga nome aprovado de pessoas eleitas/nomeadas para cargos de órgãos estatutários ou  Instituição Servicoop - Cooperativa de Crédito dos Servidores Públicos Estaduais e  ,0,2022-02-08T19:13:52Z,8/2/2022 16:13,714
Comunicado N° 38.300,7/2/2022 14:28,Divulga nome aprovado de pessoas eleitas/nomeadas para cargos de órgãos estatutários ou contratuais de sociedades autorizadas a funcionar pelo Banco Central do Brasil.,DEORF,128637,Comunicado,38300,0,Instituição Cooperativa de Crédito com Interação Solidária Norte Paranaense - Cresol Norte  Instituição Microcash Sociedade de Crédito ao Microempreendedor e à Empresa de Pequeno  ,0,2022-02-07T17:28:53Z,7/2/2022 14:28,715
Comunicado N° 38.294,4/2/2022 16:13,Divulga nome aprovado de pessoas eleitas/nomeadas para cargos de órgãos estatutários ou contratuais de sociedades autorizadas a funcionar pelo Banco Central do Brasil.,DEORF,128631,Comunicado,38294,0,Divulga nome aprovado de pessoas eleitas/nomeadas para cargos de órgãos estatutários ou  Instituição Cooperativa de Crédito dos Empregados do Grupo Akzo Nobel Brasil - Coop  ,0,2022-02-04T19:13:16Z,4/2/2022 16:13,716
Comunicado N° 38.275,2/2/2022 13:59,Divulga nome aprovado de pessoas eleitas/nomeadas para cargos de órgãos estatutários ou contratuais de sociedades autorizadas a funcionar pelo Banco Central do Brasil.,DEORF,128612,Comunicado,38275,0,Divulga nome aprovado de pessoas eleitas/nomeadas para cargos de órgãos estatutários ou  Instituição Cooperativa de Crédito Rural do Agreste Alagoano - Cooperagre (CNPJ 08.482.873  ,0,2022-02-02T16:59:27Z,2/2/2022 13:59,717
Comunicado N° 38.269,1/2/2022 14:44,Divulga nome aprovado de pessoas eleitas/nomeadas para cargos de órgãos estatutários ou contratuais de sociedades autorizadas a funcionar pelo Banco Central do Brasil.,DEORF,128606,Comunicado,38269,0,Divulga nome aprovado de pessoas eleitas/nomeadas para cargos de órgãos estatutários ou  Instituição Cooperativa de Crédito de Livre Admissão União e Negócios - Sicoob Integração  ,0,2022-02-01T17:44:10Z,1/2/2022 14:44,718
Comunicado N° 38.263,31/1/2022 14:29,Divulga nome aprovado de pessoas eleitas/nomeadas para cargos de órgãos estatutários ou contratuais de sociedades autorizadas a funcionar pelo Banco Central do Brasil.,DEORF,128600,Comunicado,38263,0,Instituição Cooperativa de Crédito de Produtores Rurais e de Livre Admissão do Triângulo  Instituição Cooperativa de Economia e Crédito Mútuo dos Trabalhadores da Cia  ,0,2022-01-31T17:29:46Z,31/1/2022 14:29,719
Comunicado N° 38.250,27/1/2022 14:40,Divulga nome aprovado de pessoas eleitas/nomeadas para cargos de órgãos estatutários ou contratuais de sociedades autorizadas a funcionar pelo Banco Central do Brasil.,DEORF,128587,Comunicado,38250,0,Instituição Cooperativa de Crédito Credinosso Ltda. - Sicoob Credinosso (CNPJ 06.324.872  Instituição Creditas Sociedade de Crédito Direto S.A. (CNPJ 32.997.490  ,0,2022-01-27T17:40:08Z,27/1/2022 14:40,720
Comunicado N° 38.245,26/1/2022 18:00,Divulga nome de pessoas com intenção de ocupar cargos de administração em instituições autorizadas a funcionar pelo Banco Central do Brasil.,DEORF,128582,Comunicado,38245,0,"Instituição COOPERATIVA DE CRÉDITO, POUPANÇA E INVESTIMENTO PLANALTO – SICREDI PLANALTO RS  Instituição FC FINANCEIRA S.A. – CRÉDITO, FINANCIAMENTO E INVESTIMENTO (CNPJ 36.583.700  ",0,2022-01-26T21:00:12Z,26/1/2022 18:00,721
Comunicado N° 38.231,24/1/2022 14:39,Divulga nome aprovado de pessoas eleitas/nomeadas para cargos de órgãos estatutários ou contratuais de sociedades autorizadas a funcionar pelo Banco Central do Brasil.,DEORF,128568,Comunicado,38231,0,Divulga nome aprovado de pessoas eleitas/nomeadas para cargos de órgãos estatutários ou  Instituição Cooperativa de Economia e Crédito Mútuo dos Funcionários da Astrazeneca do  ,0,2022-01-24T17:39:28Z,24/1/2022 14:39,722
Comunicado N° 38.222,21/1/2022 17:17,Divulga nome de pessoas com intenção de ocupar cargos de administração em instituições autorizadas a funcionar pelo Banco Central do Brasil.,DEORF,128559,Comunicado,38222,0,Divulga nome de pessoas com intenção de ocupar cargos de  Instituição Coopecredi Guariba - Cooperativa de Crédito  Instituição Banco Brasileiro de Crédito S.A. (CNPJ 01.852.137  ,0,2022-01-21T20:17:53Z,21/1/2022 17:17,723
Comunicado N° 38.220,21/1/2022 14:36,Divulga nome aprovado de pessoas eleitas/nomeadas para cargos de órgãos estatutários ou contratuais de sociedades autorizadas a funcionar pelo Banco Central do Brasil.,DEORF,128557,Comunicado,38220,0,"Instituição Cooperativa de Crédito, Poupança e Investimento Parque das Araucárias  Instituição Multicred Sociedade de Crédito Direto S.A. (CNPJ 38.593.706  ",0,2022-01-21T17:36:21Z,21/1/2022 14:36,724
Comunicado N° 38.214,20/1/2022 14:35,Divulga nome aprovado de pessoas eleitas/nomeadas para cargos de órgãos estatutários ou contratuais de sociedades autorizadas a funcionar pelo Banco Central do Brasil.,DEORF,128551,Comunicado,38214,0,Instituição Cooperativa de Crédito de Livre Admissão da Região Central e Oeste Mineiro  Instituição Central das Cooperativas de Crédito do Estado de São Paulo - Sicoob Central  ,0,2022-01-20T17:35:45Z,20/1/2022 14:35,725
Resolução BCB N° 179,19/1/2022 18:02,Consolida e revisa normas sobre o Cadastro de Clientes do Sistema Financeiro Nacional (CCS).,SECRE,51662,Resolução BCB,179,0,"Consolida e revisa normas sobre o Cadastro de Clientes do Sistema Financeiro Nacional (CCS  Publicada no DOU de 21/1/2022, Seção 1, p. 208/209  Lei Complementar nº 130/2009, art  ",0,2022-01-19T21:02:00Z,19/1/2022 18:02,726
Comunicado N° 38.203,18/1/2022 14:28,Divulga nome aprovado de pessoas eleitas/nomeadas para cargos de órgãos estatutários ou contratuais de sociedades autorizadas a funcionar pelo Banco Central do Brasil.,DEORF,128540,Comunicado,38203,0,"Instituição Bigcash Sociedade de Crédito Direto S.A. (CNPJ 36.452.762  Instituição Cooperativa de Crédito, Poupança e Investimento Caminho das Águas RS - Sicredi  ",0,2022-01-18T17:28:43Z,18/1/2022 14:28,727
Comunicado N° 38.198,17/1/2022 14:46,Divulga nome aprovado de pessoas eleitas/nomeadas para cargos de órgãos estatutários ou contratuais de sociedades autorizadas a funcionar pelo Banco Central do Brasil.,DEORF,128535,Comunicado,38198,0,Instituição Cooperativa de Crédito de Livre Admissão de Jataí e Região Ltda. (CNPJ  Instituição Cooperativa de Crédito Poupança e Investimento dos Profissionais Médicos e da  ,0,2022-01-17T17:46:09Z,17/1/2022 14:46,728
Comunicado N° 38.191,14/1/2022 14:46,Divulga nome aprovado de pessoas eleitas/nomeadas para cargos de órgãos estatutários ou contratuais de sociedades autorizadas a funcionar pelo Banco Central do Brasil.,DEORF,128528,Comunicado,38191,0,Instituição Cooperativa de Crédito de Livre Admissão de Lagoa da Prata e Região Ltda  Instituição Cooperativa de Crédito Clássica dos Funcionários e Prestadores de Serviços das  ,0,2022-01-14T17:46:54Z,14/1/2022 14:46,729
Comunicado N° 38.172,11/1/2022 14:36,Divulga nome aprovado de pessoas eleitas/nomeadas para cargos de órgãos estatutários ou contratuais de sociedades autorizadas a funcionar pelo Banco Central do Brasil.,DEORF,128509,Comunicado,38172,0,Divulga nome aprovado de pessoas eleitas/nomeadas para cargos de órgãos estatutários ou  Instituição Cooperativa de Crédito Credifiemg Ltda. - Sicoob Credifiemg (CNPJ 07.469.260  ,0,2022-01-11T17:36:45Z,11/1/2022 14:36,730
Comunicado N° 38.166,10/1/2022 14:33,Divulga nome aprovado de pessoas eleitas/nomeadas para cargos de órgãos estatutários ou contratuais de sociedades autorizadas a funcionar pelo Banco Central do Brasil.,DEORF,128503,Comunicado,38166,0,Divulga nome aprovado de pessoas eleitas/nomeadas para cargos de órgãos estatutários ou  Instituição Cooperativa de Crédito de Livre Admissão da Grande Goiânia Ltda. (CNPJ  ,0,2022-01-10T17:33:28Z,10/1/2022 14:33,731
Comunicado N° 38.162,7/1/2022 14:30,Divulga nome aprovado de pessoas eleitas/nomeadas para cargos de órgãos estatutários ou contratuais de sociedades autorizadas a funcionar pelo Banco Central do Brasil.,DEORF,128499,Comunicado,38162,0,Divulga nome aprovado de pessoas eleitas/nomeadas para cargos de órgãos estatutários ou  Instituição Sicoob - Credimed - Cooperativa de Crédito de Livre Admissão da Cidade de  ,0,2022-01-07T17:30:25Z,7/1/2022 14:30,732
Comunicado N° 38.155,6/1/2022 15:45,Divulga nome aprovado de pessoas eleitas/nomeadas para cargos de órgãos estatutários ou contratuais de sociedades autorizadas a funcionar pelo Banco Central do Brasil.,DEORF,128492,Comunicado,38155,0,Divulga nome aprovado de pessoas eleitas/nomeadas para cargos de órgãos estatutários ou  Instituição Cooperativa de Crédito com Interação Solidária Liderança - Cresol Liderança  ,0,2022-01-06T18:45:09Z,6/1/2022 15:45,733
Instrução Normativa BCB N° 226,6/1/2022 14:31,"Divulga relação das instituições financeiras pertencentes ao ""Grupo A"" e ao ""Grupo B"", para fins do recolhimento compulsório sobre recursos à vista.",DEBAN,51656,Instrução Normativa BCB,226,1,"Divulga relação das instituições financeiras pertencentes ao &quot;Grupo A  BCV - Banco de Crédito e Varejo S.A.  Banco Cooperativo Sicoob S.A. – Banco
Sicoob  Banco Cooperativo Sicredi S.A.  ",0,2022-01-06T17:31:00Z,6/1/2022 14:31,734
Instrução Normativa BCB N° 223,28/12/2021 15:27,"Dispõe sobre os procedimentos de solicitações de autorização para classificação diversa na carteira de negociação quando do reconhecimento contábil inicial, para reclassificação de uma operação específica para a carteira bancária ou para a carteira de negociação e para a constituição de mesa de operações dedicada ao registro de transferências internas de riscos com efeitos no requerimento de capital, de que tratam a Resolução nº 4.557, de 23 de fevereiro de 2017, e a Resolução BCB nº 111, de 6 de julho de 2021.",DEGEF,51653,Instrução Normativa BCB,223,0,"Dispõe sobre os procedimentos de solicitações de autorização para classificação diversa  do Departamento de
Supervisão de Cooperativas e de Instituições Não Bancárias (Desuc) e do  ",0,2021-12-28T18:27:00Z,28/12/2021 15:27,735
Instrução Normativa BCB N° 222,28/12/2021 12:19,"Estabelece os procedimentos para a remessa das informações relativas aos riscos social, ambiental e climático de exposições em operações de crédito e títulos e valores mobiliários de que trata a Resolução BCB nº 151, de 6 de outubro de 2021.",DESIG,51652,Instrução Normativa BCB,222,0,"III - pelos bancos cooperativos, pelas confederações de crédito,
pelas  de serviço constituídas por cooperativas centrais de
crédito ou pelas cooperativas centrais de crédito, em  ",0,2021-12-28T15:19:00Z,28/12/2021 12:19,736
Comunicado N° 38.119,28/12/2021 09:18,Divulga nome aprovado de pessoas eleitas/nomeadas para cargos de órgãos estatutários ou contratuais de sociedades autorizadas a funcionar pelo Banco Central do Brasil.,DEORF,128456,Comunicado,38119,0,Divulga nome aprovado de pessoas eleitas/nomeadas para cargos de órgãos  Instituição Unicred Costa do Sol RJ - Cooperativa de Economia e Crédito Mútuo Ltda. (CNPJ 39.231.527  ,0,2021-12-28T12:18:53Z,28/12/2021 09:18,737
Comunicado N° 38.116,27/12/2021 15:31,Divulga nome aprovado de pessoas eleitas/nomeadas para cargos de órgãos estatutários ou contratuais de sociedades autorizadas a funcionar pelo Banco Central do Brasil.,DEORF,128453,Comunicado,38116,0,"Instituição Cooperativa de Crédito, Poupança e Investimento Sul Minas do Rio Grande do Sul  Instituição Cooperativa de Economia e Crédito Mútuo dos Integrantes do Ministério Público  ",0,2021-12-27T18:31:19Z,27/12/2021 15:31,738
Comunicado N° 38.113,24/12/2021 11:17,Divulga nome aprovado de pessoas eleitas/nomeadas para cargos de órgãos estatutários ou contratuais de sociedades autorizadas a funcionar pelo Banco Central do Brasil.,DEORF,128450,Comunicado,38113,0,Instituição Cooperativa de Crédito Sicoob Cred-Acif (CNPJ 04.013.172  Instituição Cooperativa de Crédito Rural e Economia com Interação Solidária de Getúlio  ,0,2021-12-24T14:17:29Z,24/12/2021 11:17,739
Resolução BCB N° 177,22/12/2021 18:02,Aprova o Manual de Penalidades do Pix.,SECRE,51641,Resolução BCB,177,0,"Aprova o Manual de Penalidades do Pix  Resolução BCB nº 270/2022 - Alteração no Anexo I, a partir de 1º/3/2023 - Nova redação: art  6º, inciso II, do Anexo I; e Anexo II  ",0,2021-12-22T21:02:00Z,22/12/2021 18:02,740
Comunicado N° 38.098,22/12/2021 13:32,Divulga nome aprovado de pessoas eleitas/nomeadas para cargos de órgãos estatutários ou contratuais de sociedades autorizadas a funcionar pelo Banco Central do Brasil.,DEORF,128435,Comunicado,38098,0,Instituição Cooperativa Central de Economia e Crédito Mútuo - Sicoob Unimais (CNPJ 73.085.573  Instituição Cooperativa de Economia e Crédito Mútuo dos Empregados da Prolec GE Brasil  ,0,2021-12-22T16:32:27Z,22/12/2021 13:32,741
Comunicado N° 38.093,21/12/2021 13:50,Divulga nome aprovado de pessoas eleitas/nomeadas para cargos de órgãos estatutários ou contratuais de sociedades autorizadas a funcionar pelo Banco Central do Brasil.,DEORF,128430,Comunicado,38093,0,Instituição Cooperativa de Crédito de Livre Admissão União e Negócios - Sicoob Integração  Instituição Cooperativa de Crédito dos Magistrados do Estado do Rio de Janeiro Ltda  ,0,2021-12-21T16:50:12Z,21/12/2021 13:50,742
Comunicado N° 38.084,20/12/2021 13:51,Divulga nome aprovado de pessoas eleitas/nomeadas para cargos de órgãos estatutários ou contratuais de sociedades autorizadas a funcionar pelo Banco Central do Brasil.,DEORF,128421,Comunicado,38084,0,"Instituição Monetarie Sociedade de Crédito Direto S.A. (CNPJ INEXISTENTE  Instituição Cooperativa de Crédito, Poupança e Investimento Integração de Estados do Rio  ",0,2021-12-20T16:51:47Z,20/12/2021 13:51,743
Comunicado N° 38.078,17/12/2021 14:40,Divulga nome de pessoas com intenção de ocupar cargos de administração em instituições autorizadas a funcionar pelo Banco Central do Brasil.,DEORF,128415,Comunicado,38078,0,"Divulga nome de pessoas com intenção de ocupar cargos de administração em instituições  Instituição Cooperativa de Crédito, Poupança e Investimento Caminho das Águas RS – Sicredi  ",0,2021-12-17T17:40:50Z,17/12/2021 14:40,744
Comunicado N° 38.076,17/12/2021 11:46,Divulga nome aprovado de pessoas eleitas/nomeadas para cargos de órgãos estatutários ou contratuais de sociedades autorizadas a funcionar pelo Banco Central do Brasil.,DEORF,128413,Comunicado,38076,0,Instituição Sicoob Unimais Metropolitana - Cooperativa de Crédito de Livre Admissão (CNPJ 00.259.231  Instituição Cooperativa de Crédito Vale do Itajaí - Viacredi (CNPJ 82.639.451  ,0,2021-12-17T14:46:31Z,17/12/2021 11:46,745
Resolução CMN N° 4.971,16/12/2021 19:02,"Estabelece as condições para realização dos leilões e os mecanismos de controle e de aferição de resultados de que tratam a Lei nº 14.042, de 19 de agosto de 2020, e a Lei nº 14.043, de 19 de agosto de 2020.",SECRE,51630,Resolução CMN,4971,0,"com vistas à cessão onerosa dos créditos;II - o edital
conterá a descrição detalhada dos créditos objeto do leilão, que poderão ser  ",0,2021-12-16T22:02:00Z,16/12/2021 19:02,746
Instrução Normativa BCB N° 203,10/12/2021 14:23,Estabelece os procedimentos necessários para a adesão ao Pix.,DECEM,51622,Instrução Normativa BCB,203,1,"2º, as cooperativas singulares de crédito filiadas a uma cooperativa central de crédito cujo cadastro tenha sido realizado nos  ",0,2021-12-10T17:23:00Z,10/12/2021 14:23,747
Comunicado N° 38.034,10/12/2021 11:09,Divulga nome aprovado de pessoas eleitas/nomeadas para cargos de órgãos estatutários ou contratuais de sociedades autorizadas a funcionar pelo Banco Central do Brasil.,DEORF,128371,Comunicado,38034,0,Divulga nome aprovado de pessoas eleitas/nomeadas para cargos de órgãos  Instituição Sicoob Unimais Metropolitana - Cooperativa de Crédito de Livre Admissão (CNPJ 00.259.231  ,0,2021-12-10T14:09:34Z,10/12/2021 11:09,748
Resolução BCB N° 173,9/12/2021 18:03,Divulga novo Regulamento do Comitê de Estabilidade Financeira (Comef).,SECRE,51614,Resolução BCB,173,0,"Divulga novo Regulamento do Comitê de Estabilidade Financeira (Comef  9º; 10, inciso VI; e 11  IV -
Departamento de Supervisão de Cooperativas e de Instituições Não Bancárias
(Desuc  ",0,2021-12-09T21:03:00Z,9/12/2021 18:03,749
Resolução BCB N° 171,9/12/2021 18:01,Dispõe sobre a apuração das informações para avaliação da importância sistêmica global (IAISG) de instituições financeiras e sobre a remessa ao Banco Central do Brasil das referidas informações.,SECRE,51612,Resolução BCB,171,0,Dispõe sobre a apuração das informações para avaliação da importância sistêmica global (IAISG) de instituições financeiras e sobre a remessa ao Banco Central do Brasil das  ,0,2021-12-09T21:01:00Z,9/12/2021 18:01,750
Instrução Normativa BCB N° 195,9/12/2021 16:20,Estabelece procedimentos de remessa do Balancete Patrimonial Analítico e do Balanço Patrimonial Analítico pelas instituições financeiras e demais instituições autorizadas a funcionar pelo Banco Central do Brasil.,DESIG,51610,Instrução Normativa BCB,195,0,"VII - cooperativas de crédito  II -
pelo banco cooperativo, pela confederação de crédito ou pela cooperativa
central de crédito, para as suas cooperativas filiadas  ",0,2021-12-09T19:20:00Z,9/12/2021 16:20,751
Comunicado N° 38.027,9/12/2021 11:10,Divulga nome aprovado de pessoas eleitas/nomeadas para cargos de órgãos estatutários ou contratuais de sociedades autorizadas a funcionar pelo Banco Central do Brasil.,DEORF,128363,Comunicado,38027,0,Divulga nome aprovado de pessoas eleitas/nomeadas para cargos de órgãos estatutários ou  Instituição Cooperativa de Economia e Crédito Mútuo dos Funcionários da Astrazeneca do  ,0,2021-12-09T14:10:47Z,9/12/2021 11:10,752
Comunicado N° 38.011,7/12/2021 12:34,Divulga nome aprovado de pessoas eleitas/nomeadas para cargos de órgãos estatutários ou contratuais de sociedades autorizadas a funcionar pelo Banco Central do Brasil.,DEORF,128347,Comunicado,38011,0,Instituição Cooperativa de Economia e Crédito Mútuo dos Magistrados de São Paulo  Instituição Sicoob Credinova - Cooperativa de Crédito de Livre Admissão de Nova Serrana e  ,0,2021-12-07T15:34:10Z,7/12/2021 12:34,753
Comunicado N° 38.001,3/12/2021 15:00,Divulga nome aprovado de pessoas eleitas/nomeadas para cargos de órgãos estatutários ou contratuais de sociedades autorizadas a funcionar pelo Banco Central do Brasil.,DEORF,128337,Comunicado,38001,0,Instituição Cooperativa de Crédito Noroeste de Minas Ltda. - Sicoob Noroeste de Minas  Instituição Cooperativa de Crédito Credinosso Ltda. - Sicoob Credinosso (CNPJ 06.324.872  ,0,2021-12-03T18:00:22Z,3/12/2021 15:00,754
Comunicado N° 37.997,2/12/2021 14:50,Divulga nome aprovado de pessoas eleitas/nomeadas para cargos de órgãos estatutários ou contratuais de sociedades autorizadas a funcionar pelo Banco Central do Brasil.,DEORF,128333,Comunicado,37997,0,Divulga nome aprovado de pessoas eleitas/nomeadas para cargos de órgãos estatutários ou  Instituição Cooperativa de Crédito dos Integrantes do Poder Judiciário e do Ministério  ,0,2021-12-02T17:50:08Z,2/12/2021 14:50,755
Resolução BCB N° 168,1/12/2021 18:00,"Dispõe sobre os critérios contábeis aplicáveis às instituições de pagamento, às sociedades corretoras de títulos e valores mobiliários, às sociedades distribuidoras de títulos e valores mobiliários e às sociedades corretoras de câmbio autorizadas a funcionar pelo Banco Central do Brasil na elaboração dos documentos contábeis consolidados do conglomerado prudencial e sobre os procedimentos operacionais para a elaboração desses documentos pelas instituições financeiras e pelas instituições de pagamento.",SECRE,51606,Resolução BCB,168,0,"às administradoras de
consórcio; eII - às cooperativas de crédito.TÍTULO II DOS CRITÉRIOS CONTÁBEIS APLICÁVEIS  ",0,2021-12-01T21:00:00Z,1/12/2021 18:00,756
Comunicado N° 37.991,1/12/2021 15:45,Divulga nome aprovado de pessoas eleitas/nomeadas para cargos de órgãos estatutários ou contratuais de sociedades autorizadas a funcionar pelo Banco Central do Brasil.,DEORF,128327,Comunicado,37991,0,Divulga nome aprovado de pessoas eleitas/nomeadas para cargos de órgãos estatutários ou contratuais de  Instituição Cooperativa de Crédito Sicoob Sertão Ltda. (CNPJ 02.057.584  ,0,2021-12-01T18:45:49Z,1/12/2021 15:45,757
Comunicado N° 37.973,29/11/2021 15:32,Divulga nome aprovado de pessoas eleitas/nomeadas para cargos de órgãos estatutários ou contratuais de sociedades autorizadas a funcionar pelo Banco Central do Brasil.,DEORF,128309,Comunicado,37973,0,Divulga nome aprovado de pessoas eleitas/nomeadas para cargos de órgãos estatutários ou  Instituição Cooperativa de Economia e Crédito Mútuo dos Servidores Públicos no Estado do  ,0,2021-11-29T18:32:25Z,29/11/2021 15:32,758
Resolução CMN N° 4.970,25/11/2021 18:35,Disciplina os processos de autorização relacionados ao funcionamento das instituições que especifica.,SECRE,51600,Resolução CMN,4970,0,"IX - cooperativas de crédito  XV - sociedades de crédito imobiliário  1º, bem como desmembramento de cooperativa de crédito, condicionados ao
cumprimento dos requisitos  ",0,2021-11-25T21:35:00Z,25/11/2021 18:35,759
Resolução CMN N° 4.966,25/11/2021 18:32,"Dispõe sobre os conceitos e os critérios contábeis aplicáveis a instrumentos financeiros, bem como para a designação e o reconhecimento das relações de proteção (contabilidade de hedge) pelas instituições financeiras e demais instituições autorizadas a funcionar pelo Banco Central do Brasil.",SECRE,51596,Resolução CMN,4966,0,"perdas esperadas associadas ao risco de crédito dos
seguintes instrumentos financeiros  c) compromissos de crédito e créditos
a liberar que atendam a pelo menos uma das seguintes  ",0,2021-11-25T21:32:00Z,25/11/2021 18:32,760
Resolução CMN N° 4.965,25/11/2021 18:31,Define os recursos para os financiamentos ao amparo do Fundo de Defesa da Economia Cafeeira (Funcafé).,SECRE,51595,Resolução CMN,4965,0,"4º e 14 da Lei n  e)
Seção Crédito para Capital de Giro para Indústrias de Café Solúvel e de
Torrefação de Café e para Cooperativa de Produção até R$695.801.268,00 (seiscentos e  ",0,2021-11-25T21:31:00Z,25/11/2021 18:31,761
Comunicado N° 37.966,25/11/2021 17:33,Divulga nome aprovado de pessoas eleitas/nomeadas para cargos de órgãos estatutários ou contratuais de sociedades autorizadas a funcionar pelo Banco Central do Brasil.,DEORF,128302,Comunicado,37966,0,Instituição Cooperativa de Crédito CredCooperLtda  Instituição Cooperativa Economia Crédito Mútuo Servs e Empregados Públicos Munic  ,0,2021-11-25T20:33:41Z,25/11/2021 17:33,762
Comunicado N° 37.961,24/11/2021 14:24,Divulga nome aprovado de pessoas eleitas/nomeadas para cargos de órgãos estatutários ou contratuais de sociedades autorizadas a funcionar pelo Banco Central do Brasil.,DEORF,128297,Comunicado,37961,0,Divulga nome aprovado de pessoas eleitas/nomeadas para cargos de órgãos estatutários ou contratuais de sociedades autorizadas a  Instituição Cooperativa de Crédito CredCooperLtda  ,0,2021-11-24T17:24:26Z,24/11/2021 14:24,763
Comunicado N° 37.948,19/11/2021 14:51,Divulga nome aprovado de pessoas eleitas/nomeadas para cargos de órgãos estatutários ou contratuais de sociedades autorizadas a funcionar pelo Banco Central do Brasil.,DEORF,128284,Comunicado,37948,0,Divulga nome aprovado de pessoas eleitas/nomeadas para cargos de órgãos estatutários ou  Instituição Credisis Credibrás Cooperativa de Crédito e Investimento de Livre Admissão do  ,0,2021-11-19T17:51:58Z,19/11/2021 14:51,764
Comunicado N° 37.937,17/11/2021 17:41,Divulga nome de pessoas com intenção de ocupar cargos de administração em instituições autorizadas a funcionar pelo Banco Central do Brasil.,DEORF,128272,Comunicado,37937,0,Divulga nome de pessoas com intenção de ocupar cargos de administração em instituições  Instituição Cooperativa Central de Economia e Crédito Mútuo – Sicoob UniMais (CNPJ 73.085.573  ,0,2021-11-17T20:41:44Z,17/11/2021 17:41,765
Comunicado N° 37.935,17/11/2021 14:52,Divulga nome aprovado de pessoas eleitas/nomeadas para cargos de órgãos estatutários ou contratuais de sociedades autorizadas a funcionar pelo Banco Central do Brasil.,DEORF,128270,Comunicado,37935,0,Divulga nome aprovado de pessoas eleitas/nomeadas para cargos de órgãos estatutários ou  Instituição Cooperativa de Crédito de Livre Admissão de Associados - Sicoob Credicaru SC  ,0,2021-11-17T17:52:04Z,17/11/2021 14:52,766
Comunicado N° 37.929,16/11/2021 14:28,Divulga nome aprovado de pessoas eleitas/nomeadas para cargos de órgãos estatutários ou contratuais de sociedades autorizadas a funcionar pelo Banco Central do Brasil.,DEORF,128264,Comunicado,37929,0,Instituição Cooperativa de Crédito e Economia com Interação Solidária de Xavantina  Instituição Cooperativa Central de Economia e Crédito Mútuo das Unicreds do Estado do Rio  ,0,2021-11-16T17:28:12Z,16/11/2021 14:28,767
Comunicado N° 37.922,12/11/2021 14:16,Divulga nome aprovado de pessoas eleitas/nomeadas para cargos de órgãos estatutários ou contratuais de sociedades autorizadas a funcionar pelo Banco Central do Brasil.,DEORF,128257,Comunicado,37922,0,Divulga nome aprovado de pessoas eleitas/nomeadas para cargos de órgãos estatutários ou  Instituição Cooperativa de Crédito de Livre Admissão de Associados Vale do Rio do Peixe  ,0,2021-11-12T17:16:53Z,12/11/2021 14:16,768
Comunicado N° 37.913,10/11/2021 14:34,Divulga nome aprovado de pessoas eleitas/nomeadas para cargos de órgãos estatutários ou contratuais de sociedades autorizadas a funcionar pelo Banco Central do Brasil.,DEORF,128248,Comunicado,37913,0,Instituição Cooperativa de Crédito de Livre Admissão de Santa Cruz das Palmeiras e Região  Instituição Cooperativa de Crédito Mútuo dos Servidores Públicos Municipais de Jaboticabal  ,0,2021-11-10T17:34:05Z,10/11/2021 14:34,769
Comunicado N° 37.902,8/11/2021 14:38,Divulga nome aprovado de pessoas eleitas/nomeadas para cargos de órgãos estatutários ou contratuais de sociedades autorizadas a funcionar pelo Banco Central do Brasil.,DEORF,128237,Comunicado,37902,0,Instituição Cooperativa de Economia e Crédito Mútuo dos Médicos e Demais Profissionais da  Instituição Cooperativa de Crédito dos Magistrados do Estado do Rio de Janeiro Ltda  ,0,2021-11-08T17:38:38Z,8/11/2021 14:38,770
Comunicado N° 37.896,5/11/2021 15:39,Divulga nome aprovado de pessoas eleitas/nomeadas para cargos de órgãos estatutários ou contratuais de sociedades autorizadas a funcionar pelo Banco Central do Brasil.,DEORF,128231,Comunicado,37896,0,Instituição Cooperativa de Crédito Mútuo dos Funcionários Públicos do Poder Judiciário da  Instituição Cooperativa de Economia e Crédito Mútuo Unicred Erechim Ltda. (CNPJ 01.572.667  ,0,2021-11-05T18:39:47Z,5/11/2021 15:39,771
Comunicado N° 37.891,4/11/2021 14:50,Divulga nome aprovado de pessoas eleitas/nomeadas para cargos de órgãos estatutários ou contratuais de sociedades autorizadas a funcionar pelo Banco Central do Brasil.,DEORF,128226,Comunicado,37891,0,Divulga nome aprovado de pessoas eleitas/nomeadas para cargos de órgãos estatutários ou  Instituição Cooperativa de Crédito Rural do Agreste Alagoano - Cooperagre (CNPJ 08.482.873  ,0,2021-11-04T17:50:26Z,4/11/2021 14:50,772
Comunicado N° 37.885,3/11/2021 15:33,Divulga nome aprovado de pessoas eleitas/nomeadas para cargos de órgãos estatutários ou contratuais de sociedades autorizadas a funcionar pelo Banco Central do Brasil.,DEORF,128220,Comunicado,37885,0,Instituição Cooperativa de Crédito Coopharma (CNPJ 02.814.832  Instituição Planner Sociedade de Crédito ao Microempreendedor S.A. (CNPJ 05.684.234  ,0,2021-11-03T18:33:08Z,3/11/2021 15:33,773
Comunicado N° 37.866,28/10/2021 14:01,Divulga nome aprovado de pessoas eleitas/nomeadas para cargos de órgãos estatutários ou contratuais de sociedades autorizadas a funcionar pelo Banco Central do Brasil.,DEORF,128201,Comunicado,37866,0,Instituição Uniprime Pioneira Cooperativa de Crédito (CNPJ 01.286.361  Instituição Cooperativa de Economia e Crédito Mútuo dos Servidores do Poder Executivo  ,0,2021-10-28T17:01:01Z,28/10/2021 14:01,774
Comunicado N° 37.862,27/10/2021 18:33,Divulga nome de pessoas com intenção de ocupar cargos de administração em instituições autorizadas a funcionar pelo Banco Central do Brasil.,DEORF,128197,Comunicado,37862,0,Divulga nome de pessoas com intenção de ocupar cargos de administração em instituições autorizadas a  Instituição Cooperativa de Crédito Sicredi Serrana RS/ES (CNPJ 90.608.712  ,0,2021-10-27T21:33:50Z,27/10/2021 18:33,775
Comunicado N° 37.860,27/10/2021 14:21,Divulga nome aprovado de pessoas eleitas/nomeadas para cargos de órgãos estatutários ou contratuais de sociedades autorizadas a funcionar pelo Banco Central do Brasil.,DEORF,128195,Comunicado,37860,0,Instituição Cooperativa de Economia e Crédito Mútuo dos Magistrados de São Paulo  Instituição Cooperativa de Crédito do Centro do Estado de Rondônia - Sicoob Centro (CNPJ  ,0,2021-10-27T17:21:52Z,27/10/2021 14:21,776
Comunicado N° 37.848,25/10/2021 14:25,Divulga nome aprovado de pessoas eleitas/nomeadas para cargos de órgãos estatutários ou contratuais de sociedades autorizadas a funcionar pelo Banco Central do Brasil.,DEORF,128183,Comunicado,37848,0,Instituição Cooperativa de Crédito de Livre Admissão de Piracanjuba Ltda. (CNPJ 05.222.094  Instituição Cooperativa de Economia e Crédito Mútuo dos Empregados do Colégio Santo Inácio  ,0,2021-10-25T17:25:11Z,25/10/2021 14:25,777
Instrução Normativa BCB N° 180,25/10/2021 12:30,"Consolida os procedimentos para verificação dos critérios de elegibilidade das garantias vinculadas para a Linha Temporária Especial de Liquidez via emissão de Letra Financeira com garantia em ativos financeiros (LTEL-LFG), quanto aos eventos de competência do Departamento de Monitoramento do Sistema Financeiro (Desig), para a atualização dos ativos financeiros e para a solicitação de desconstituição de gravames sobre esses ativos financeiros, de que trata a Resolução BCB nº 144, de 24 de setembro de 2021.",DESIG,51573,Instrução Normativa BCB,180,0,"Portaria BCB nº 84.287/2015, Anexo  do
documento 3040 - Dados de Risco de Crédito, e tenham sido processadas e
incorporadas à base de dados do Sistema de Informações de Crédito (SCR  ",0,2021-10-25T15:30:00Z,25/10/2021 12:30,778
Instrução Normativa BCB N° 179,25/10/2021 11:36,"Consolida e atualiza os procedimentos para a remessa do Balancete Combinado do Sistema Cooperativo, de que trata a Circular nº 3.669, de 2 de outubro de 2013.   ",DESIG,51572,Instrução Normativa BCB,179,0,"1º  Os bancos cooperativos, as confederações de crédito e as cooperativas
centrais de crédito devem  4423 - Balancete Combinado do Sistema
Cooperativo confederações de crédito; e  ",0,2021-10-25T14:36:00Z,25/10/2021 11:36,779
Comunicado N° 37.842,22/10/2021 15:11,Divulga nome aprovado de pessoas eleitas/nomeadas para cargos de órgãos estatutários ou contratuais de sociedades autorizadas a funcionar pelo Banco Central do Brasil.,DEORF,128177,Comunicado,37842,0,Instituição Cooperativa de Crédito de Livre Admissão do Alto São Francisco Ltda. (CNPJ  Instituição Cooperativa de Economia e Crédito Mútuo dos Empregados da Jolimode Roupas e  ,0,2021-10-22T18:11:05Z,22/10/2021 15:11,780
Instrução Normativa BCB N° 177,21/10/2021 18:13,"Altera a Instrução Normativa BCB nº 129, de 22 de julho de 2021, que estabelece os procedimentos necessários para a adesão ao Pix.",DECEM,51570,Instrução Normativa BCB,177,1,"31, equiparam-se às
cooperativas singulares de crédito filiadas a uma cooperativa central de
crédito, as cooperativas singulares de crédito que atuem por meio de contas de  ",0,2021-10-21T21:13:00Z,21/10/2021 18:13,781
Resolução CMN N° 4.958,21/10/2021 18:03,"Dispõe sobre os requerimentos mínimos de Patrimônio de Referência (PR), de Nível I e de Capital Principal e sobre o Adicional de Capital Principal (ACP).",SECRE,51565,Resolução CMN,4958,0,"relativa às exposições ao risco de crédito sujeitas ao cálculo do requerimento
de capital  de classificação do risco de crédito
(abordagens IRB) autorizados pelo Banco Central do  ",0,2021-10-21T21:03:00Z,21/10/2021 18:03,782
Resolução CMN N° 4.955,21/10/2021 18:02,Dispõe sobre a metodologia para apuração do Patrimônio de Referência (PR).,SECRE,51562,Resolução CMN,4955,0,"Dispõe sobre a metodologia para apuração do Patrimônio de Referência (PR  decorrente de alterações no risco de crédito próprio da instituição, líquido
dos efeitos  ",0,2021-10-21T21:02:00Z,21/10/2021 18:02,783
Instrução Normativa BCB N° 176,21/10/2021 17:46,"Altera a Instrução Normativa BCB nº 128, de 22 de julho de 2021, que estabelece os procedimentos necessários para os testes formais de homologação no Diretório de Identificadores de Contas Transacionais (DICT), para a validação de QR Codes, para a validação da prestação de serviço de iniciação de transação de pagamento e para os testes de homologação para publicação de informações relativas ao serviço de saque, no âmbito do Pix.",DECEM,51560,Instrução Normativa BCB,176,1,"tenha como liquidante no SPI entidade do sistema cooperativo organizado
de dois ou três níveis;II
- à cooperativa singular de crédito que atue por meio de contas de  ",0,2021-10-21T20:46:00Z,21/10/2021 17:46,784
Comunicado N° 37.838,21/10/2021 14:15,Divulga nome aprovado de pessoas eleitas/nomeadas para cargos de órgãos estatutários ou contratuais de sociedades autorizadas a funcionar pelo Banco Central do Brasil.,DEORF,128173,Comunicado,37838,0,Divulga nome aprovado de pessoas eleitas/nomeadas para cargos de órgãos estatutários ou  Instituição Cooperativa de Crédito dos Empresários do Estado de Goiás Ltda. (CNPJ  ,0,2021-10-21T17:15:32Z,21/10/2021 14:15,785
Comunicado N° 37.832,20/10/2021 14:33,Divulga nome aprovado de pessoas eleitas/nomeadas para cargos de órgãos estatutários ou contratuais de sociedades autorizadas a funcionar pelo Banco Central do Brasil.,DEORF,128167,Comunicado,37832,0,Instituição Cooperativa de Crédito de Livre Admissão de Associados do Meio Oeste  Instituição Cooperativa de Crédito Clássica do Estado do Rio de Janeiro - Sicoob Empresas  ,0,2021-10-20T17:33:11Z,20/10/2021 14:33,786
Comunicado N° 37.824,19/10/2021 16:09,Divulga nome aprovado de pessoas eleitas/nomeadas para cargos de órgãos estatutários ou contratuais de sociedades autorizadas a funcionar pelo Banco Central do Brasil.,DEORF,128159,Comunicado,37824,0,Instituição Cooperativa de Economia e Crédito Mútuo dos Empregados da Fundação Arthur  Instituição Cooperativa de Crédito Sul do Espírito Santo - Sicoob Sul (CNPJ 32.467.086  ,0,2021-10-19T19:09:21Z,19/10/2021 16:09,787
Comunicado N° 37.809,15/10/2021 14:27,Divulga nome aprovado de pessoas eleitas/nomeadas para cargos de órgãos estatutários ou contratuais de sociedades autorizadas a funcionar pelo Banco Central do Brasil.,DEORF,128144,Comunicado,37809,0,"Instituição Central das Cooperativas de Crédito dos Estados de Mato Grosso, Mato Grosso do  Instituição Cooperativa de Economia e Crédito Mútuo dos Funcionários da Viação Nossa  ",0,2021-10-15T17:27:06Z,15/10/2021 14:27,788
Resolução BCB N° 155,14/10/2021 18:00,"Dispõe sobre princípios e procedimentos a serem adotados no relacionamento com clientes e usuários de produtos e de serviços pelas administradoras de consórcio, pelas instituições de pagamento, pelas sociedades corretoras de títulos e valores mobiliários, pelas sociedades distribuidoras de títulos e valores mobiliários e pelas sociedades corretoras de câmbio autorizadas a funcionar pelo Banco Central do Brasil.",SECRE,51556,Resolução BCB,155,0,"Dispõe sobre princípios e procedimentos a serem adotados no relacionamento com clientes e  organizacional que incentive relacionamento cooperativo e equilibrado com
clientes e  ",0,2021-10-14T21:00:00Z,14/10/2021 18:00,789
Comunicado N° 37.796,13/10/2021 14:18,Divulga nome aprovado de pessoas eleitas/nomeadas para cargos de órgãos estatutários ou contratuais de sociedades autorizadas a funcionar pelo Banco Central do Brasil.,DEORF,128131,Comunicado,37796,0,"Instituição Cooperativa de Economia e Crédito Mútuo dos Servidores Públicos Municipais de  Instituição Cooperativa de Economia e Crédito Mútuo dos Empregados da CNC, Sesc e Senac  ",0,2021-10-13T17:18:51Z,13/10/2021 14:18,790
Comunicado N° 37.786,8/10/2021 15:30,Divulga nome aprovado de pessoas eleitas/nomeadas para cargos de órgãos estatutários ou contratuais de sociedades autorizadas a funcionar pelo Banco Central do Brasil.,DEORF,128121,Comunicado,37786,0,Instituição Cooperativa de Crédito Sicoob Cred-Acif (CNPJ 04.013.172  Instituição Cooperativa de Crédito de Livre Admissão da Margem Esquerda do Urucuia e São  ,0,2021-10-08T18:30:30Z,8/10/2021 15:30,791
Instrução Normativa BCB N° 170,8/10/2021 14:27,"Divulga procedimentos operacionais relacionados ao Sistema de Transferência de Reservas (STR), à conta Reservas Bancárias e à Conta de Liquidação, de que trata o Regulamento anexo à Resolução BCB nº 105, de 9 de junho de 2021.",DEBAN,51551,Instrução Normativa BCB,170,1,"a) cooperativa de crédito em processo
de autorização para funcionamento que tenha previsto  dispõe sobre a constituição e a
autorização para funcionamento das cooperativas de crédito  ",0,2021-10-08T17:27:00Z,8/10/2021 14:27,792
Resolução BCB N° 151,6/10/2021 18:18,"Dispõe sobre a remessa de informações relativas a riscos sociais, ambientais e climáticos de que tratam a Resolução nº 4.557, de 23 de fevereiro de 2017, e a Resolução CMN nº 4.945, de 15 de setembro de 2021.",SECRE,51542,Resolução BCB,151,0,"III - pelos bancos cooperativos, pelas confederações de crédito,
pelas  de serviço constituídas por cooperativas centrais de
crédito ou pelas cooperativas centrais de crédito, em  ",0,2021-10-06T21:18:00Z,6/10/2021 18:18,793
Comunicado N° 37.773,6/10/2021 14:15,Divulga nome aprovado de pessoas eleitas/nomeadas para cargos de órgãos estatutários ou contratuais de sociedades autorizadas a funcionar pelo Banco Central do Brasil.,DEORF,128108,Comunicado,37773,0,Instituição Uniprime Pioneira Cooperativa de Crédito (CNPJ 01.286.361  Instituição Cooperativa de Crédito Mútuo dos Despachantes de Trânsito de Santa Catarina e  ,0,2021-10-06T17:15:09Z,6/10/2021 14:15,794
Comunicado N° 37.767,5/10/2021 16:11,Divulga nome aprovado de pessoas eleitas/nomeadas para cargos de órgãos estatutários ou contratuais de sociedades autorizadas a funcionar pelo Banco Central do Brasil.,DEORF,128102,Comunicado,37767,0,Instituição Uniprime Pioneira Cooperativa de Crédito (CNPJ 01.286.361  Instituição Cooperativa de Crédito Mútuo dos Despachantes de Trânsito de Santa Catarina e  ,0,2021-10-05T19:11:33Z,5/10/2021 16:11,795
Comunicado N° 37.760,4/10/2021 14:16,Divulga nome aprovado de pessoas eleitas/nomeadas para cargos de órgãos estatutários ou contratuais de sociedades autorizadas a funcionar pelo Banco Central do Brasil.,DEORF,128095,Comunicado,37760,0,Instituição Cooperativa de Crédito de Livre Admissão de Santa Cruz das Palmeiras e Região  Instituição Cooperativa de Crédito dos Proprietários da Indústria de Rochas Ornamentais  ,0,2021-10-04T17:16:05Z,4/10/2021 14:16,796
Resolução CMN N° 4.949,30/9/2021 18:02,Dispõe sobre princípios e procedimentos a serem adotados no relacionamento com clientes e usuários de produtos e de serviços.,SECRE,51530,Resolução CMN,4949,0,"Dispõe sobre princípios e procedimentos a serem adotados no relacionamento com clientes e  organizacional que incentive relacionamento cooperativo e equilibrado
com clientes e  ",0,2021-09-30T21:02:00Z,30/9/2021 18:02,797
Resolução CMN N° 4.950,30/9/2021 18:02,Dispõe sobre os critérios contábeis aplicáveis às instituições financeiras e demais instituições autorizadas a funcionar pelo Banco Central do Brasil na elaboração dos documentos contábeis consolidados do conglomerado prudencial.,SECRE,51531,Resolução CMN,4950,0,"Dispõe sobre os critérios contábeis aplicáveis às  R E S O L V  I - às cooperativas de crédito; e  que realizem aquisição de
operações de crédito, inclusive imobiliário, ou de direitos  ",0,2021-09-30T21:02:00Z,30/9/2021 18:02,798
Comunicado N° 37.742,30/9/2021 14:31,Divulga nome aprovado de pessoas eleitas/nomeadas para cargos de órgãos estatutários ou contratuais de sociedades autorizadas a funcionar pelo Banco Central do Brasil.,DEORF,128077,Comunicado,37742,0,Divulga nome aprovado de pessoas eleitas/nomeadas para cargos de órgãos estatutários ou  Instituição Cooperativa de Crédito de Livre Admissão de Itajubá Ltda. - Sicoob Sul de  ,0,2021-09-30T17:31:23Z,30/9/2021 14:31,799
Resolução BCB N° 146,28/9/2021 18:00,"Dispõe sobre os critérios gerais para elaboração e remessa de documentos contábeis ao Banco Central do Brasil pelas administradoras de consórcio, pelas instituições de pagamento, pelas sociedades corretoras de títulos e valores mobiliários, pelas sociedades distribuidoras de títulos e valores mobiliários e pelas sociedades corretoras de câmbio autorizadas a funcionar pelo Banco Central do Brasil e sobre os procedimentos específicos a serem observados pelas instituições financeiras e demais instituições autorizadas a funcionar pelo Banco Central do Brasil na elaboração e remessa de documentos contábeis ao Banco Central do Brasil.",SECRE,51520,Resolução BCB,146,0,"Dispõe sobre os critérios gerais para elaboração e remessa de documentos contábeis ao Banco Central do Brasil pelas administradoras de consórcio, pelas instituições de pagamento  ",0,2021-09-28T21:00:00Z,28/9/2021 18:00,800
Comunicado N° 37.725,28/9/2021 15:17,Divulga nome aprovado de pessoas eleitas/nomeadas para cargos de órgãos estatutários ou contratuais de sociedades autorizadas a funcionar pelo Banco Central do Brasil.,DEORF,128060,Comunicado,37725,0,Instituição Cooperativa de Economia e Crédito Mútuo Unicred Ponto Capital - Unicred Ponto  Instituição Cooperativa de Economia e Crédito Mútuo dos Integrantes do Ministério Público  ,0,2021-09-28T18:17:01Z,28/9/2021 15:17,801
Comunicado N° 37.719,27/9/2021 15:35,Divulga nome aprovado de pessoas eleitas/nomeadas para cargos de órgãos estatutários ou contratuais de sociedades autorizadas a funcionar pelo Banco Central do Brasil.,DEORF,128054,Comunicado,37719,0,Instituição Independência Cooperativa de Crédito e Investimento - Independência Cooperativa de Crédito (CNPJ 04.306.351  Instituição Cooperativa de Crédito Cogem (CNPJ 44.401.800  ,0,2021-09-27T18:35:27Z,27/9/2021 15:35,802
Comunicado N° 37.714,24/9/2021 15:57,Divulga nome aprovado de pessoas eleitas/nomeadas para cargos de órgãos estatutários ou contratuais de sociedades autorizadas a funcionar pelo Banco Central do Brasil.,DEORF,128049,Comunicado,37714,0,Instituição Independência Cooperativa de Crédito e Investimento - Independência Cooperativa de Crédito (CNPJ 04.306.351  Instituição Cooperativa de Crédito Cogem (CNPJ 44.401.800  ,0,2021-09-24T18:57:48Z,24/9/2021 15:57,803
Resolução BCB N° 144,24/9/2021 08:30,Consolida e modifica a disciplina das operações de empréstimo por meio de Linha Temporária Especial de Liquidez para aquisição de Letra Financeira com garantia em ativos financeiros (LTEL-LFG).,SECRE,51517,Resolução BCB,144,0,"Consolida e modifica a disciplina das  no âmbito do Sistema Nacional de Crédito Cooperativo integram o
rol de operações com característica de concessão de crédito de que trata o art  ",0,2021-09-24T11:30:00Z,24/9/2021 08:30,804
Comunicado N° 37.706,23/9/2021 14:18,Divulga nome aprovado de pessoas eleitas/nomeadas para cargos de órgãos estatutários ou contratuais de sociedades autorizadas a funcionar pelo Banco Central do Brasil.,DEORF,128041,Comunicado,37706,0,Instituição Cooperativa de Crédito de Livre Admissão da Região de Divinópolis Ltda  Instituição Cooperativa de Crédito com Interação Solidária Horizonte - Cresol Horizonte  ,0,2021-09-23T17:18:54Z,23/9/2021 14:18,805
Comunicado N° 37.699,22/9/2021 14:29,Divulga nome aprovado de pessoas eleitas/nomeadas para cargos de órgãos estatutários ou contratuais de sociedades autorizadas a funcionar pelo Banco Central do Brasil.,DEORF,128033,Comunicado,37699,0,Instituição Cooperativa de Crédito e Serviços Financeiros de Curitiba e Região  Instituição Cooperativa de Economia e Crédito Mútuo dos Empregados da Cia de Eletricidade  ,0,2021-09-22T17:29:25Z,22/9/2021 14:29,806
Comunicado N° 37.693,21/9/2021 17:03,Divulga nome aprovado de pessoas eleitas/nomeadas para cargos de órgãos estatutários ou contratuais de sociedades autorizadas a funcionar pelo Banco Central do Brasil.,DEORF,128027,Comunicado,37693,0,Instituição Cooperativa de Crédito e Serviços Financeiros de Curitiba e Região  Instituição Microinvest S.A. Sociedade de Crédito a Microempreendedor (CNPJ 05.076.239  ,0,2021-09-21T20:03:11Z,21/9/2021 17:03,807
Comunicado N° 37.692,21/9/2021 15:40,Divulga nome aprovado de pessoas eleitas/nomeadas para cargos de órgãos estatutários ou contratuais de sociedades autorizadas a funcionar pelo Banco Central do Brasil.,DEORF,128026,Comunicado,37692,0,Instituição Cooperativa de Crédito e Serviços Financeiros de Curitiba e Região  Instituição Microinvest S.A. Sociedade de Crédito a Microempreendedor (CNPJ 05.076.239  ,0,2021-09-21T18:40:37Z,21/9/2021 15:40,808
Comunicado N° 37.688,20/9/2021 14:32,Divulga nome aprovado de pessoas eleitas/nomeadas para cargos de órgãos estatutários ou contratuais de sociedades autorizadas a funcionar pelo Banco Central do Brasil.,DEORF,128022,Comunicado,37688,0,Instituição Cooperativa de Crédito do Centro-Sul Mineiro Ltda. - Sicoob Centro-Sul Mineiro  Instituição Central das Cooperativas de Crédito do Estado de São Paulo - Sicoob Central  ,0,2021-09-20T17:32:37Z,20/9/2021 14:32,809
Comunicado N° 37.681,17/9/2021 14:32,Divulga nome aprovado de pessoas eleitas/nomeadas para cargos de órgãos estatutários ou contratuais de sociedades autorizadas a funcionar pelo Banco Central do Brasil.,DEORF,128015,Comunicado,37681,0,"Instituição Cooperativa de Crédito do Centro-Sul Mineiro Ltda. - Sicoob Centro-Sul Mineiro  Instituição Cooperativa de Crédito dos Médicos, Servidores Públicos e Empresários do  ",0,2021-09-17T17:32:07Z,17/9/2021 14:32,810
Comunicado N° 37.677,16/9/2021 14:55,Divulga nome aprovado de pessoas eleitas/nomeadas para cargos de órgãos estatutários ou contratuais de sociedades autorizadas a funcionar pelo Banco Central do Brasil.,DEORF,128011,Comunicado,37677,0,Instituição Cooperativa de Crédito de Livre Admissão e dos Transportadores Rodoviários de  Instituição Cooperativa de Crédito de Livre Admissão de Associados Vale do Rio do Peixe  ,0,2021-09-16T17:55:02Z,16/9/2021 14:55,811
Comunicado N° 37.671,15/9/2021 15:48,Divulga nome aprovado de pessoas eleitas/nomeadas para cargos de órgãos estatutários ou contratuais de sociedades autorizadas a funcionar pelo Banco Central do Brasil.,DEORF,128005,Comunicado,37671,0,Instituição Cooperativa de Economia e Crédito Mútuo dos Trabalhadores da Cia  de Processamento de Dados do Estado  Instituição Stone Sociedade de Crédito Direto S.A. (CNPJ 34.590.184  ,0,2021-09-15T18:48:14Z,15/9/2021 15:48,812
Resolução CMN N° 4.945,15/9/2021 09:31,"Dispõe sobre a Política de Responsabilidade Social, Ambiental e Climática (PRSAC) e sobre as ações com vistas à sua efetividade.",SECRE,51509,Resolução CMN,4945,0,"Dispõe sobre a Política de Responsabilidade Social, Ambiental e Climática (PRSAC) e sobre as ações com vistas à sua efetividade  Publicada no DOU de 16/9/2021, Seção 1, p. 41/42  ",0,2021-09-15T12:31:00Z,15/9/2021 09:31,813
Resolução BCB N° 139,15/9/2021 09:31,"Dispõe sobre a divulgação do Relatório de Riscos e Oportunidades Sociais, Ambientais e Climáticas (Relatório GRSAC).",SECRE,51510,Resolução BCB,139,0,"2º, caput e § 1º; 3º, caput; 4º  de centrais ou pelo banco cooperativo, ou, na inexistência desses, por cooperativa central integrante do respectivo sistema cooperativo de crédito  ",0,2021-09-15T12:31:00Z,15/9/2021 09:31,814
Comunicado N° 37.656,13/9/2021 15:01,Divulga nome aprovado de pessoas eleitas/nomeadas para cargos de órgãos estatutários ou contratuais de sociedades autorizadas a funcionar pelo Banco Central do Brasil.,DEORF,127990,Comunicado,37656,0,Instituição Cooperativa Central de Crédito com Interação Solidária - Central Cresol Baser  Instituição Cooperativa de Economia e Crédito Mútuo dos Servidores Públicos no Estado do  ,0,2021-09-13T18:01:22Z,13/9/2021 15:01,815
Comunicado N° 37.650,10/9/2021 15:58,Divulga nome aprovado de pessoas eleitas/nomeadas para cargos de órgãos estatutários ou contratuais de sociedades autorizadas a funcionar pelo Banco Central do Brasil.,DEORF,127984,Comunicado,37650,0,Divulga nome aprovado de pessoas eleitas/nomeadas para cargos de órgãos estatutários ou  Instituição Cooperativa de Crédito Nossocrédito Ltda. - Sicoob Nossocrédito (CNPJ  ,0,2021-09-10T18:58:57Z,10/9/2021 15:58,816
Comunicado N° 37.640,8/9/2021 14:59,Divulga nome aprovado de pessoas eleitas/nomeadas para cargos de órgãos estatutários ou contratuais de sociedades autorizadas a funcionar pelo Banco Central do Brasil.,DEORF,127974,Comunicado,37640,0,Instituição Cooperativa de Crédito Credipimenta Ltda. - Sicoob Credipimenta (CNPJ  Instituição Cooperativa de Crédito dos Servidores Públicos Municipais da Grande Vitória/ES  ,0,2021-09-08T17:59:00Z,8/9/2021 14:59,817
Comunicado N° 37.635,6/9/2021 15:58,Divulga nome aprovado de pessoas eleitas/nomeadas para cargos de órgãos estatutários ou contratuais de sociedades autorizadas a funcionar pelo Banco Central do Brasil.,DEORF,127969,Comunicado,37635,0,Instituição Cooperativa de Crédito Rural com Interação Solidária de Guarani das Missões  Instituição Cooperativa de Crédito Rural e Economia com Interação Solidária de Jaguaruna  ,0,2021-09-06T18:58:18Z,6/9/2021 15:58,818
Comunicado N° 37.627,3/9/2021 16:03,Divulga nome aprovado de pessoas eleitas/nomeadas para cargos de órgãos estatutários ou contratuais de sociedades autorizadas a funcionar pelo Banco Central do Brasil.,DEORF,127961,Comunicado,37627,0,Divulga nome aprovado de pessoas eleitas/nomeadas para cargos de órgãos estatutários ou  Instituição Cooperativa de Crédito Rural com Interação Solidária de Sarandi - Cresol  ,0,2021-09-03T19:03:03Z,3/9/2021 16:03,819
Comunicado N° 37.622,2/9/2021 17:21,Divulga nome aprovado de pessoas eleitas/nomeadas para cargos de órgãos estatutários ou contratuais de sociedades autorizadas a funcionar pelo Banco Central do Brasil.,DEORF,127956,Comunicado,37622,0,Instituição Cooperativa de Crédito de Livre Admissão de Ceres e Rialma Ltda. (CNPJ  Instituição Cooperativa de Crédito Clássica dos Empregados da Vale S.A.e Entidades  ,0,2021-09-02T20:21:52Z,2/9/2021 17:21,820
Comunicado N° 37.614,1/9/2021 14:46,Divulga nome aprovado de pessoas eleitas/nomeadas para cargos de órgãos estatutários ou contratuais de sociedades autorizadas a funcionar pelo Banco Central do Brasil.,DEORF,127948,Comunicado,37614,0,Divulgamos o nome aprovado de pessoas  Instituição Medcred Cooperativa de Crédito (CNPJ 03.575.699  Instituição Cooperativa de Economia e Crédito Mútuo Unicred Região da Campanha Ltda  ,0,2021-09-01T17:46:14Z,1/9/2021 14:46,821
Comunicado N° 37.593,30/8/2021 14:50,Divulga nome aprovado de pessoas eleitas/nomeadas para cargos de órgãos estatutários ou contratuais de sociedades autorizadas a funcionar pelo Banco Central do Brasil.,DEORF,127927,Comunicado,37593,0,Instituição Cooperativa de Crédito de Livre Admissão de Pitangui e Região Ltda. - Sicoob  Instituição Cooperativa de Crédito Rural com Interação Solidária Alternativa - Cresol  ,0,2021-08-30T17:50:32Z,30/8/2021 14:50,822
Resolução CMN N° 4.939,26/8/2021 18:07,"Ajusta normas da Seção 2 (Beneficiários) do Capítulo 1 (Disposições Preliminares), da Tabela 2 da Seção 6 (Programa Nacional de Fortalecimento da Agricultura Familiar - Pronaf) do Capítulo 7 (Encargos Financeiros e Limites de Crédito), e da Seção 7 (Programa para Redução da Emissão de Gases de Efeito Estufa na Agricultura - Programa ABC) do Capítulo 11 (Programas com Recursos do BNDES), do Manual de Crédito Rural (MCR).",SECRE,51490,Resolução CMN,4939,0,"Publicada no DOU de 30/8/2021, Seção 1  2 ou 3
  desta linha não poderá contratar o crédito previsto no item 4.  3 - Crédito de Investimento
  beneficiários enquadrados no Grupo &quot;A  ",0,2021-08-26T21:07:00Z,26/8/2021 18:07,823
Comunicado N° 37.577,26/8/2021 15:57,Divulga nome aprovado de pessoas eleitas/nomeadas para cargos de órgãos estatutários ou contratuais de sociedades autorizadas a funcionar pelo Banco Central do Brasil.,DEORF,127911,Comunicado,37577,0,"Instituição Cooperativa de Crédito, Poupança e Investimento Vale do Cerrado - Sicredi Vale  Instituição Cooperativa de Crédito Clássica do Estado do Rio de Janeiro - Sicoob Empresas  ",0,2021-08-26T18:57:01Z,26/8/2021 15:57,824
Comunicado N° 37.571,25/8/2021 17:13,Divulga nome aprovado de pessoas eleitas/nomeadas para cargos de órgãos estatutários ou contratuais de sociedades autorizadas a funcionar pelo Banco Central do Brasil.,DEORF,127905,Comunicado,37571,0,Divulga nome aprovado de pessoas eleitas/nomeadas para cargos de órgãos estatutários ou  Instituição Cooperativa de Economia e Crédito Mútuo dos Empregados do Colégio Santo Inácio  ,0,2021-08-25T20:13:55Z,25/8/2021 17:13,825
Comunicado N° 37.564,24/8/2021 16:51,Divulga nome aprovado de pessoas eleitas/nomeadas para cargos de órgãos estatutários ou contratuais de sociedades autorizadas a funcionar pelo Banco Central do Brasil.,DEORF,127898,Comunicado,37564,0,Instituição Cooperativa de Crédito de Livre Admissão - Sicoob Crediacil (CNPJ 08.795.285  Instituição Cooperativa de Crédito Mútuo dos Advogados de Santa Catarina (CNPJ 05.861.932  ,0,2021-08-24T19:51:34Z,24/8/2021 16:51,826
Comunicado N° 37.556,23/8/2021 16:15,Divulga nome aprovado de pessoas eleitas/nomeadas para cargos de órgãos estatutários ou contratuais de sociedades autorizadas a funcionar pelo Banco Central do Brasil.,DEORF,127890,Comunicado,37556,0,"Instituição Cooperativa de Crédito de Livre Admissão do Cerrado Matogrossense - Sicoob  Instituição Cooperativa de Crédito Mútuo dos Empregados das Indústrias do Papel, Papelão e  ",0,2021-08-23T19:15:56Z,23/8/2021 16:15,827
Comunicado N° 37.550,20/8/2021 15:41,Divulga nome aprovado de pessoas eleitas/nomeadas para cargos de órgãos estatutários ou contratuais de sociedades autorizadas a funcionar pelo Banco Central do Brasil.,DEORF,127884,Comunicado,37550,0,Divulga nome aprovado de pessoas eleitas/nomeadas para cargos de órgãos estatutários ou  Instituição Cooperativa de Crédito Rural e Economia com Interação Solidária de Oliveira  ,0,2021-08-20T18:41:44Z,20/8/2021 15:41,828
Resolução BCB N° 131,20/8/2021 08:01,"Consolida as normas sobre o rito do processo administrativo sancionador, a aplicação de penalidades, o termo de compromisso, as medidas acautelatórias, a multa cominatória e o acordo administrativo em processo de supervisão, previstos na Lei nº 13.506, de 13 de novembro de 2017, e os parâmetros para a aplicação das penalidades administrativas previstas na Lei nº 9.613, de 3 de março de 1998.",SECRE,51486,Resolução BCB,131,0,"Consolida as normas sobre o rito do processo administrativo sancionador, a aplicação de penalidades, o termo de compromisso, as medidas acautelatórias, a multa cominatória e o  ",0,2021-08-20T11:01:00Z,20/8/2021 08:01,829
Comunicado N° 37.545,19/8/2021 14:16,Divulga nome aprovado de pessoas eleitas/nomeadas para cargos de órgãos estatutários ou contratuais de sociedades autorizadas a funcionar pelo Banco Central do Brasil.,DEORF,127879,Comunicado,37545,0,Instituição Cooperativa de Crédito Unicred União Ltda. - Unicred União (CNPJ 74.114.042  Instituição Cooperativa de Crédito dos Integrantes do Ministério Público e do Poder  ,0,2021-08-19T17:16:46Z,19/8/2021 14:16,830
Instrução Normativa BCB N° 143,19/8/2021 11:16,"Divulga os  procedimentos operacionais relacionados às Linhas Financeiras de Liquidez (LFL), de que trata o Regulamento Anexo à Resolução BCB nº 110, de 1º de julho de 2021.",DEBAN,51483,Instrução Normativa BCB,143,1,"Divulga os  procedimentos operacionais relacionados às Linhas Financeiras de Liquidez (LFL), de  c) no caso de cooperativas de crédito,
a indicação de sua categoria, na forma do art  ",0,2021-08-19T14:16:00Z,19/8/2021 11:16,831
Comunicado N° 37.539,18/8/2021 17:37,Divulga nome aprovado de pessoas eleitas/nomeadas para cargos de órgãos estatutários ou contratuais de sociedades autorizadas a funcionar pelo Banco Central do Brasil.,DEORF,127873,Comunicado,37539,0,Instituição Cooperativa de Economia e Crédito Mútuo dos Empregados da Aço Minas Gerais  Instituição Credisis Crediari - Cooperativa de Crédito Ltda. (CNPJ 03.222.753  ,0,2021-08-18T20:37:19Z,18/8/2021 17:37,832
Comunicado N° 37.538,18/8/2021 16:59,Divulga nome aprovado de pessoas eleitas/nomeadas para cargos de órgãos estatutários ou contratuais de sociedades autorizadas a funcionar pelo Banco Central do Brasil.,DEORF,127872,Comunicado,37538,0,Instituição Cooperativa de Economia e Crédito Mútuo dos Empregados da Aço Minas Gerais  Instituição Credisis Crediari - Cooperativa de Crédito Ltda. (CNPJ 03.222.753  ,0,2021-08-18T19:59:28Z,18/8/2021 16:59,833
Resolução CMN N° 4.938,17/8/2021 18:00,Define os recursos para os financiamentos ao amparo do Fundo de Defesa da Economia Cafeeira (Funcafé).,SECRE,51482,Resolução CMN,4938,0,"4º e 14 da Lei n  e)
Seção Crédito para Capital de Giro para Indústrias de Café Solúvel e de
Torrefação de Café e para Cooperativa de Produção até
R$504.400.000,00 (quinhentos e  ",0,2021-08-17T21:00:00Z,17/8/2021 18:00,834
Comunicado N° 37.533,17/8/2021 14:51,Divulga nome aprovado de pessoas eleitas/nomeadas para cargos de órgãos estatutários ou contratuais de sociedades autorizadas a funcionar pelo Banco Central do Brasil.,DEORF,127867,Comunicado,37533,0,"Instituição Cooperativa de Crédito de Livre Admissão de Pitangui e Região Ltda. - Sicoob  Instituição Cooperativa de Crédito, Poupança e Investimento do Rio de Janeiro - Sicredi  ",0,2021-08-17T17:51:09Z,17/8/2021 14:51,835
Comunicado N° 37.528,16/8/2021 17:54,Divulga nome aprovado de pessoas eleitas/nomeadas para cargos de órgãos estatutários ou contratuais de sociedades autorizadas a funcionar pelo Banco Central do Brasil.,DEORF,127862,Comunicado,37528,0,"Instituição Cooperativa de Crédito de Livre Admissão de Associados do Meio Oeste  Instituição Cooperativa de Economia e Crédito Mútuo dos Servidores do Poder Judiciário, do  ",0,2021-08-16T20:54:21Z,16/8/2021 17:54,836
Comunicado N° 37.522,13/8/2021 14:49,Divulga nome aprovado de pessoas eleitas/nomeadas para cargos de órgãos estatutários ou contratuais de sociedades autorizadas a funcionar pelo Banco Central do Brasil.,DEORF,127856,Comunicado,37522,0,Instituição Cooperativa de Crédito de Livre Admissão Centro Oeste Ltda. (CNPJ 07.502.031  Instituição Cooperativa de Crédito de Livre Admissão de Associados Itapiranga - Sicoob  ,0,2021-08-13T17:49:52Z,13/8/2021 14:49,837
Comunicado N° 37.517,12/8/2021 14:38,Divulga nome aprovado de pessoas eleitas/nomeadas para cargos de órgãos estatutários ou contratuais de sociedades autorizadas a funcionar pelo Banco Central do Brasil.,DEORF,127851,Comunicado,37517,0,Instituição Cooperativa de Crédito Coopacredi Ltda. - Sicoob Coopacredi (CNPJ 65.229.254  Instituição Cooperativa de Crédito Rural de Primavera do Leste (CNPJ 26.563.270  ,0,2021-08-12T17:38:56Z,12/8/2021 14:38,838
Resolução BCB N° 127,11/8/2021 18:00,Dispõe sobre a apuração da base de cálculo e o recolhimento da contribuição ordinária das instituições associadas ao Fundo Garantidor do Cooperativismo de Crédito (FGCoop).,SECRE,51476,Resolução BCB,127,0,"R E S O L V E  3º  As cooperativas singulares não filiadas a cooperativas centrais,
os bancos cooperativos e as confederações ou cooperativas centrais, em relação
às suas filiadas  ",0,2021-08-11T21:00:00Z,11/8/2021 18:00,839
Comunicado N° 37.514,11/8/2021 17:07,Divulga nome aprovado de pessoas eleitas/nomeadas para cargos de órgãos estatutários ou contratuais de sociedades autorizadas a funcionar pelo Banco Central do Brasil.,DEORF,127848,Comunicado,37514,0,"Instituição Cooperativa de Crédito, Poupança e Investimento Sul Minas do Rio Grande do Sul  Instituição Cooperativa de Crédito dos Proprietários da Indústria de Rochas Ornamentais  ",0,2021-08-11T20:07:41Z,11/8/2021 17:07,840
Comunicado N° 37.507,10/8/2021 15:04,Divulga nome aprovado de pessoas eleitas/nomeadas para cargos de órgãos estatutários ou contratuais de sociedades autorizadas a funcionar pelo Banco Central do Brasil.,DEORF,127841,Comunicado,37507,0,Instituição Cooperativa de Crédito de Livre Admissão de São Roque de Minas Ltda. - Sicoob  Instituição Cooperativa de Crédito Rural e Economia com Interação Solidária de Jaguaruna  ,0,2021-08-10T18:04:56Z,10/8/2021 15:04,841
Comunicado N° 37.503,9/8/2021 17:25,Divulga nome de pessoas com intenção de ocupar cargos de administração em instituições autorizadas a funcionar pelo Banco Central do Brasil.,DEORF,127837,Comunicado,37503,0,"Divulga nome de pessoas com intenção de ocupar cargos de administração em instituições  Instituição COOPERATIVA DE CRÉDITO, POUPANÇA E INVESTIMENTO VALE DO CERRADO – SICREDI VALE  ",0,2021-08-09T20:25:52Z,9/8/2021 17:25,842
Comunicado N° 37.502,9/8/2021 14:17,Divulga nome aprovado de pessoas eleitas/nomeadas para cargos de órgãos estatutários ou contratuais de sociedades autorizadas a funcionar pelo Banco Central do Brasil.,DEORF,127836,Comunicado,37502,0,Instituição Cooperativa de Economia e Crédito Mútuo dos Empregados da Mondelez Brasil  Instituição Cooperativa de Economia e Crédito Mútuo dos Servidores do Poder Legislativo  ,0,2021-08-09T17:17:26Z,9/8/2021 14:17,843
Comunicado N° 37.496,6/8/2021 14:38,Divulga nome aprovado de pessoas eleitas/nomeadas para cargos de órgãos estatutários ou contratuais de sociedades autorizadas a funcionar pelo Banco Central do Brasil.,DEORF,127830,Comunicado,37496,0,Instituição Cooperativa de Economia e Crédito Mútuo dos Trabalhadores da Cooper Standard  Instituição Cooperativa de Crédito dos Profissionais de Saúde do Triângulo Mineiro e Sul  ,0,2021-08-06T17:38:46Z,6/8/2021 14:38,844
Resolução BCB N° 123,5/8/2021 18:00,"Altera a Resolução BCB nº 51, de 16 de dezembro de 2020, que estabelece procedimentos para autorização e cancelamento de autorização de débitos em conta.",SECRE,51472,Resolução BCB,123,0,forem integrantes do mesmo conglomerado prudencial ou sistema cooperativo de crédito  e tributos decorrentes de operações de crédito ou de serviços contratados pelo titular  ,0,2021-08-05T21:00:00Z,5/8/2021 18:00,845
Comunicado N° 37.492,5/8/2021 14:10,Divulga nome aprovado de pessoas eleitas/nomeadas para cargos de órgãos estatutários ou contratuais de sociedades autorizadas a funcionar pelo Banco Central do Brasil.,DEORF,127826,Comunicado,37492,0,"Instituição Cooperativa de Crédito Sicoob Engecred Ltda. (CNPJ 04.388.688  Instituição Cooperativa de Crédito dos Médicos, Profissionais da Saúde e Empresários de  ",0,2021-08-05T17:10:33Z,5/8/2021 14:10,846
Comunicado N° 37.487,4/8/2021 17:18,Divulga nome aprovado de pessoas eleitas/nomeadas para cargos de órgãos estatutários ou contratuais de sociedades autorizadas a funcionar pelo Banco Central do Brasil.,DEORF,127821,Comunicado,37487,0,Instituição Cooperativa de Crédito de Rio Rufino - Sicoob Crediunião (CNPJ 02.448.839  Instituição Cooperativa de Crédito Mútuo dos Policiais Federais e Servidores da União no  ,0,2021-08-04T20:18:27Z,4/8/2021 17:18,847
Comunicado N° 37.483,3/8/2021 14:29,Divulga nome aprovado de pessoas eleitas/nomeadas para cargos de órgãos estatutários ou contratuais de sociedades autorizadas a funcionar pelo Banco Central do Brasil.,DEORF,127817,Comunicado,37483,0,Divulga nome aprovado de pessoas eleitas/nomeadas para cargos de órgãos estatutários ou  Instituição Cooperativa de Crédito do Rio Grande do Norte - Sicoob Rio Grande do Norte  ,0,2021-08-03T17:29:47Z,3/8/2021 14:29,848
Comunicado N° 37.478,2/8/2021 14:20,Divulga nome aprovado de pessoas eleitas/nomeadas para cargos de órgãos estatutários ou contratuais de sociedades autorizadas a funcionar pelo Banco Central do Brasil.,DEORF,127812,Comunicado,37478,0,"Instituição Cooperativa de Crédito, Poupança e Investimento Bandeirantes - Sicredi  Instituição Bonuspago Sociedade de Crédito Direto S.A. (CNPJ 36.586.946  ",0,2021-08-02T17:20:03Z,2/8/2021 14:20,849
Comunicado N° 37.472,30/7/2021 15:45,Divulga nome aprovado de pessoas eleitas/nomeadas para cargos de órgãos estatutários ou contratuais de sociedades autorizadas a funcionar pelo Banco Central do Brasil.,DEORF,127806,Comunicado,37472,0,Instituição Cooperativa de Economia e Crédito Mútuo dos Empregados da Magnesita  Instituição Central Cooperativa de Crédito no Estado do Espírito Santo - Cecoop (CNPJ  ,0,2021-07-30T18:45:13Z,30/7/2021 15:45,850
Resolução CMN N° 4.937,29/7/2021 18:07,Dispõe sobre operações de crédito contratadas no âmbito do Programa de Estímulo ao Crédito pelas instituições que especifica.,SECRE,51466,Resolução CMN,4937,0,"Banco Central do Brasil, exceto cooperativas de crédito e administradoras de
consórcio  2º  As operações de crédito no
âmbito do PEC devem ter prazo mínimo de vinte e quatro  ",0,2021-07-29T21:07:00Z,29/7/2021 18:07,851
Resolução CMN N° 4.936,29/7/2021 18:06,"Altera a Resolução nº 4.790, de 26 de março de 2020, que dispõe sobre procedimentos para autorização e cancelamento de autorização de débitos em conta de depósitos e em conta-salário.",SECRE,51465,Resolução CMN,4936,0,"forem integrantes do mesmo conglomerado prudencial
ou sistema cooperativo de crédito  e tributos decorrentes de operações de crédito ou de serviços
contratados pelo titular  ",0,2021-07-29T21:06:00Z,29/7/2021 18:06,852
Resolução CMN N° 4.935,29/7/2021 18:05,Dispõe sobre a contratação de correspondentes no País pelas instituições financeiras e pelas demais instituições autorizadas a funcionar pelo Banco Central do Brasil.,SECRE,51464,Resolução CMN,4935,0,Dispõe sobre a contratação de correspondentes no País pelas instituições financeiras e pelas demais instituições autorizadas a funcionar pelo Banco Central do Brasil  R E S O L V E  ,0,2021-07-29T21:05:00Z,29/7/2021 18:05,853
Resolução CMN N° 4.933,29/7/2021 18:04,Aprova o Estatuto e o Regulamento do Fundo Garantidor do Cooperativismo de Crédito (FGCoop) e estabelece a forma de contribuição.,SECRE,51461,Resolução CMN,4933,0,"7º  A afiliação ao FGCoop pelas cooperativas
singulares de crédito e pelos bancos cooperativos deve ser comprovada ao Banco
Central do  ",0,2021-07-29T21:04:00Z,29/7/2021 18:04,854
Comunicado N° 37.465,29/7/2021 17:50,Comunica a prorrogação do mandato das associações e dos grupos de associações eleitos para indicar representantes para o Conselho Deliberativo da estrutura inicial responsável pela governança do Open Banking.,DENOR,127799,Comunicado,37465,0,c) subgrupo 1.3 Organização das Cooperativas Brasileiras (OCB); e  a) subgrupo 2.1 Associação Brasileira das Empresas de Cartões de Crédito e Serviços (Abecs  ,0,2021-07-29T20:50:03Z,29/7/2021 17:50,855
Comunicado N° 37.463,29/7/2021 14:06,Divulga nome aprovado de pessoas eleitas/nomeadas para cargos de órgãos estatutários ou contratuais de sociedades autorizadas a funcionar pelo Banco Central do Brasil.,DEORF,127797,Comunicado,37463,0,Instituição Cooperativa de Crédito Mútuo dos Servidores do Ministério da Educação em São  Instituição Cooperativa de Crédito Rural e Economia com Interação Solidária de Jaguaruna  ,0,2021-07-29T17:06:23Z,29/7/2021 14:06,856
Comunicado N° 37.459,28/7/2021 15:15,Divulga nome aprovado de pessoas eleitas/nomeadas para cargos de órgãos estatutários ou contratuais de sociedades autorizadas a funcionar pelo Banco Central do Brasil.,DEORF,127793,Comunicado,37459,0,"Instituição Cooperativa de Economia e Crédito Mútuo dos Empresários de Americana, Limeira  Instituição Cooperativa de Economia e Crédito Mútuo dos Servidores do Poder Executivo  ",0,2021-07-28T18:15:09Z,28/7/2021 15:15,857
Comunicado N° 37.453,27/7/2021 14:15,Divulga nome aprovado de pessoas eleitas/nomeadas para cargos de órgãos estatutários ou contratuais de sociedades autorizadas a funcionar pelo Banco Central do Brasil.,DEORF,127787,Comunicado,37453,0,"Instituição Cooperativa de Economia e Crédito Mútuo dos Empregados do Grupo Casino, Grupo  Instituição Cooperativa de Crédito Sicoob Aliança (CNPJ 06.174.009  ",0,2021-07-27T17:15:35Z,27/7/2021 14:15,858
Comunicado N° 37.448,26/7/2021 14:36,Divulga nome aprovado de pessoas eleitas/nomeadas para cargos de órgãos estatutários ou contratuais de sociedades autorizadas a funcionar pelo Banco Central do Brasil.,DEORF,127782,Comunicado,37448,0,Instituição Cooperativa de Crédito com Interação Solidária do Vale Europeu - Cresol Vale  Instituição Cooperativa de Crédito de Livre Admissão de Associados do Planalto Serrano  ,0,2021-07-26T17:36:48Z,26/7/2021 14:36,859
Comunicado N° 37.443,23/7/2021 16:51,Divulga nome aprovado de pessoas eleitas/nomeadas para cargos de órgãos estatutários ou contratuais de sociedades autorizadas a funcionar pelo Banco Central do Brasil.,DEORF,127777,Comunicado,37443,0,Instituição Cooperativa de Crédito de Livre Admissão do Norte de Mato Grosso - Sicoob  Instituição Cooperativa de Crédito de Livre Admissão da Região Metropolitana de Goiânia  ,0,2021-07-23T19:51:03Z,23/7/2021 16:51,860
Instrução Normativa BCB N° 129,22/7/2021 16:35,Estabelece os procedimentos necessários para a adesão ao Pix.,DECEM,51448,Instrução Normativa BCB,129,1,"Instrução Normativa BCB nº 149/2021  5º  A entidade do
sistema cooperativo organizado de dois ou três níveis que pretenda atuar como
liquidante no SPI de, ao menos, uma cooperativa  ",0,2021-07-22T19:35:00Z,22/7/2021 16:35,861
Instrução Normativa BCB N° 128,22/7/2021 16:28,"Estabelece os procedimentos necessários para os testes formais de homologação no Diretório de Identificadores de Contas Transacionais (DICT), para a validação de QR Codes e para a validação da prestação de serviço de iniciação de transação de pagamento, no âmbito do Pix.",DECEM,51447,Instrução Normativa BCB,128,1,"Estabelece os procedimentos necessários para os testes formais de homologação no Diretório de Identificadores de Contas Transacionais (DICT), para a validação de QR Codes e para a  ",0,2021-07-22T19:28:00Z,22/7/2021 16:28,862
Comunicado N° 37.437,22/7/2021 14:02,Divulga nome aprovado de pessoas eleitas/nomeadas para cargos de órgãos estatutários ou contratuais de sociedades autorizadas a funcionar pelo Banco Central do Brasil.,DEORF,127771,Comunicado,37437,0,Instituição Sicoob AC Credi - Cooperativa de Crédito de Livre Admissão do Leste e Nordeste  Instituição Cooperativa de Crédito de Livre Admissão do Vale do Araguaia Ltda. (CNPJ  ,0,2021-07-22T17:02:17Z,22/7/2021 14:02,863
Comunicado N° 37.432,21/7/2021 14:59,Divulga nome aprovado de pessoas eleitas/nomeadas para cargos de órgãos estatutários ou contratuais de sociedades autorizadas a funcionar pelo Banco Central do Brasil.,DEORF,127766,Comunicado,37432,0,Instituição Cooperativa Economia Crédito Mútuo Servs e Empregados Públicos Munic  Instituição Sicoob - Credimed - Cooperativa de Crédito de Livre Admissão da Cidade de  ,0,2021-07-21T17:59:07Z,21/7/2021 14:59,864
Comunicado N° 37.426,20/7/2021 16:24,Divulga nome aprovado de pessoas eleitas/nomeadas para cargos de órgãos estatutários ou contratuais de sociedades autorizadas a funcionar pelo Banco Central do Brasil.,DEORF,127760,Comunicado,37426,0,Instituição Cooperativa de Crédito de Livre Admissão de Associados do Planalto Serrano  Instituição BNQI Sociedade de Crédito Direto S.A. (CNPJ INEXISTENTE  ,0,2021-07-20T19:24:11Z,20/7/2021 16:24,865
Comunicado N° 37.422,19/7/2021 17:52,Divulga nome aprovado de pessoas eleitas/nomeadas para cargos de órgãos estatutários ou contratuais de sociedades autorizadas a funcionar pelo Banco Central do Brasil.,DEORF,127756,Comunicado,37422,0,Instituição Cooperativa de Crédito de Livre Admissão de Lagoa da Prata e Região Ltda  Instituição Cooperativa de Crédito dos Médicos e Demais Profissionais da Saúde de Vitória  ,0,2021-07-19T20:52:09Z,19/7/2021 17:52,866
Instrução Normativa BCB N° 124,19/7/2021 15:22,"Divulga procedimentos operacionais relacionados ao Sistema de Transferência de Reservas (STR), à conta Reservas Bancárias e à Conta de Liquidação, de que trata o Regulamento anexo à Resolução BCB nº 105, de 9 de junho de 2021.",DEBAN,51441,Instrução Normativa BCB,124,1,"a)
cooperativa de crédito em processo de autorização para funcionamento que tenha
previsto  dispõe sobre a constituição e a autorização para funcionamento das cooperativas
de crédito  ",0,2021-07-19T18:22:00Z,19/7/2021 15:22,867
Comunicado N° 37.413,16/7/2021 15:24,Divulga nome aprovado de pessoas eleitas/nomeadas para cargos de órgãos estatutários ou contratuais de sociedades autorizadas a funcionar pelo Banco Central do Brasil.,DEORF,127747,Comunicado,37413,0,"Instituição Cooperativa de Crédito dos Servidores Militares, Polícia Civil e da Secretaria  Instituição Cooperativa de Crédito, Poupança e Investimento do Rio de Janeiro - Sicredi  ",0,2021-07-16T18:24:20Z,16/7/2021 15:24,868
Comunicado N° 37.407,15/7/2021 14:36,Divulga nome aprovado de pessoas eleitas/nomeadas para cargos de órgãos estatutários ou contratuais de sociedades autorizadas a funcionar pelo Banco Central do Brasil.,DEORF,127741,Comunicado,37407,0,Instituição Bansur JM Sociedade de Crédito Direto S.A. (CNPJ INEXISTENTE  Instituição Cooperativa de Economia e Crédito Mútuo dos Colaboradores da SG Indústria e  ,0,2021-07-15T17:36:54Z,15/7/2021 14:36,869
Comunicado N° 37.401,14/7/2021 14:28,Divulga nome aprovado de pessoas eleitas/nomeadas para cargos de órgãos estatutários ou contratuais de sociedades autorizadas a funcionar pelo Banco Central do Brasil.,DEORF,127735,Comunicado,37401,0,"Instituição Cooperativa de Crédito, Poupança e Investimento do Noroeste de Mato Grosso  Instituição Cooperativa de Crédito Rural com Interação Solidária Cooperar - Cresol  ",0,2021-07-14T17:28:02Z,14/7/2021 14:28,870
Comunicado N° 37.400,14/7/2021 10:05,Divulga nome aprovado de pessoas eleitas/nomeadas para cargos de órgãos estatutários ou contratuais de sociedades autorizadas a funcionar pelo Banco Central do Brasil.,DEORF,127734,Comunicado,37400,0,Instituição Cooperativa de Crédito de Livre Admissão do Vale do Aço Ltda. - Sicoob Vale do  Instituição Cooperativa de Crédito Centro-Serrana do Espírito Santo - Sicoob  ,0,2021-07-14T13:05:41Z,14/7/2021 10:05,871
Comunicado N° 37.394,13/7/2021 14:45,Divulga nome de pessoas com intenção de ocupar cargos de administração em instituições autorizadas a funcionar pelo Banco Central do Brasil.,DEORF,127728,Comunicado,37394,0,Instituição Cooperativa de Crédito de Livre Admissão do Vale do Aço Ltda. - Sicoob Vale do  Instituição Cooperativa de Crédito Centro-Serrana do Espírito Santo - Sicoob  ,1,2021-07-13T17:45:21Z,13/7/2021 14:45,872
Comunicado N° 37.386,9/7/2021 17:26,Divulga nome de pessoas com intenção de ocupar cargos de administração em instituições autorizadas a funcionar pelo Banco Central do Brasil.,DEORF,127720,Comunicado,37386,0,"Instituição Cooperativa de Crédito, Poupança e Investimento Sul Minas do Rio Grande do Sul  Instituição Agibank Financeira S.A. – Crédito, Financiamento e Investimento (CNPJ  ",0,2021-07-09T20:26:43Z,9/7/2021 17:26,873
Comunicado N° 37.385,9/7/2021 15:20,Divulga nome aprovado de pessoas eleitas/nomeadas para cargos de órgãos estatutários ou contratuais de sociedades autorizadas a funcionar pelo Banco Central do Brasil.,DEORF,127719,Comunicado,37385,0,Instituição Cooperativa de Economia e Crédito Mútuo dos Empregados da Samarco Mineração  Instituição Cooperativa de Economia e Crédito Mútuo dos Médicos e Demais Profissionais da  ,0,2021-07-09T18:20:20Z,9/7/2021 15:20,874
Comunicado N° 37.379,8/7/2021 14:38,Divulga nome aprovado de pessoas eleitas/nomeadas para cargos de órgãos estatutários ou contratuais de sociedades autorizadas a funcionar pelo Banco Central do Brasil.,DEORF,127713,Comunicado,37379,0,Instituição Cooperativa de Crédito Mútuo dos Servidores do Ministério da Educação em São  Instituição Cooperativa de Crédito de Livre Admissão de Associados do Planalto Catarinense  ,0,2021-07-08T17:38:20Z,8/7/2021 14:38,875
Comunicado N° 37.374,7/7/2021 17:41,Divulga nome de pessoas com intenção de ocupar cargos de administração em instituições autorizadas a funcionar pelo Banco Central do Brasil.,DEORF,127708,Comunicado,37374,0,"Divulga nome de pessoas com intenção de ocupar cargos de administração em instituições  Instituição Cooperativa de Crédito, Poupança e Investimento de Campo Grande e Região  ",0,2021-07-07T20:41:58Z,7/7/2021 17:41,876
Comunicado N° 37.371,7/7/2021 14:46,Divulga nome aprovado de pessoas eleitas/nomeadas para cargos de órgãos estatutários ou contratuais de sociedades autorizadas a funcionar pelo Banco Central do Brasil.,DEORF,127705,Comunicado,37371,0,Instituição Cooperativa de Crédito Mútuo dos Servidores do Ministério da Educação em São  Instituição Cooperativa de Crédito dos Integrantes do Ministério Público e do Poder  ,0,2021-07-07T17:46:45Z,7/7/2021 14:46,877
Comunicado N° 37.365,6/7/2021 16:41,Divulga nome aprovado de pessoas eleitas/nomeadas para cargos de órgãos estatutários ou contratuais de sociedades autorizadas a funcionar pelo Banco Central do Brasil.,DEORF,127699,Comunicado,37365,0,Instituição Cooperativa de Crédito dos Empregados das Empresas do Grupo Indorama no Brasil  Instituição Cooperativa de Crédito de Livre Admissão de Goiânia e Microrregiões Ltda  ,0,2021-07-06T19:41:02Z,6/7/2021 16:41,878
Instrução Normativa BCB N° 122,6/7/2021 14:45,"Divulga relação das instituições financeiras pertencentes ao ""Grupo A"" e ao ""Grupo B"", para fins do recolhimento compulsório sobre recursos à vista.",DEBAN,51433,Instrução Normativa BCB,122,1,"Divulga relação das instituições financeiras pertencentes ao &quot;Grupo A  BCV -
Banco de Crédito e Varejo S.A.  Banco
Cooperativo Sicoob S.A. - Banco Sicoob  Banco
Cooperativo Sicredi S.A.  ",0,2021-07-06T17:45:00Z,6/7/2021 14:45,879
Comunicado N° 37.359,5/7/2021 15:40,Divulga nome aprovado de pessoas eleitas/nomeadas para cargos de órgãos estatutários ou contratuais de sociedades autorizadas a funcionar pelo Banco Central do Brasil.,DEORF,127693,Comunicado,37359,0,"Instituição Cooperativa de Crédito de Livre Admissão do Vale do Paranaíba Ltda. (CNPJ  Instituição Cooperativa de Crédito, Poupança e Investimento da Região das Flores, das  ",0,2021-07-05T18:40:07Z,5/7/2021 15:40,880
Comunicado N° 37.354,2/7/2021 14:35,Divulga nome aprovado de pessoas eleitas/nomeadas para cargos de órgãos estatutários ou contratuais de sociedades autorizadas a funcionar pelo Banco Central do Brasil.,DEORF,127688,Comunicado,37354,0,Instituição Cooperativa de Crédito dos Servidores Públicos Municipais de Timóteo Ltda  Instituição Cooperativa de Crédito de Livre Admissão de Pará de Minas Ltda. - Sicoob  ,0,2021-07-02T17:35:06Z,2/7/2021 14:35,881
Comunicado N° 37.348,1/7/2021 16:36,Divulga nome aprovado de pessoas eleitas/nomeadas para cargos de órgãos estatutários ou contratuais de sociedades autorizadas a funcionar pelo Banco Central do Brasil.,DEORF,127682,Comunicado,37348,0,Instituição Cooperativa de Crédito Mútuo dos Profissionais de Nível Superior da Saúde  Instituição Cooperativa de Crédito do Vale do Itajaí e Vale do Itapocu - Sicoob Multicredi  ,0,2021-07-01T19:36:17Z,1/7/2021 16:36,882
Resolução BCB N° 110,1/7/2021 08:00,Institui as Linhas Financeiras de Liquidez (LFL) do Banco Central do Brasil e aprova o seu regulamento.,SECRE,51431,Resolução BCB,110,1,"Institui as Linhas Financeiras de Liquidez (LFL) do Banco Central do Brasil e aprova o seu regulamento  Resolução BCB nº 192/2022 - Nova redação: art  2º, inciso I; 14, incisos I, II  ",0,2021-07-01T11:00:00Z,1/7/2021 08:00,883
Comunicado N° 37.341,30/6/2021 14:43,Divulga nome aprovado de pessoas eleitas/nomeadas para cargos de órgãos estatutários ou contratuais de sociedades autorizadas a funcionar pelo Banco Central do Brasil.,DEORF,127675,Comunicado,37341,0,Instituição Cooperativa de Crédito de Livre Admissão de Dores do Indaiá Ltda. - Sicoob  Instituição Cooperativa de Crédito de Livre Admissão da Região do Circuito Campos das  ,0,2021-06-30T17:43:11Z,30/6/2021 14:43,884
Comunicado N° 37.332,29/6/2021 16:22,Divulga nome aprovado de pessoas eleitas/nomeadas para cargos de órgãos estatutários ou contratuais de sociedades autorizadas a funcionar pelo Banco Central do Brasil.,DEORF,127665,Comunicado,37332,0,Instituição Cooperativa de Crédito Mútuo dos Profissionais de Nível Superior da Saúde  Instituição Cooperativa de Crédito de Livre Admissão de Associados de Caçador - Sicoob  ,0,2021-06-29T19:22:04Z,29/6/2021 16:22,885
Comunicado N° 37.325,28/6/2021 16:01,Divulga nome aprovado de pessoas eleitas/nomeadas para cargos de órgãos estatutários ou contratuais de sociedades autorizadas a funcionar pelo Banco Central do Brasil.,DEORF,127658,Comunicado,37325,0,"Instituição Cooperativa de Crédito de Livre Admissão Sicoob do Grande ABC - Sicoob Grande  Instituição Cooperativa de Crédito, Poupança e Investimento Celeiro Centro-Oeste - Sicredi  ",0,2021-06-28T19:01:50Z,28/6/2021 16:01,886
Comunicado N° 37.319,25/6/2021 14:44,Divulga nome aprovado de pessoas eleitas/nomeadas para cargos de órgãos estatutários ou contratuais de sociedades autorizadas a funcionar pelo Banco Central do Brasil.,DEORF,127651,Comunicado,37319,0,Instituição Cooperativa de Crédito dos Profissionais de Saúde do Triângulo Mineiro e Sul  Instituição Cooperativa de Crédito de Livre Admissão do Médio Piracicaba e do Circuito do  ,0,2021-06-25T17:44:27Z,25/6/2021 14:44,887
Resolução BCB N° 108,24/6/2021 18:40,"Dispõe sobre as regras e os procedimentos a serem observados para o controle e para a contagem de prazos máximos de decisão administrativa dos pedidos de atos públicos de liberação de atividade econômica requeridos ao Banco Central do Brasil, sobre os prazos específicos para as diferentes fases dos processos administrativos de liberação da atividade econômica e sobre os prazos máximos para decisão administrativa de pedidos formulados por instituições regidas pela Lei nº 4.595, de 31 de dezembro de 1964, e pela Lei Complementar nº 130, de 17 de abril de 2009.",SECRE,51427,Resolução BCB,108,0,Dispõe sobre as regras e os procedimentos a serem observados para o controle e para a contagem de prazos máximos de decisão administrativa dos pedidos de atos públicos de  ,0,2021-06-24T21:40:00Z,24/6/2021 18:40,888
Resolução CMN N° 4.920,24/6/2021 18:33,"Define os encargos financeiros para financiamentos com recursos dos Fundos Constitucionais de Financiamento, de que trata a Seção 8 do Capítulo 7 (Encargos Financeiros e Limites de Crédito), e ajusta normas da Seção 4-A (Metodologia de cálculo das Taxas de Juros Rurais dos Fundos Constitucionais de Financiamento - TRFC) do Capítulo 2 (Condições Básicas) do Manual de Crédito Rural.",SECRE,51418,Resolução CMN,4920,0,"para os produtores rurais e suas
cooperativas de produção com receita bruta anual acima de  do Capítulo 7 (Encargos Financeiros e Limites de Crédito) do MCR
passa a vigorar com as  ",0,2021-06-24T21:33:00Z,24/6/2021 18:33,889
Comunicado N° 37.315,24/6/2021 16:12,Divulga nome aprovado de pessoas eleitas/nomeadas para cargos de órgãos estatutários ou contratuais de sociedades autorizadas a funcionar pelo Banco Central do Brasil.,DEORF,127647,Comunicado,37315,0,Instituição Cooperativa de Crédito dos Fornecedores de Cana e Demais Produtores Rurais do  Instituição Cooperativa de Crédito Mútuo dos Despachantes de Trânsito de Santa Catarina e  ,0,2021-06-24T19:12:03Z,24/6/2021 16:12,890
Instrução Normativa BCB N° 118,24/6/2021 15:58,"Consolida os procedimentos para a remessa das informações diárias relativas ao total de exposição em ouro, em moeda estrangeira e em operações sujeitas à variação cambial e à apuração dos Ativos Ponderados pelo Risco (RWA) para o risco de mercado, utilizados para fins de cálculo dos requerimentos mínimos de Patrimônio de Referência (PR), de Nível I, de Capital Principal e do Adicional de Capital Principal, de que trata a Resolução BCB nº 100 de 2 de junho de 2021. ",DESIG,51414,Instrução Normativa BCB,118,0,"Consolida os procedimentos para a remessa das informações diárias relativas ao total de  não pertencentes a conglomerado prudencial, e pelas cooperativas não
integrantes de   ",0,2021-06-24T18:58:00Z,24/6/2021 15:58,891
Comunicado N° 37.305,23/6/2021 14:44,Divulga nome aprovado de pessoas eleitas/nomeadas para cargos de órgãos estatutários ou contratuais de sociedades autorizadas a funcionar pelo Banco Central do Brasil.,DEORF,127637,Comunicado,37305,0,Instituição Cooperativa de Crédito de Livre Admissão do Alto São Francisco Ltda. (CNPJ  Instituição Cooperativa de Crédito de Livre Admissão de Associados Vale do Chapecozinho  ,0,2021-06-23T17:44:42Z,23/6/2021 14:44,892
Instrução Normativa BCB N° 116,23/6/2021 14:23,"Divulga os títulos e subtítulos do Plano Contábil das Instituições do Sistema Financeiro Nacional (Cosif), utilizados como base de cálculo das contribuições ordinárias, especiais e adicionais das instituições associadas ao Fundo Garantidor de Crédito (FGC).",DERAD,51412,Instrução Normativa BCB,116,0,"instituições associadas ao Fundo Garantidor de Crédito (FGC), de
que trata a Resolução BCB  para efeito do cálculo
das contribuições adicionais ao Fundo Garantidor de Créditos (FGC  ",0,2021-06-23T17:23:00Z,23/6/2021 14:23,893
Resolução CMN N° 4.913,22/6/2021 17:09,Define os encargos financeiros e os limites de crédito para as linhas de crédito e os programas de que trata o Capítulo 7 (Encargos Financeiros e Limites de Crédito) e ajusta normas da Seção 4 (Metodologia de cálculo das Taxas de Juros do Crédito Rural - TCR) do Capítulo 2 (Condições Básicas) do Manual de Crédito Rural (MCR).,SECRE,51407,Resolução CMN,4913,0,"R E S O L V E  MCR 6-2)
   
  R$400.000.000,00
   
  a) limite de crédito por
  integradora que não seja classificada como cooperativa de produção
  agropecuária, por ano agrícola e  ",0,2021-06-22T20:09:00Z,22/6/2021 17:09,894
Comunicado N° 37.301,22/6/2021 14:46,Divulga nome aprovado de pessoas eleitas/nomeadas para cargos de órgãos estatutários ou contratuais de sociedades autorizadas a funcionar pelo Banco Central do Brasil.,DEORF,127633,Comunicado,37301,0,Divulga nome aprovado de pessoas eleitas/nomeadas para cargos de órgãos estatutários ou  Instituição Cooperativa de Crédito Poupança e Investimento dos Advogados e Serventuários  ,0,2021-06-22T17:46:54Z,22/6/2021 14:46,895
Comunicado N° 37.296,21/6/2021 16:19,Divulga nome aprovado de pessoas eleitas/nomeadas para cargos de órgãos estatutários ou contratuais de sociedades autorizadas a funcionar pelo Banco Central do Brasil.,DEORF,127628,Comunicado,37296,0,"Instituição Cooperativa de Crédito Mútuo dos Funcionários da Fábrica de Cimento Votoran  Instituição Cooperativa de Crédito, Poupança e Investimento do Norte e Nordeste de Santa  ",0,2021-06-21T19:19:13Z,21/6/2021 16:19,896
Comunicado N° 37.290,18/6/2021 15:18,Divulga nome aprovado de pessoas eleitas/nomeadas para cargos de órgãos estatutários ou contratuais de sociedades autorizadas a funcionar pelo Banco Central do Brasil.,DEORF,127622,Comunicado,37290,0,Instituição Central das Cooperativas de Crédito do Estado de São Paulo - Sicoob Central  Instituição Cooperativa de Crédito de Livre Admissão e dos Transportadores Rodoviários de  ,0,2021-06-18T18:18:25Z,18/6/2021 15:18,897
Comunicado N° 37.287,17/6/2021 18:09,Divulga nome aprovado de pessoas eleitas/nomeadas para cargos de órgãos estatutários ou contratuais de sociedades autorizadas a funcionar pelo Banco Central do Brasil.,DEORF,127619,Comunicado,37287,0,Instituição Cooperativa de Crédito dos Fornecedores de Cana de Barra Bonita e Região (CNPJ  Instituição Cooperativa de Crédito de Livre Admissão do Centro-Nordeste Mineiro Ltda  ,0,2021-06-17T21:09:18Z,17/6/2021 18:09,898
Comunicado N° 37.278,16/6/2021 15:47,Divulga nome aprovado de pessoas eleitas/nomeadas para cargos de órgãos estatutários ou contratuais de sociedades autorizadas a funcionar pelo Banco Central do Brasil.,DEORF,127610,Comunicado,37278,0,Divulga nome aprovado de pessoas eleitas/nomeadas para cargos de órgãos estatutários ou  Instituição Cooperativa de Crédito do Centro-Sul Mineiro Ltda. - Sicoob Centro-Sul Mineiro  ,0,2021-06-16T18:47:02Z,16/6/2021 15:47,899
Comunicado N° 37.270,15/6/2021 15:15,Divulga nome aprovado de pessoas eleitas/nomeadas para cargos de órgãos estatutários ou contratuais de sociedades autorizadas a funcionar pelo Banco Central do Brasil.,DEORF,127602,Comunicado,37270,0,"Instituição Cooperativa de Crédito, Poupança e Investimento dos Médicos e Demais  Instituição Cooperativa de Crédito de Livre Admissão de Ceres e Rialma Ltda. (CNPJ  ",0,2021-06-15T18:15:08Z,15/6/2021 15:15,900
Comunicado N° 37.265,14/6/2021 16:35,Divulga nome aprovado de pessoas eleitas/nomeadas para cargos de órgãos estatutários ou contratuais de sociedades autorizadas a funcionar pelo Banco Central do Brasil.,DEORF,127596,Comunicado,37265,0,"Instituição Cooperativa de Crédito dos Empregados do Grupo Vallourec no Brasil - Coovall  Instituição Cooperativa de Crédito, Poupança e Investimento das Regiões Centro do RS e MG  ",0,2021-06-14T19:35:05Z,14/6/2021 16:35,901
Comunicado N° 37.259,11/6/2021 14:39,Divulga nome aprovado de pessoas eleitas/nomeadas para cargos de órgãos estatutários ou contratuais de sociedades autorizadas a funcionar pelo Banco Central do Brasil.,DEORF,127590,Comunicado,37259,0,Instituição Cooperativa de Crédito dos Médicos e Demais Profissionais da Saúde de Vitória  Instituição Cooperativa de Crédito de Livre Admissão da Região Central e Oeste Mineiro  ,0,2021-06-11T17:39:41Z,11/6/2021 14:39,902
Comunicado N° 37.253,10/6/2021 16:37,Divulga nome aprovado de pessoas eleitas/nomeadas para cargos de órgãos estatutários ou contratuais de sociedades autorizadas a funcionar pelo Banco Central do Brasil.,DEORF,127584,Comunicado,37253,0,Instituição Cooperativa de Crédito de Livre Admissão das Micro Regiões de Goiânia e  Instituição Cooperativa de Crédito Sul-Serrana do Espírito Santo (CNPJ 00.815.319  ,0,2021-06-10T19:37:21Z,10/6/2021 16:37,903
Comunicado N° 37.247,9/6/2021 15:50,Divulga nome aprovado de pessoas eleitas/nomeadas para cargos de órgãos estatutários ou contratuais de sociedades autorizadas a funcionar pelo Banco Central do Brasil.,DEORF,127578,Comunicado,37247,0,Instituição Independência Cooperativa de Crédito e Investimento - Independência Cooperativa de Crédito (CNPJ 04.306.351  ,0,2021-06-09T18:50:33Z,9/6/2021 15:50,904
Comunicado N° 37.242,8/6/2021 16:36,Divulga nome aprovado de pessoas eleitas/nomeadas para cargos de órgãos estatutários ou contratuais de sociedades autorizadas a funcionar pelo Banco Central do Brasil.,DEORF,127572,Comunicado,37242,0,Instituição Cooperativa de Crédito de Livre Admissão de Bambuí Ltda. - Sicoob Credibam  Instituição Cooperativa de Crédito da Grande Florianópolis - Únilos (CNPJ 02.405.189  ,0,2021-06-08T19:36:10Z,8/6/2021 16:36,905
Comunicado N° 37.234,7/6/2021 14:56,Divulga nome aprovado de pessoas eleitas/nomeadas para cargos de órgãos estatutários ou contratuais de sociedades autorizadas a funcionar pelo Banco Central do Brasil.,DEORF,127565,Comunicado,37234,0,Instituição Cooperativa de Crédito de Livre Admissão Sicoob Unimais Centro Leste Paulista  Instituição Cooperativa de Crédito Rural e Economia com Interação Solidária das Encostas  ,0,2021-06-07T17:56:27Z,7/6/2021 14:56,906
Resolução BCB N° 100,2/6/2021 18:01,"Consolida os procedimentos para a remessa de informações diárias referentes ao total de exposição em ouro, em moeda estrangeira e em operações sujeitas à variação cambial e às parcelas relativas ao risco de mercado dos ativos ponderados pelo risco (RWA).",SECRE,51393,Resolução BCB,100,0,"III - pelos bancos
cooperativos, pelas confederações de crédito, pelas  de serviço constituídas por
cooperativas centrais de crédito ou pelas cooperativas centrais de crédito, em  ",0,2021-06-02T21:01:00Z,2/6/2021 18:01,907
Comunicado N° 37.225,2/6/2021 14:39,Divulga nome aprovado de pessoas eleitas/nomeadas para cargos de órgãos estatutários ou contratuais de sociedades autorizadas a funcionar pelo Banco Central do Brasil.,DEORF,127556,Comunicado,37225,0,"Instituição Cooperativa de Crédito de Livre Admissão do Alto São Francisco Ltda. (CNPJ  Instituição Cooperativa de Crédito, Poupança e Investimento do Araguaia e Xingu - Sicredi  ",0,2021-06-02T17:39:42Z,2/6/2021 14:39,908
Comunicado N° 37.217,1/6/2021 16:36,Divulga nome aprovado de pessoas eleitas/nomeadas para cargos de órgãos estatutários ou contratuais de sociedades autorizadas a funcionar pelo Banco Central do Brasil.,DEORF,127548,Comunicado,37217,0,Instituição Cooperativa de Crédito Mútuo de Servidores Públicos do Estado de São Paulo  Instituição Cooperativa de Crédito do Vale do Itajaí e Vale do Itapocu - Sicoob Multicredi  ,0,2021-06-01T19:36:50Z,1/6/2021 16:36,909
Resolução BCB N° 98,1/6/2021 14:30,Dispõe sobre o Sistema de Informações de Valores a Receber (SVR) e sobre a remessa ao Banco Central do Brasil de informações relativas a valores a devolver a pessoas naturais e jurídicas.,SECRE,51391,Resolução BCB,98,0,"de beneficiários
e participantes de cooperativas de crédito;VII - recursos não procurados relativos a  ",0,2021-06-01T17:30:00Z,1/6/2021 14:30,910
Comunicado N° 37.210,31/5/2021 16:07,Divulga nome aprovado de pessoas eleitas/nomeadas para cargos de órgãos estatutários ou contratuais de sociedades autorizadas a funcionar pelo Banco Central do Brasil.,DEORF,127541,Comunicado,37210,0,Instituição Cooperativa de Crédito de Livre Admissão Sicoob do Grande ABC - Sicoob Grande  Instituição Cooperativa de Crédito do Triângulo Mineiro e São Francisco Ltda. - Sicoob  ,0,2021-05-31T19:07:33Z,31/5/2021 16:07,911
Comunicado N° 37.203,28/5/2021 17:24,Divulga nome de pessoas com intenção de ocupar cargos de administração em instituições autorizadas a funcionar pelo Banco Central do Brasil.,DEORF,127534,Comunicado,37203,0,"Divulga nome de pessoas com intenção de ocupar cargos de administração em instituições  Instituição COOPERATIVA DE CRÉDITO, POUPANÇA E INVESTIMENTO VALE DO CERRADO – SICREDI VALE  ",0,2021-05-28T20:24:01Z,28/5/2021 17:24,912
Comunicado N° 37.201,28/5/2021 16:19,Divulga nome aprovado de pessoas eleitas/nomeadas para cargos de órgãos estatutários ou contratuais de sociedades autorizadas a funcionar pelo Banco Central do Brasil.,DEORF,127532,Comunicado,37201,0,Instituição Cooperativa de Crédito de Livre Admissão do Médio Piracicaba e do Circuito do  Instituição Cooperativa de Crédito Rural e Economia com Interação Solidária das Encostas  ,0,2021-05-28T19:19:51Z,28/5/2021 16:19,913
Resolução CMN N° 4.910,27/5/2021 18:01,Dispõe sobre a prestação de serviços de auditoria independente para as instituições financeiras e demais instituições autorizadas a funcionar pelo Banco Central do Brasil.,SECRE,51388,Resolução CMN,4910,0,"Dispõe sobre a prestação de serviços de  II - das cooperativas de crédito de
capital e empréstimo; e  III - das cooperativas de crédito
singulares relativas à data-base de 30 de junho  ",0,2021-05-27T21:01:00Z,27/5/2021 18:01,914
Comunicado N° 37.196,27/5/2021 17:47,Divulga nome de pessoas com intenção de ocupar cargos de administração em instituições autorizadas a funcionar pelo Banco Central do Brasil.,DEORF,127527,Comunicado,37196,0,"Divulga nome de pessoas com intenção de ocupar cargos de administração em instituições  Instituição Cooperativa de Credito, Poupança e Investimento de Ibiraiaras – Sicredi  ",0,2021-05-27T20:47:29Z,27/5/2021 17:47,915
Comunicado N° 37.195,27/5/2021 14:26,Divulga nome aprovado de pessoas eleitas/nomeadas para cargos de órgãos estatutários ou contratuais de sociedades autorizadas a funcionar pelo Banco Central do Brasil.,DEORF,127526,Comunicado,37195,0,Instituição Cooperativa de Crédito de Livre Admissão da Região do Circuito Campos das  Instituição Cooperativa de Crédito de Livre Admissão de Lagoa da Prata e Região Ltda  ,0,2021-05-27T17:26:57Z,27/5/2021 14:26,916
Comunicado N° 37.186,26/5/2021 15:11,Divulga nome aprovado de pessoas eleitas/nomeadas para cargos de órgãos estatutários ou contratuais de sociedades autorizadas a funcionar pelo Banco Central do Brasil.,DEORF,127517,Comunicado,37186,0,Instituição Cooperativa de Crédito com Interação Solidária do Vale Europeu - Cresol Vale  Instituição Cooperativa de Crédito do Vale do São Francisco - Sicredi Vale do São  ,0,2021-05-26T18:11:38Z,26/5/2021 15:11,917
Resolução BCB N° 97,25/5/2021 18:00,"Estabelece os procedimentos relativos ao processo de credenciamento e descredenciamento de Entidade de Auditoria Cooperativa e de empresa de auditoria independente para a realização das atividades de auditoria cooperativa, os requisitos para a definição do escopo da atividade de auditoria cooperativa e os critérios para a elaboração e remessa dos relatórios e documentos resultantes da auditoria cooperativa.",SECRE,51386,Resolução BCB,97,0,"para a realização de auditoria cooperativa em
cooperativas singulares de crédito, cooperativas centrais de crédito e
confederações de centrais de crédito;II  ",0,2021-05-25T21:00:00Z,25/5/2021 18:00,918
Comunicado N° 37.180,25/5/2021 15:26,Divulga nome aprovado de pessoas eleitas/nomeadas para cargos de órgãos estatutários ou contratuais de sociedades autorizadas a funcionar pelo Banco Central do Brasil.,DEORF,127511,Comunicado,37180,0,Instituição Cooperativa de Crédito de Livre Admissão de Campos Gerais e Campo do Meio Ltda  Instituição Cooperativa de Crédito dos Empresários de Transportes do Sul do Brasil  ,0,2021-05-25T18:26:19Z,25/5/2021 15:26,919
Comunicado N° 37.176,24/5/2021 17:40,Divulga nome de pessoas com intenção de ocupar cargos de administração em instituições autorizadas a funcionar pelo Banco Central do Brasil.,DEORF,127507,Comunicado,37176,0,"Divulga nome de pessoas com intenção de ocupar cargos de administração em instituições  Instituição Cooperativa de Crédito, Poupança e Investimento das Regiões Centro do RS e MG  ",0,2021-05-24T20:40:55Z,24/5/2021 17:40,920
Comunicado N° 37.175,24/5/2021 15:50,Divulga nome aprovado de pessoas eleitas/nomeadas para cargos de órgãos estatutários ou contratuais de sociedades autorizadas a funcionar pelo Banco Central do Brasil.,DEORF,127506,Comunicado,37175,0,Instituição Cooperativa de Crédito com Interação Solidária União dos Pinhais - Cresol  Instituição Cooperativa de Crédito da Foz do Rio Itajaí-Açu - Credifoz (CNPJ 09.512.539  ,0,2021-05-24T18:50:09Z,24/5/2021 15:50,921
Comunicado N° 37.171,21/5/2021 14:50,Divulga nome aprovado de pessoas eleitas/nomeadas para cargos de órgãos estatutários ou contratuais de sociedades autorizadas a funcionar pelo Banco Central do Brasil.,DEORF,127502,Comunicado,37171,0,Instituição Cooperativa de Crédito da Região Central de Minas Ltda. - Sicoob União Central  Instituição Cooperativa de Crédito e Economia com Interação Solidária Cresol Evolução  ,0,2021-05-21T17:50:05Z,21/5/2021 14:50,922
Comunicado N° 37.165,20/5/2021 17:47,Divulga nome de pessoas com intenção de ocupar cargos de administração em instituições autorizadas a funcionar pelo Banco Central do Brasil.,DEORF,127496,Comunicado,37165,0,"Divulga nome de pessoas com intenção de ocupar cargos de administração em instituições autorizadas  Instituição Cooperativa de Crédito, Poupança e Investimento de Lajeado – Sicredi  ",0,2021-05-20T20:47:23Z,20/5/2021 17:47,923
Comunicado N° 37.164,20/5/2021 14:31,Divulga nome aprovado de pessoas eleitas/nomeadas para cargos de órgãos estatutários ou contratuais de sociedades autorizadas a funcionar pelo Banco Central do Brasil.,DEORF,127495,Comunicado,37164,0,Instituição Cooperativa de Crédito de Livre Admissão de Associados de Caçador - Sicoob  Instituição Cooperativa de Crédito - Sicredi Rio Grande do Norte (CNPJ 70.038.237  ,0,2021-05-20T17:31:13Z,20/5/2021 14:31,924
Comunicado N° 37.159,19/5/2021 14:54,Divulga nome aprovado de pessoas eleitas/nomeadas para cargos de órgãos estatutários ou contratuais de sociedades autorizadas a funcionar pelo Banco Central do Brasil.,DEORF,127490,Comunicado,37159,0,"Instituição Cooperativa de Crédito Mútuo dos Trabalhadores do Sistema Financeiro de  Instituição Cooperativa de Crédito, Poupança e Investimento União - Sicredi União RS/ES  ",0,2021-05-19T17:54:28Z,19/5/2021 14:54,925
Comunicado N° 37.153,18/5/2021 15:31,Divulga nome aprovado de pessoas eleitas/nomeadas para cargos de órgãos estatutários ou contratuais de sociedades autorizadas a funcionar pelo Banco Central do Brasil.,DEORF,127484,Comunicado,37153,0,Instituição Cooperativa de Crédito de Livre Admissão de Dores do Indaiá Ltda. - Sicoob  Instituição Cooperativa de Crédito de Livre Admissão de Rio Verde e Região Ltda. (CNPJ  ,0,2021-05-18T18:31:33Z,18/5/2021 15:31,926
Comunicado N° 37.147,17/5/2021 16:21,Divulga nome aprovado de pessoas eleitas/nomeadas para cargos de órgãos estatutários ou contratuais de sociedades autorizadas a funcionar pelo Banco Central do Brasil.,DEORF,127478,Comunicado,37147,0,Instituição Cooperativa de Crédito de Livre Admissão de Carmo do Rio Claro Ltda. - Sicoob  Instituição Cooperativa de Crédito do Rio Grande do Norte - Sicoob Rio Grande do Norte  ,0,2021-05-17T19:21:24Z,17/5/2021 16:21,927
Comunicado N° 37.141,14/5/2021 16:41,Divulga nome aprovado de pessoas eleitas/nomeadas para cargos de órgãos estatutários ou contratuais de sociedades autorizadas a funcionar pelo Banco Central do Brasil.,DEORF,127472,Comunicado,37141,0,"Instituição Cooperativa de Crédito, Investimento e Serviços Financeiros Sicoob Uni Sudeste  Instituição Cooperativa de Crédito, Poupança e Investimento dos Policiais Federais do Rio  ",0,2021-05-14T19:41:11Z,14/5/2021 16:41,928
Comunicado N° 37.134,13/5/2021 15:12,Divulga nome aprovado de pessoas eleitas/nomeadas para cargos de órgãos estatutários ou contratuais de sociedades autorizadas a funcionar pelo Banco Central do Brasil.,DEORF,127465,Comunicado,37134,0,Instituição Cooperativa de Crédito de Livre Admissão de Associados de Dores do Indaiá Ltda  Instituição Cooperativa de Crédito Maxi Alfa de Livre Admissão de Associados - Sicoob  ,0,2021-05-13T18:12:04Z,13/5/2021 15:12,929
Comunicado N° 37.128,12/5/2021 15:38,Divulga nome aprovado de pessoas eleitas/nomeadas para cargos de órgãos estatutários ou contratuais de sociedades autorizadas a funcionar pelo Banco Central do Brasil.,DEORF,127459,Comunicado,37128,0,"Instituição Cooperativa de Crédito, Poupança e Investimento Vanguarda da Região das  Instituição Cooperativa de Crédito de Livre Admissão da Paraíba - Sicoob Paraíba (CNPJ  ",0,2021-05-12T18:38:14Z,12/5/2021 15:38,930
Comunicado N° 37.120,11/5/2021 15:52,Divulga nome aprovado de pessoas eleitas/nomeadas para cargos de órgãos estatutários ou contratuais de sociedades autorizadas a funcionar pelo Banco Central do Brasil.,DEORF,127451,Comunicado,37120,0,Instituição Sicredi Ceará Centro Norte - Cooperativa de Crédito da Região Centro Norte do Ceará (CNPJ  ,0,2021-05-11T18:52:02Z,11/5/2021 15:52,931
Comunicado N° 37.117,10/5/2021 18:07,Divulga nome de pessoas com intenção de ocupar cargos de administração em instituições autorizadas a funcionar pelo Banco Central do Brasil.,DEORF,127448,Comunicado,37117,0,Divulga nome de pessoas com intenção de ocupar cargos de administração em instituições autorizadas a funcionar pelo  Instituição Cooperativa de Crédito Credicitrus (CNPJ 54.037.916  ,0,2021-05-10T21:07:21Z,10/5/2021 18:07,932
Comunicado N° 37.113,10/5/2021 15:40,Divulga nome aprovado de pessoas eleitas/nomeadas para cargos de órgãos estatutários ou contratuais de sociedades autorizadas a funcionar pelo Banco Central do Brasil.,DEORF,127444,Comunicado,37113,0,Instituição Cooperativa de Crédito com Interação Solidária do Vale das Araucárias - Cresol  Instituição Cooperativa de Crédito e Economia com Interação Solidária de Xavantina  ,0,2021-05-10T18:40:50Z,10/5/2021 15:40,933
Comunicado N° 37.108,7/5/2021 15:56,Divulga nome aprovado de pessoas eleitas/nomeadas para cargos de órgãos estatutários ou contratuais de sociedades autorizadas a funcionar pelo Banco Central do Brasil.,DEORF,127439,Comunicado,37108,0,Instituição Cooperativa de Crédito de Livre Admissão do Centro-Nordeste Mineiro Ltda  Instituição Cooperativa de Crédito Rural e Economia com Interação Solidária de Itatiba do  ,0,2021-05-07T18:56:49Z,7/5/2021 15:56,934
Resolução BCB N° 92,6/5/2021 18:00,"Dispõe sobre a utilização do Padrão Contábil das Instituições Reguladas pelo Banco Central do Brasil (Cosif) pelas administradoras de consórcio, pelas instituições de pagamento, pelas sociedades corretoras de títulos e valores mobiliários, pelas sociedades distribuidoras de títulos e valores mobiliários e pelas sociedades corretoras de câmbio autorizadas a funcionar pelo Banco Central do Brasil e sobre a estrutura do elenco de contas do Cosif a ser observado pelas instituições financeiras e demais instituições autorizadas a funcionar pelo Banco Central do Brasil.",SECRE,51376,Resolução BCB,92,0,"Dispõe sobre a utilização do Padrão Contábil das Instituições Reguladas pelo Banco Central do Brasil (Cosif) pelas administradoras de consórcio, pelas instituições de pagamento  ",0,2021-05-06T21:00:00Z,6/5/2021 18:00,935
Comunicado N° 37.104,6/5/2021 17:27,Divulga nome de pessoas com intenção de ocupar cargos de administração em instituições autorizadas a funcionar pelo Banco Central do Brasil.,DEORF,127435,Comunicado,37104,0,"Divulga nome de pessoas com intenção de ocupar cargos de administração em instituições  Instituição Cooperativa de Crédito, Poupança e Investimento Centro Serra – Sicredi Centro  ",0,2021-05-06T20:27:11Z,6/5/2021 17:27,936
Comunicado N° 37.103,6/5/2021 15:41,Divulga nome aprovado de pessoas eleitas/nomeadas para cargos de órgãos estatutários ou contratuais de sociedades autorizadas a funcionar pelo Banco Central do Brasil.,DEORF,127434,Comunicado,37103,0,Instituição Cooperativa de Crédito Credimota - Sicoob Credimota (CNPJ 66.788.142  Instituição Cooperativa de Crédito Sicredi Alto Sertão Paraibano - Sicredi Alto Sertão  ,0,2021-05-06T18:41:35Z,6/5/2021 15:41,937
Comunicado N° 37.098,5/5/2021 17:39,Divulga nome de pessoas com intenção de ocupar cargos de administração em instituições autorizadas a funcionar pelo Banco Central do Brasil.,DEORF,127429,Comunicado,37098,0,"Nu Financeira S.A. - Sociedade de Crédito, Financiamento e Investimento (CNPJ 30.680.829  Instituição COOPERATIVA CENTRAL DE CRÉDITO, POUPANÇA E INVESTIMENTO DO CENTRO NORTE DO  ",0,2021-05-05T20:39:05Z,5/5/2021 17:39,938
Comunicado N° 37.097,5/5/2021 15:48,Divulga nome aprovado de pessoas eleitas/nomeadas para cargos de órgãos estatutários ou contratuais de sociedades autorizadas a funcionar pelo Banco Central do Brasil.,DEORF,127428,Comunicado,37097,0,"Instituição Cooperativa de Crédito de Livre Admissão de Associados do Vale do Canoinhas  Instituição Cooperativa de Crédito, Poupança e Investimento das Regiões Centro do RS e MG  ",0,2021-05-05T18:48:23Z,5/5/2021 15:48,939
Comunicado N° 37.092,4/5/2021 15:19,Divulga nome aprovado de pessoas eleitas/nomeadas para cargos de órgãos estatutários ou contratuais de sociedades autorizadas a funcionar pelo Banco Central do Brasil.,DEORF,127423,Comunicado,37092,0,Instituição Cooperativa de Crédito de Livre Admissão de Associados do Vale do Canoinhas  Instituição Cooperativa de Crédito Mútuo dos Policiais Federais e Servidores da União no  ,0,2021-05-04T18:19:29Z,4/5/2021 15:19,940
Comunicado N° 37.090,3/5/2021 18:02,Divulga nome de pessoas com intenção de ocupar cargos de administração em instituições autorizadas a funcionar pelo Banco Central do Brasil.,DEORF,127421,Comunicado,37090,0,"Divulga nome de pessoas com intenção de ocupar cargos de administração em instituições  Instituição Cooperativa de Crédito, Poupança e Investimento Sorriso – Sicredi Celeiro MT  ",0,2021-05-03T21:02:58Z,3/5/2021 18:02,941
Comunicado N° 37.087,3/5/2021 17:42,Divulga nome aprovado de pessoas eleitas/nomeadas para cargos de órgãos estatutários ou contratuais de sociedades autorizadas a funcionar pelo Banco Central do Brasil.,DEORF,127418,Comunicado,37087,0,Instituição Cooperativa de Crédito União Centro-Oeste Ltda. - Sicoob União Centro-Oeste  Instituição Cooperativa de Crédito com Interação Solidária União dos Vales - Cresol União  ,0,2021-05-03T20:42:09Z,3/5/2021 17:42,942
Comunicado N° 37.082,30/4/2021 16:53,Divulga nome aprovado de pessoas eleitas/nomeadas para cargos de órgãos estatutários ou contratuais de sociedades autorizadas a funcionar pelo Banco Central do Brasil.,DEORF,127413,Comunicado,37082,0,Instituição Cooperativa de Crédito de Livre Admissão da Região de Frutal Ltda. - Sicoob  Instituição Fontecred - Sociedade de Crédito Direto S.A. (CNPJ 33.890.605  ,0,2021-04-30T19:53:02Z,30/4/2021 16:53,943
Instrução Normativa BCB N° 104,30/4/2021 15:40,"Altera a Instrução Normativa BCB nº 49, que estabelece os procedimentos necessários para a adesão ao Pix. ",DECEM,51375,Instrução Normativa BCB,104,1,dois ou três níveis que irá atuar como liquidante no SPI da cooperativa singular de crédito filiada à cooperativa central de crédito deve enviar ao Banco Central do Brasil  ,0,2021-04-30T18:40:00Z,30/4/2021 15:40,944
Resolução CMN N° 4.907,29/4/2021 18:03,Define os recursos para os financiamentos ao amparo do Fundo de Defesa da Economia Cafeeira (Funcafé).,SECRE,51372,Resolução CMN,4907,0,"4º e 14 da Lei n  e)
Seção Crédito para Capital de Giro para Indústrias de Café Solúvel e de
Torrefação de Café e para Cooperativa de Produção até R$630.500.000,00
(seiscentos e  ",0,2021-04-29T21:03:00Z,29/4/2021 18:03,945
Resolução CMN N° 4.904,29/4/2021 18:01,"Altera a Seção 4-A do Capítulo 2 (Condições Básicas), a Seção 6 do Capítulo 7 (Encargos Financeiros e Limites de Crédito), as Seções 1 e 9 do Capítulo 10 (Programa Nacional de Fortalecimento da Agricultura Familiar - Pronaf) e a Seção 1 do Capítulo 11 (Programas com Recursos do BNDES) do Manual de Crédito Rural (MCR) de que tratam as Resoluções CMN ns. 4.883, de 23 de dezembro de 2020, 4.899, de 25 de março de 2021, e 4.889, de 26 de fevereiro de 2021.",SECRE,51369,Resolução CMN,4904,0,"e nas condições das Seções Programa de
Capitalização de Cooperativas Agropecuárias (Procap-Agro), Programa de
Desenvolvimento Cooperativo para Agregação de Valor à Produção  ",0,2021-04-29T21:01:00Z,29/4/2021 18:01,946
Comunicado N° 37.072,29/4/2021 16:10,Divulga nome aprovado de pessoas eleitas/nomeadas para cargos de órgãos estatutários ou contratuais de sociedades autorizadas a funcionar pelo Banco Central do Brasil.,DEORF,127403,Comunicado,37072,0,Instituição Cooperativa de Crédito Rural com Interação Solidária de Santa Maria - Cresol  Instituição Cooperativa de Crédito de Livre Admissão de Associados do Planalto Catarinense  ,0,2021-04-29T19:10:42Z,29/4/2021 16:10,947
Comunicado N° 37.068,28/4/2021 17:43,Divulga nome de pessoas com intenção de ocupar cargos de administração em instituições autorizadas a funcionar pelo Banco Central do Brasil.,DEORF,127399,Comunicado,37068,0,Divulga nome de pessoas com intenção de ocupar cargos de administração em instituições  Instituição COOPERATIVA DE CRÉDITO CREDIGUAÇU – SICOOB CREDIGUAÇU (CNPJ 67.960.229  ,0,2021-04-28T20:43:19Z,28/4/2021 17:43,948
Comunicado N° 37.067,28/4/2021 14:35,Divulga nome aprovado de pessoas eleitas/nomeadas para cargos de órgãos estatutários ou contratuais de sociedades autorizadas a funcionar pelo Banco Central do Brasil.,DEORF,127398,Comunicado,37067,0,"Instituição Cooperativa de Crédito, Poupança e Investimento Ouro Verde do Mato Grosso  Instituição Cooperativa de Crédito de Livre Admissão de Goiânia e Microrregiões Ltda  ",0,2021-04-28T17:35:06Z,28/4/2021 14:35,949
Comunicado N° 37.063,27/4/2021 14:19,Divulga nome aprovado de pessoas eleitas/nomeadas para cargos de órgãos estatutários ou contratuais de sociedades autorizadas a funcionar pelo Banco Central do Brasil.,DEORF,127394,Comunicado,37063,0,"Instituição Cooperativa de Crédito, Poupança e Investimento Raízes - Sicredi Raízes RS/SC  Instituição Cooperativa de Crédito, Poupança e Investimento do Sul do Estado de Santa  ",0,2021-04-27T17:19:47Z,27/4/2021 14:19,950
Comunicado N° 37.058,26/4/2021 15:55,Divulga nome aprovado de pessoas eleitas/nomeadas para cargos de órgãos estatutários ou contratuais de sociedades autorizadas a funcionar pelo Banco Central do Brasil.,DEORF,127389,Comunicado,37058,0,Instituição Cooperativa de Crédito com Interação Solidária de Rondônia - Cresol Rondônia  Instituição Central das Cooperativas de Crédito do Nordeste - Sicoob Central NE (CNPJ  ,0,2021-04-26T18:55:57Z,26/4/2021 15:55,951
Instrução Normativa BCB N° 101,26/4/2021 14:44,"Dispõe sobre os procedimentos para a remessa das informações relativas às exposições ao risco de mercado, ao risco de variação das taxas de juros em instrumentos classificados na carteira bancária (IRRBB) e às exposições referentes à apuração dos Ativos Ponderados pelo Risco (RWA) para risco de mercado, utilizados para fins de cálculo dos requerimentos mínimos de Patrimônio de Referência (PR), de Nível I, de Capital Principal e do Adicional de Capital Principal, de que trata a Resolução BCB nº 84, de 31 de março 2021.",DESIG,51365,Instrução Normativa BCB,101,0,"Dispõe sobre os procedimentos para a remessa das informações relativas às exposições ao risco de mercado, ao risco de variação das taxas de juros em instrumentos classificados na  ",0,2021-04-26T17:44:00Z,26/4/2021 14:44,952
Comunicado N° 37.053,23/4/2021 15:42,Divulga nome aprovado de pessoas eleitas/nomeadas para cargos de órgãos estatutários ou contratuais de sociedades autorizadas a funcionar pelo Banco Central do Brasil.,DEORF,127384,Comunicado,37053,0,"Instituição Cooperativa de Crédito com Interação Solidária de Rondônia - Cresol Rondônia  Instituição Cooperativa de Crédito, Poupança e Investimento do Sistema de Justiça no  ",0,2021-04-23T18:42:14Z,23/4/2021 15:42,953
Comunicado N° 37.048,22/4/2021 17:19,Divulga nome de pessoas com intenção de ocupar cargos de administração em instituições autorizadas a funcionar pelo Banco Central do Brasil.,DEORF,127379,Comunicado,37048,0,"Instituição Cooperativa de Crédito, Poupança e Investimento Univales - Sicredi Univales MT  Instituição Cooperativa de Crédito, Poupança e Investimento do Araguaia e Xingu – Sicredi  ",0,2021-04-22T20:19:20Z,22/4/2021 17:19,954
Comunicado N° 37.047,22/4/2021 14:40,Divulga nome aprovado de pessoas eleitas/nomeadas para cargos de órgãos estatutários ou contratuais de sociedades autorizadas a funcionar pelo Banco Central do Brasil.,DEORF,127378,Comunicado,37047,0,Instituição Cooperativa de Crédito de Livre Admissão de Associados São Miguel do Oeste  Instituição Cooperativa de Crédito Rural e Economia com Interação Solidária do Planalto  ,0,2021-04-22T17:40:33Z,22/4/2021 14:40,955
Resolução BCB N° 87,20/4/2021 18:03,Dispõe sobre a consolidação das Seções 6 (Contabilização e Controle) do Capítulo 3 (Operações) e 5 (Cálculo e Cobrança de Custo Financeiro por Deficiência no Cumprimento das Exigibilidades) do Capítulo 6 (Recursos) do Manual de Crédito Rural (MCR) e sobre a revogação das Circulares do Banco Central do Brasil atualmente codificadas no MCR.,SECRE,51360,Resolução BCB,87,0,"Familiar (Pronaf), sob a modalidade de crédito rotativo, devem ser cadastradas
no Sicor pelo valor total do crédito aberto e recadastradas na hipótese de
renovação  ",0,2021-04-20T21:03:00Z,20/4/2021 18:03,956
Comunicado N° 37.040,20/4/2021 14:09,Divulga nome aprovado de pessoas eleitas/nomeadas para cargos de órgãos estatutários ou contratuais de sociedades autorizadas a funcionar pelo Banco Central do Brasil.,DEORF,127371,Comunicado,37040,0,Instituição Cooperativa de Crédito Rural com Interação Solidária Meio-Oeste - Cresol  Instituição Cooperativa de Crédito do Vale do Itajaí e Litoral Catarinense - Sicredi Vale  ,0,2021-04-20T17:09:26Z,20/4/2021 14:09,957
Comunicado N° 37.035,19/4/2021 15:42,Divulga nome aprovado de pessoas eleitas/nomeadas para cargos de órgãos estatutários ou contratuais de sociedades autorizadas a funcionar pelo Banco Central do Brasil.,DEORF,127366,Comunicado,37035,0,"Instituição Cooperativa de Crédito Cecres - Sicoob Cecres (CNPJ 54.603.022  Instituição Cooperativa de Crédito, Poupança e Investimento Valor Sustentável - Sicredi  ",0,2021-04-19T18:42:07Z,19/4/2021 15:42,958
Comunicado N° 37.031,16/4/2021 17:25,Divulga nome de pessoas com intenção de ocupar cargos de administração em instituições autorizadas a funcionar pelo Banco Central do Brasil.,DEORF,127362,Comunicado,37031,0,Divulga nome de pessoas com intenção de ocupar cargos de administração em instituições  Instituição Cooperativa Central de Economia e Crédito Mútuo – Sicoob UniMais (CNPJ 73.085.573  ,0,2021-04-16T20:25:49Z,16/4/2021 17:25,959
Comunicado N° 37.030,16/4/2021 15:43,Divulga nome aprovado de pessoas eleitas/nomeadas para cargos de órgãos estatutários ou contratuais de sociedades autorizadas a funcionar pelo Banco Central do Brasil.,DEORF,127361,Comunicado,37030,0,Instituição Cooperativa de Crédito de Livre Admissão da União dos Vales do Piranga e  Instituição Cooperativa de Crédito Carlos Chagas Ltda. - Sicoob Carlos Chagas (CNPJ  ,0,2021-04-16T18:43:44Z,16/4/2021 15:43,960
Comunicado N° 37.024,15/4/2021 15:29,Divulga nome aprovado de pessoas eleitas/nomeadas para cargos de órgãos estatutários ou contratuais de sociedades autorizadas a funcionar pelo Banco Central do Brasil.,DEORF,127355,Comunicado,37024,0,Instituição Cooperativa de Crédito de Livre Admissão de Associados de Dores do Indaiá Ltda  Instituição Cooperativa de Crédito de Livre Admissão de Conselheiro Pena e Região Ltda  ,0,2021-04-15T18:29:51Z,15/4/2021 15:29,961
Comunicado N° 37.020,14/4/2021 17:43,Divulga nome de pessoas com intenção de ocupar cargos de administração em instituições autorizadas a funcionar pelo Banco Central do Brasil.,DEORF,127351,Comunicado,37020,0,"Instituição Cooperativa de Crédito Coocrelivre – Sicoob Coocrelivre (CNPJ 53.935.029  Instituição Cooperativa de Crédito, Poupança e Investimento do Araguaia e Xingu – Sicredi  ",0,2021-04-14T20:43:35Z,14/4/2021 17:43,962
Comunicado N° 37.018,14/4/2021 17:18,Divulga nome aprovado de pessoas eleitas/nomeadas para cargos de órgãos estatutários ou contratuais de sociedades autorizadas a funcionar pelo Banco Central do Brasil.,DEORF,127349,Comunicado,37018,0,Divulga nome aprovado de pessoas eleitas/nomeadas para cargos de órgãos estatutários ou  Instituição Cooperativa de Crédito Rural dos Agropecuaristas da Região de Porto Feliz  ,0,2021-04-14T20:18:25Z,14/4/2021 17:18,963
Comunicado N° 37.013,13/4/2021 16:48,Divulga nome aprovado de pessoas eleitas/nomeadas para cargos de órgãos estatutários ou contratuais de sociedades autorizadas a funcionar pelo Banco Central do Brasil.,DEORF,127344,Comunicado,37013,0,"Instituição Cooperativa de Crédito, Poupança e Investimento Grandes Lagos do Paraná e  Instituição Cooperativa de Crédito com Interação Solidária de Goiás - Cresol Goiás (CNPJ  ",0,2021-04-13T19:48:46Z,13/4/2021 16:48,964
Comunicado N° 37.008,12/4/2021 17:27,Divulga nome de pessoas com intenção de ocupar cargos de administração em instituições autorizadas a funcionar pelo Banco Central do Brasil.,DEORF,127339,Comunicado,37008,0,"Divulga nome de pessoas com intenção de ocupar cargos de administração em instituições  Instituição Cooperativa de Crédito, Poupança e Investimento da Região dos Vales - Sicredi  ",0,2021-04-12T20:27:07Z,12/4/2021 17:27,965
Comunicado N° 37.007,12/4/2021 14:39,Divulga nome aprovado de pessoas eleitas/nomeadas para cargos de órgãos estatutários ou contratuais de sociedades autorizadas a funcionar pelo Banco Central do Brasil.,DEORF,127338,Comunicado,37007,0,Instituição Cooperativa de Crédito Aliança RS/SC/ES - Sicredi Aliança RS/SC/ES (CNPJ  Instituição Central de Cooperativas de Economia e Crédito Mútuo do Estado do Rio Grande do  ,0,2021-04-12T17:39:33Z,12/4/2021 14:39,966
Comunicado N° 37.002,9/4/2021 14:59,Divulga nome aprovado de pessoas eleitas/nomeadas para cargos de órgãos estatutários ou contratuais de sociedades autorizadas a funcionar pelo Banco Central do Brasil.,DEORF,127333,Comunicado,37002,0,"Instituição Cooperativa de Crédito de Livre Admissão União e Negócios - Sicoob Integração  Instituição Cooperativa de Crédito, Poupança e Investimento de Campo Grande e Região  ",0,2021-04-09T17:59:23Z,9/4/2021 14:59,967
Comunicado N° 36.997,8/4/2021 15:48,Divulga nome aprovado de pessoas eleitas/nomeadas para cargos de órgãos estatutários ou contratuais de sociedades autorizadas a funcionar pelo Banco Central do Brasil.,DEORF,127328,Comunicado,36997,0,"Instituição Cooperativa de Crédito de Livre Admissão do Pontal do Triângulo Ltda. - Sicoob  Instituição Cooperativa de Crédito, Poupança e Investimento Fronteiras do Paraná, Santa  ",0,2021-04-08T18:48:02Z,8/4/2021 15:48,968
Comunicado N° 36.991,7/4/2021 15:51,Divulga nome aprovado de pessoas eleitas/nomeadas para cargos de órgãos estatutários ou contratuais de sociedades autorizadas a funcionar pelo Banco Central do Brasil.,DEORF,127322,Comunicado,36991,0,Instituição Cooperativa de Crédito de Livre Admissão da Região Sudeste de Minas Gerais  Instituição Credisis Credibrás Cooperativa de Crédito e Investimento de Livre Admissão do  ,0,2021-04-07T18:51:50Z,7/4/2021 15:51,969
Comunicado N° 36.987,6/4/2021 17:20,Divulga nome de pessoas com intenção de ocupar cargos de administração em instituições autorizadas a funcionar pelo Banco Central do Brasil.,DEORF,127318,Comunicado,36987,0,"Folha de São Paulo, 5 e 6 de  Instituição Cooperativa de Crédito, Poupança e Investimento do Sul de Mato Grosso  Instituição Cooperativa de Crédito SICOOB COOPMIL (CNPJ 62.673.470  ",0,2021-04-06T20:20:39Z,6/4/2021 17:20,970
Comunicado N° 36.986,6/4/2021 14:46,Divulga nome aprovado de pessoas eleitas/nomeadas para cargos de órgãos estatutários ou contratuais de sociedades autorizadas a funcionar pelo Banco Central do Brasil.,DEORF,127317,Comunicado,36986,0,"Instituição Cooperativa de Crédito, Poupança e Investimento Empreendedores - Sicredi  Instituição Cooperativa de Crédito de Livre Admissão de Associados de Guaramirim - Crevisc  ",0,2021-04-06T17:46:02Z,6/4/2021 14:46,971
Comunicado N° 36.981,5/4/2021 16:08,Divulga nome aprovado de pessoas eleitas/nomeadas para cargos de órgãos estatutários ou contratuais de sociedades autorizadas a funcionar pelo Banco Central do Brasil.,DEORF,127312,Comunicado,36981,0,"Instituição Cooperativa de Crédito, Poupança e Investimento Fronteiras do Paraná, Santa  Instituição Cooperativa de Crédito, Poupança e Investimento União Paraná/São Paulo  ",0,2021-04-05T19:08:19Z,5/4/2021 16:08,972
Resolução BCB N° 84,31/3/2021 18:01,"Consolida os procedimentos para a remessa de informações relativas às exposições ao risco de mercado, ao risco de variação das taxas de juros em instrumentos classificados na carteira bancária (IRRBB) e às exposições referentes à apuração dos Ativos Ponderados pelo Risco (RWA) para risco de mercado, utilizados para fins de cálculo dos requerimentos mínimos de Patrimônio de Referência (PR), de Nível I, de Capital Principal e do Adicional de Capital Principal.",SECRE,51350,Resolução BCB,84,0,"III - pelos bancos
cooperativos, pelas confederações de crédito, pelas  de serviço
constituídas por cooperativas centrais de crédito ou pelas cooperativas
centrais de crédito, em  ",0,2021-03-31T21:01:00Z,31/3/2021 18:01,973
Comunicado N° 36.974,31/3/2021 17:39,Divulga nome de pessoas com intenção de ocupar cargos de administração em instituições autorizadas a funcionar pelo Banco Central do Brasil.,DEORF,127305,Comunicado,36974,0,Divulga nome de pessoas com intenção de ocupar cargos de administração em instituições  Instituição Cooperativa de Crédito de Livre Admissão da Região Sudeste de Minas Gerais  ,0,2021-03-31T20:39:23Z,31/3/2021 17:39,974
Comunicado N° 36.973,31/3/2021 15:39,Divulga nome aprovado de pessoas eleitas/nomeadas para cargos de órgãos estatutários ou contratuais de sociedades autorizadas a funcionar pelo Banco Central do Brasil.,DEORF,127304,Comunicado,36973,0,"Instituição Cooperativa de Crédito de Livre Admissão da Região de Frutal Ltda. - Sicoob  Instituição Cooperativa de Crédito, Poupança e Investimento União Paraná/São Paulo  ",0,2021-03-31T18:39:44Z,31/3/2021 15:39,975
Comunicado N° 36.963,30/3/2021 16:11,Divulga nome aprovado de pessoas eleitas/nomeadas para cargos de órgãos estatutários ou contratuais de sociedades autorizadas a funcionar pelo Banco Central do Brasil.,DEORF,127294,Comunicado,36963,0,Instituição Cooperativa de Crédito e Investimento de Livre Admissão Agroempresarial  Instituição Cooperativa de Crédito de Livre Admissão de Associados do Meio Oeste  ,0,2021-03-30T19:11:34Z,30/3/2021 16:11,976
Comunicado N° 36.957,26/3/2021 18:15,Divulga nome de pessoas com intenção de ocupar cargos de administração em instituições autorizadas a funcionar pelo Banco Central do Brasil.,DEORF,127288,Comunicado,36957,0,"Divulga nome de pessoas com intenção de ocupar cargos de administração em instituições  Instituição Cooperativa de Crédito, Poupança e Investimento Vanguarda da Região das  ",0,2021-03-26T21:15:35Z,26/3/2021 18:15,977
Comunicado N° 36.953,26/3/2021 16:20,Divulga nome aprovado de pessoas eleitas/nomeadas para cargos de órgãos estatutários ou contratuais de sociedades autorizadas a funcionar pelo Banco Central do Brasil.,DEORF,127284,Comunicado,36953,0,"Instituição Cooperativa de Crédito e Investimento de Livre Admissão Agroempresarial  Instituição Cooperativa de Crédito, Poupança e Investimento Sicredi Evolução - Sicredi  ",0,2021-03-26T19:20:45Z,26/3/2021 16:20,978
Resolução CMN N° 4.902,25/3/2021 18:04,"Dispõe sobre a consolidação dos dispositivos atualmente inseridos no Capítulo 16 do Manual de Crédito Rural (MCR), acerca do Programa de Garantia da Atividade Agropecuária (Proagro).",SECRE,51346,Resolução CMN,4902,0,"Autarquia pelo diretor responsável pela
área de crédito rural do agente do programa e/ou a  3 - Podem ser beneficiários do Proagro os produtores rurais e suas
cooperativas  ",0,2021-03-25T21:04:00Z,25/3/2021 18:04,979
Resolução CMN N° 4.901,25/3/2021 18:03,"Dispõe sobre a consolidação dos dispositivos atualmente inseridos no Capítulo 6 do Manual de Crédito Rural (MCR), acerca dos recursos do crédito rural.",SECRE,51345,Resolução CMN,4901,0,"b)
os das Operações Oficiais de Crédito  sua aplicação só é considerada crédito rural quando
observadas a legislação aplicável ao crédito rural e as normas estabelecidas
neste  ",0,2021-03-25T21:03:00Z,25/3/2021 18:03,980
Resolução CMN N° 4.900,25/3/2021 18:02,"Dispõe sobre a consolidação dos dispositivos atualmente inseridos nos Capítulos 4, 5, 7 e 12 do Manual de Crédito Rural (MCR), acerca de finalidades e instrumentos especiais da política agrícola.",SECRE,51344,Resolução CMN,4900,0,"9º da Lei nº 4.595, de  II -
o Capítulo 5 (Créditos a Cooperativas de Produção Agropecuária  a) se a operação for
realizada com cooperativa que atue na atividade de beneficiamento ou  ",0,2021-03-25T21:02:00Z,25/3/2021 18:02,981
Resolução BCB N° 80,25/3/2021 18:01,"Disciplina a constituição e o funcionamento das instituições de pagamento, estabelece os parâmetros para ingressar com pedidos de autorização de funcionamento por parte dessas instituições e dispõe sobre a prestação de serviços de pagamento por outras instituições autorizadas a funcionar pelo Banco Central do Brasil.",SECRE,51341,Resolução BCB,80,0,"Disciplina a constituição e o funcionamento das instituições de pagamento, estabelece os parâmetros para ingressar com pedidos de autorização de funcionamento por parte dessas  ",0,2021-03-25T21:01:00Z,25/3/2021 18:01,982
Resolução CMN N° 4.899,25/3/2021 18:01,"Consolida as disposições relativas aos encargos financeiros e aos limites de crédito no Capítulo 7 (Encargos Financeiros e Limites de Crédito) do Manual de Crédito Rural (MCR), em conformidade com o disposto no art. 5º do Decreto nº 10.139, de 28 de novembro de 2019.",SECRE,51342,Resolução CMN,4899,0,"R E S O L V E  que trata o item 1 e o limite de crédito do Programa Nacional de Apoio ao
  Médio Produtor Rural - Pronamp (MCR 7-4).
   
  
 
  
  Créditos de Investimento (MCR 3-3  ",0,2021-03-25T21:01:00Z,25/3/2021 18:01,983
Comunicado N° 36.947,25/3/2021 16:26,Divulga nome aprovado de pessoas eleitas/nomeadas para cargos de órgãos estatutários ou contratuais de sociedades autorizadas a funcionar pelo Banco Central do Brasil.,DEORF,127278,Comunicado,36947,0,Instituição Sicoob Unimais Mantiqueira - Cooperativa de Crédito de Livre Admissão (CNPJ 71.698.674  ,0,2021-03-25T19:26:52Z,25/3/2021 16:26,984
Comunicado N° 36.936,24/3/2021 17:27,Divulga nome de pessoas com intenção de ocupar cargos de administração em instituições autorizadas a funcionar pelo Banco Central do Brasil.,DEORF,127267,Comunicado,36936,0,"Divulga nome de pessoas com intenção de ocupar cargos de administração em instituições  Instituição Cooperativa de Crédito, Poupança e Investimento Ouro Verde do Mato Grosso  ",0,2021-03-24T20:27:24Z,24/3/2021 17:27,985
Comunicado N° 36.934,24/3/2021 14:45,Divulga nome aprovado de pessoas eleitas/nomeadas para cargos de órgãos estatutários ou contratuais de sociedades autorizadas a funcionar pelo Banco Central do Brasil.,DEORF,127265,Comunicado,36934,0,Instituição Cooperativa de Crédito e Economia com Interação Solidária de Formosa do Sul  Instituição Cooperativa de Crédito de Livre Admissão da Região Sul do Maranhão - Sicredi  ,0,2021-03-24T17:45:14Z,24/3/2021 14:45,986
Comunicado N° 36.929,23/3/2021 15:59,Divulga nome aprovado de pessoas eleitas/nomeadas para cargos de órgãos estatutários ou contratuais de sociedades autorizadas a funcionar pelo Banco Central do Brasil.,DEORF,127260,Comunicado,36929,0,Instituição Cooperativa de Economia e Crédito Mútuo dos Empregados do Grupo Algar e  Instituição Cooperativa de Crédito da Região do Contestado - CIVIA (CNPJ 10.218.474  ,0,2021-03-23T18:59:16Z,23/3/2021 15:59,987
Comunicado N° 36.928,23/3/2021 09:52,Divulga nome aprovado de pessoas eleitas/nomeadas para cargos de órgãos estatutários ou contratuais de sociedades autorizadas a funcionar pelo Banco Central do Brasil.,DEORF,127259,Comunicado,36928,0,Instituição Central das Cooperativas de Crédito Unicoob - Sicoob Central Unicoob (CNPJ  Instituição Cooperativa de Crédito no Piauí - Sicoob Piauí (CNPJ 05.477.038  ,0,2021-03-23T12:52:59Z,23/3/2021 09:52,988
Comunicado N° 36.926,22/3/2021 18:19,Divulga nome de pessoas com intenção de ocupar cargos de administração em instituições autorizadas a funcionar pelo Banco Central do Brasil.,DEORF,127257,Comunicado,36926,0,Divulga nome de pessoas com intenção de ocupar cargos de administração em instituições  Instituição Cooperativa de Crédito Aliança RS/SC - Sicredi Aliança RS/SC (CNPJ 87.795.639  ,0,2021-03-22T21:19:09Z,22/3/2021 18:19,989
Comunicado N° 36.916,19/3/2021 17:18,Divulga nome aprovado de pessoas eleitas/nomeadas para cargos de órgãos estatutários ou contratuais de sociedades autorizadas a funcionar pelo Banco Central do Brasil.,DEORF,127248,Comunicado,36916,0,Instituição Cooperativa de Crédito Clássica dos Funcionários e Prestadores de Serviços das  Instituição Cooperativa de Crédito de Livre Admissão Ltda. - Sicoob Credijustra (CNPJ  ,0,2021-03-19T20:18:30Z,19/3/2021 17:18,990
Comunicado N° 36.899,17/3/2021 17:49,Divulga nome de pessoas com intenção de ocupar cargos de administração em instituições autorizadas a funcionar pelo Banco Central do Brasil.,DEORF,127231,Comunicado,36899,0,"Divulga nome de pessoas com intenção de ocupar cargos de administração em instituições  Instituição Cooperativa de Crédito, Poupança e Investimento de Campo Grande e Região  ",0,2021-03-17T20:49:07Z,17/3/2021 17:49,991
Comunicado N° 36.897,17/3/2021 16:25,Divulga nome aprovado de pessoas eleitas/nomeadas para cargos de órgãos estatutários ou contratuais de sociedades autorizadas a funcionar pelo Banco Central do Brasil.,DEORF,127229,Comunicado,36897,0,Instituição Banco Cooperativo Sicoob S.A. - Banco Sicoob (CNPJ 02.038.232  Instituição Cooperativa de Crédito Sicredi Pernambucred (CNPJ 04.146.333  ,0,2021-03-17T19:25:43Z,17/3/2021 16:25,992
Comunicado N° 36.891,16/3/2021 14:40,Divulga nome aprovado de pessoas eleitas/nomeadas para cargos de órgãos estatutários ou contratuais de sociedades autorizadas a funcionar pelo Banco Central do Brasil.,DEORF,127223,Comunicado,36891,0,Instituição Cooperativa de Crédito de Livre Admissão de Conselheiro Pena e Região Ltda  Instituição Credisis - Central de Cooperativas de Crédito Ltda. (CNPJ 04.632.856  ,0,2021-03-16T17:40:08Z,16/3/2021 14:40,993
Comunicado N° 36.871,11/3/2021 16:55,Divulga nome aprovado de pessoas eleitas/nomeadas para cargos de órgãos estatutários ou contratuais de sociedades autorizadas a funcionar pelo Banco Central do Brasil.,DEORF,127203,Comunicado,36871,0,Divulga nome aprovado de pessoas eleitas/nomeadas para cargos de órgãos estatutários ou  Instituição Cooperativa de Crédito dos Empresários de Manaus - Sicoob Credempresas AM  ,0,2021-03-11T19:55:22Z,11/3/2021 16:55,994
Comunicado N° 36.863,10/3/2021 15:28,Divulga nome aprovado de pessoas eleitas/nomeadas para cargos de órgãos estatutários ou contratuais de sociedades autorizadas a funcionar pelo Banco Central do Brasil.,DEORF,127194,Comunicado,36863,0,Instituição Cooperativa de Economia e Crédito Mútuo dos Servidores Municipais da Região  Instituição Cooperativa Central de Crédito - Ailos (CNPJ 05.463.212  ,0,2021-03-10T18:28:07Z,10/3/2021 15:28,995
Instrução Normativa BCB N° 85,10/3/2021 10:43,"Estabelece os procedimentos para a remessa das informações relativas às apurações de limites e padrões regulamentares de que trata o art. 3º da Resolução BCB nº 69, de 10 de fevereiro de 2021.",DESIG,51330,Instrução Normativa BCB,85,0,"III - operações de crédito com partes relacionadas, em relação às
instituições financeiras  aos limites e padrões
regulamentares da totalidade das cooperativas integrantes de   ",0,2021-03-10T13:43:00Z,10/3/2021 10:43,996
Comunicado N° 36.856,9/3/2021 17:58,Divulga nome de pessoas com intenção de ocupar cargos de administração em instituições autorizadas a funcionar pelo Banco Central do Brasil.,DEORF,127187,Comunicado,36856,0,"Instituição PORTOCRED S.A. CRÉDITO, FINANCIAMENTO E INVESTIMENTO (CNPJ 01.800.019  Instituição COOPERATIVA DE CRÉDITO, POUPANÇA E INVESTIMENTO ALIANÇA – SICREDI ALIANÇA PR  ",0,2021-03-09T20:58:01Z,9/3/2021 17:58,997
Comunicado N° 36.850,8/3/2021 15:55,Divulga nome aprovado de pessoas eleitas/nomeadas para cargos de órgãos estatutários ou contratuais de sociedades autorizadas a funcionar pelo Banco Central do Brasil.,DEORF,127181,Comunicado,36850,0,Instituição Cooperativa de Crédito e Investimento do Sudoeste de Rondônia Ltda. - Credisis  Instituição Cooperativa de Economia e Crédito Mútuo dos Trabalhadores Portuários da Grande  ,0,2021-03-08T18:55:34Z,8/3/2021 15:55,998
Comunicado N° 36.846,5/3/2021 17:22,Divulga nome de pessoas com intenção de ocupar cargos de administração em instituições autorizadas a funcionar pelo Banco Central do Brasil.,DEORF,127176,Comunicado,36846,0,"Instituição Cooperativa de Crédito, Poupança e Investimento Terra dos Pinheirais do Paraná  Instituição COOPERATIVA DE CRÉDITO, POUPANÇA E INVESTIMENTO SUL RIOGRANDENSE – SICREDI  ",0,2021-03-05T20:22:05Z,5/3/2021 17:22,999
Comunicado N° 36.845,5/3/2021 14:26,Divulga nome aprovado de pessoas eleitas/nomeadas para cargos de órgãos estatutários ou contratuais de sociedades autorizadas a funcionar pelo Banco Central do Brasil.,DEORF,127175,Comunicado,36845,0,Instituição Cooperativa de Crédito Mútuo de Livre Admissão da Região Administrativa de  Instituição Cooperativa de Crédito de Livre Admissão da Grande Teresina e Microrregiões de  ,0,2021-03-05T17:26:15Z,5/3/2021 14:26,1000
Comunicado N° 36.840,4/3/2021 16:10,Divulga nome aprovado de pessoas eleitas/nomeadas para cargos de órgãos estatutários ou contratuais de sociedades autorizadas a funcionar pelo Banco Central do Brasil.,DEORF,127170,Comunicado,36840,0,"Divulga nome aprovado de pessoas eleitas/nomeadas para cargos de órgãos estatutários ou  Instituição Cooperativa Central de Crédito, Poupança e Investimento do Norte/Nordeste  ",0,2021-03-04T19:10:08Z,4/3/2021 16:10,1001
Comunicado N° 36.835,3/3/2021 16:39,Divulga nome aprovado de pessoas eleitas/nomeadas para cargos de órgãos estatutários ou contratuais de sociedades autorizadas a funcionar pelo Banco Central do Brasil.,DEORF,127165,Comunicado,36835,0,Instituição Credilon Sociedade de Crédito ao Microempreendedor da Região de Londrina Ltda  Instituição Cooperativa de Economia e Crédito Mútuo dos Servidores do Poder Executivo  ,0,2021-03-03T19:39:07Z,3/3/2021 16:39,1002
Comunicado N° 36.827,2/3/2021 16:06,Divulga nome aprovado de pessoas eleitas/nomeadas para cargos de órgãos estatutários ou contratuais de sociedades autorizadas a funcionar pelo Banco Central do Brasil.,DEORF,127157,Comunicado,36827,0,Instituição Cooperativa de Economia e Crédito Mútuo dos Funcionários da Abril (CNPJ  Instituição Cooperativa de Crédito dos Servidores Públicos Municipais da Grande Vitória/ES  ,0,2021-03-02T19:06:24Z,2/3/2021 16:06,1003
Comunicado N° 36.815,1/3/2021 16:36,Divulga nome aprovado de pessoas eleitas/nomeadas para cargos de órgãos estatutários ou contratuais de sociedades autorizadas a funcionar pelo Banco Central do Brasil.,DEORF,127145,Comunicado,36815,0,"Instituição Cooperativa de Crédito, Poupança e Investimento Valor Sustentável - Sicredi  Instituição Egoncred - Sociedade de Crédito ao Microempreendedor e à Empresa de Pequeno  ",0,2021-03-01T19:36:22Z,1/3/2021 16:36,1004
Resolução CMN N° 4.894,26/2/2021 14:08,"Prorroga as medidas de caráter emergencial de que trata a Resolução nº 4.810, de 30 de abril de 2020, aplicáveis aos procedimentos relativos à concessão, ao controle e à fiscalização das operações de crédito rural, em decorrência das medidas de distanciamento social adotadas para mitigar os impactos da pandemia provocada pela Covid-19.",SECRE,51324,Resolução CMN,4894,0,"R E S O L V E U  nos repasses do BNDES às
cooperativas singulares e cooperativas centrais de crédito credenciadas para
aplicação nas linhas de crédito de custeio do Pronaf.Art  ",0,2021-02-26T17:08:00Z,26/2/2021 14:08,1005
Resolução CMN N° 4.893,26/2/2021 14:06,Dispõe sobre a política de segurança cibernética e sobre os requisitos para a contratação de serviços de processamento e armazenamento de dados e de computação em nuvem a serem observados pelas instituições autorizadas a funcionar pelo Banco Central do Brasil.,SECRE,51323,Resolução CMN,4893,0,"Resolução CMN nº 5.117/2024 - Alteração, a partir de 1º/3/2024 - Nova redação: art  Lei Complementar nº 130/2009, art  RESOLUÇÃO CMN
Nº 4.893, DE 26  II - sistema cooperativo
de crédito  ",0,2021-02-26T17:06:00Z,26/2/2021 14:06,1006
Resolução CMN N° 4.889,26/2/2021 14:03,"Dispõe sobre a consolidação do Capítulo 8 (Programa Nacional de Apoio ao Médio Produtor Rural - Pronamp), do Capítulo 9 (Fundo de Defesa da Economia Cafeeira - Funcafé), do Capítulo 10 (Programa Nacional de Fortalecimento da Agricultura Familiar - Pronaf) e do Capítulo 11 (Programas com Recursos do BNDES) do Manual de Crédito Rural (MCR), em conformidade com o disposto no art. 5º do Decreto nº 10.139, de 28 de novembro de 2019.",SECRE,51319,Resolução CMN,4889,0,"5º do Decreto nº 10.139, de 28 de  do reembolso de operações de crédito destinadas
ao custeio agrícola, observado o disposto na Seção Créditos de Custeio do
Capítulo Operações  ",0,2021-02-26T17:03:00Z,26/2/2021 14:03,1007
Resolução CMN N° 4.890,26/2/2021 14:03,"Concede prazo adicional de reembolso do crédito de custeio pecuário para retenção de matrizes bovinas de leite e autoriza a contratação de Financiamento para Garantia de Preços ao Produtor (FGPP), ao amparo de Recursos Obrigatórios, para o beneficiamento e industrialização de leite.",SECRE,51320,Resolução CMN,4890,0,"d) é permitido que mais de
um beneficiário do crédito de que trata este artigo adquira a  quando forem contratadas por cooperativas constituídas por
beneficiários do Programa  ",0,2021-02-26T17:03:00Z,26/2/2021 14:03,1008
Comunicado N° 36.795,25/2/2021 14:25,Divulga nome aprovado de pessoas eleitas/nomeadas para cargos de órgãos estatutários ou contratuais de sociedades autorizadas a funcionar pelo Banco Central do Brasil.,DEORF,127125,Comunicado,36795,0,Instituição Cooperativa de Economia e Crédito Mútuo Sicoob Cred-Acilpa (CNPJ 09.004.796  Instituição Cooperativa de Crédito de Livre Admissão e dos Advogados Ltda - Sicoob  ,0,2021-02-25T17:25:53Z,25/2/2021 14:25,1009
Comunicado N° 36.789,24/2/2021 17:42,Divulga nome de pessoas com intenção de ocupar cargos de administração em instituições autorizadas a funcionar pelo Banco Central do Brasil.,DEORF,127119,Comunicado,36789,0,Instituição Uniprime Norte do Paraná – Cooperativa de Crédito Ltda (CNPJ 02.398.976  Instituição Cooperativa de Crédito e Investimento de Livre Admissão Agroempresarial  ,0,2021-02-24T20:42:06Z,24/2/2021 17:42,1010
Comunicado N° 36.788,24/2/2021 15:32,Divulga nome aprovado de pessoas eleitas/nomeadas para cargos de órgãos estatutários ou contratuais de sociedades autorizadas a funcionar pelo Banco Central do Brasil.,DEORF,127118,Comunicado,36788,0,"Instituição Cooperativa de Crédito de Livre Admissão de Itaúna e Região Ltda. - Sicoob  Instituição Cooperativa de Crédito, Poupança e Investimento Campos Gerais - Sicredi Campos  ",0,2021-02-24T18:32:30Z,24/2/2021 15:32,1011
Instrução Normativa BCB N° 81,23/2/2021 17:06,"Consolida os procedimentos para a remessa das informações relativas às apurações de limites e padrões regulamentares de que trata o art. 1º da Resolução BCB nº 69, de 10 de fevereiro de 2021.",DESIG,51314,Instrução Normativa BCB,81,0,"Consolida os procedimentos para a remessa  V -
operações de crédito com órgãos e entidades do setor público, de que trata a
Resolução  f) do
Limite de Crédito ao Setor Público (LCSP  ",0,2021-02-23T20:06:00Z,23/2/2021 17:06,1012
Comunicado N° 36.783,23/2/2021 11:29,Divulga nome aprovado de pessoas eleitas/nomeadas para cargos de órgãos estatutários ou contratuais de sociedades autorizadas a funcionar pelo Banco Central do Brasil.,DEORF,127113,Comunicado,36783,0,Divulga nome aprovado de pessoas eleitas/nomeadas para cargos de órgãos estatutários ou  Instituição Cooperativa de Crédito do Noroeste de Minas Ltda. - Sicoob Noroeste de Minas  ,0,2021-02-23T14:29:45Z,23/2/2021 11:29,1013
Comunicado N° 36.778,22/2/2021 17:27,Divulga nome aprovado de pessoas eleitas/nomeadas para cargos de órgãos estatutários ou contratuais de sociedades autorizadas a funcionar pelo Banco Central do Brasil.,DEORF,127108,Comunicado,36778,0,Uniprime Central - Central Interestadual de Cooperativas de Crédito Ltda. (CNPJ 03.046.391  Instituição Listo Sociedade de Crédito Direto S.A. (CNPJ 34.088.029  ,0,2021-02-22T20:27:49Z,22/2/2021 17:27,1014
Comunicado N° 36.768,19/2/2021 15:31,Divulga nome aprovado de pessoas eleitas/nomeadas para cargos de órgãos estatutários ou contratuais de sociedades autorizadas a funcionar pelo Banco Central do Brasil.,DEORF,127098,Comunicado,36768,0,Divulga nome aprovado de pessoas eleitas/nomeadas para cargos de órgãos estatutários ou contratuais de  Instituição Sicredi Expansão - Cooperativa de Crédito (CNPJ 41.180.092  ,0,2021-02-19T18:31:29Z,19/2/2021 15:31,1015
Comunicado N° 36.762,18/2/2021 15:48,Divulga nome aprovado de pessoas eleitas/nomeadas para cargos de órgãos estatutários ou contratuais de sociedades autorizadas a funcionar pelo Banco Central do Brasil.,DEORF,127092,Comunicado,36762,0,"Divulga nome aprovado de pessoas eleitas/nomeadas para cargos de órgãos estatutários ou  Instituição Cooperativa de Crédito, Poupança e Investimento Fronteiras do Paraná, Santa  ",0,2021-02-18T18:48:44Z,18/2/2021 15:48,1016
Comunicado N° 36.760,17/2/2021 17:06,Divulga nome de pessoas com intenção de ocupar cargos de administração em instituições autorizadas a funcionar pelo Banco Central do Brasil.,DEORF,127090,Comunicado,36760,0,Divulga nome de pessoas com intenção de ocupar cargos de administração em instituições  Instituição Cooperativa Central de Economia e Crédito Mútuo – Sicoob UniMais (CNPJ 73.085.573  ,0,2021-02-17T20:06:03Z,17/2/2021 17:06,1017
Comunicado N° 36.759,17/2/2021 16:36,Divulga nome aprovado de pessoas eleitas/nomeadas para cargos de órgãos estatutários ou contratuais de sociedades autorizadas a funcionar pelo Banco Central do Brasil.,DEORF,127088,Comunicado,36759,0,"Instituição Cooperativa de Crédito do Centro-Sul Mineiro Ltda. - Sicoob Centro-Sul Mineiro  Instituição Cooperativa de Crédito, Poupança e Investimento da Alta Noroeste de São Paulo  ",0,2021-02-17T19:36:12Z,17/2/2021 16:36,1018
Comunicado N° 36.749,11/2/2021 16:35,Divulga nome aprovado de pessoas eleitas/nomeadas para cargos de órgãos estatutários ou contratuais de sociedades autorizadas a funcionar pelo Banco Central do Brasil.,DEORF,127078,Comunicado,36749,0,Instituição Cooperativa de Crédito de Livre Admissão de Santa Cruz das Palmeiras e Região  Instituição Cooperativa de Crédito do Vale do Itajaí e Litoral Catarinense - Sicredi Vale  ,0,2021-02-11T19:35:05Z,11/2/2021 16:35,1019
Instrução Normativa BCB N° 77,11/2/2021 10:05,"Estabelece procedimentos relativos ao envio de documentos e informações, de respostas a exigências e de interposição de recursos, à formalização de exigências, à comunicação da decisão e às demais comunicações relacionadas com a instrução e com o exame de processos de autorização conduzidos pelo Departamento de Organização do Sistema Financeiro (Deorf), e dá outras providências.",DEORF,51305,Instrução Normativa BCB,77,0,"Estabelece procedimentos relativos ao envio de documentos e informações, de respostas a exigências e de interposição de recursos, à formalização de exigências, à comunicação da  ",0,2021-02-11T13:05:00Z,11/2/2021 10:05,1020
Resolução BCB N° 69,10/2/2021 18:13,Altera e consolida os procedimentos para a remessa de informações relativas à apuração dos limites e padrões regulamentares que especifica.,SECRE,51304,Resolução BCB,69,0,"III - pelos bancos
cooperativos, pelas confederações de crédito, pelas  de serviço constituídas por
cooperativas centrais de crédito ou pelas cooperativas centrais de crédito, em  ",0,2021-02-10T21:13:00Z,10/2/2021 18:13,1021
Comunicado N° 36.739,9/2/2021 14:40,Divulga nome aprovado de pessoas eleitas/nomeadas para cargos de órgãos estatutários ou contratuais de sociedades autorizadas a funcionar pelo Banco Central do Brasil.,DEORF,127068,Comunicado,36739,0,Divulga nome aprovado de pessoas eleitas/nomeadas para cargos de órgãos estatutários ou  Instituição Cooperativa de Crédito Mútuo dos Servidores Públicos Municipais de Jaboticabal  ,0,2021-02-09T17:40:46Z,9/2/2021 14:40,1022
Comunicado N° 36.734,8/2/2021 16:07,Divulga nome aprovado de pessoas eleitas/nomeadas para cargos de órgãos estatutários ou contratuais de sociedades autorizadas a funcionar pelo Banco Central do Brasil.,DEORF,127064,Comunicado,36734,0,"Instituição Sicoob Credinova - Cooperativa de Crédito de Livre Admissão de Nova Serrana e  Instituição Cooperativa de Crédito, Poupança e Investimento Vanguarda da Região das  ",0,2021-02-08T19:07:35Z,8/2/2021 16:07,1023
Comunicado N° 36.725,4/2/2021 17:03,Divulga nome aprovado de pessoas eleitas/nomeadas para cargos de órgãos estatutários ou contratuais de sociedades autorizadas a funcionar pelo Banco Central do Brasil.,DEORF,127055,Comunicado,36725,0,Instituição Cooperativa de Crédito de Pimenta Ltda. - Sicoob Credipimenta (CNPJ 42.934.794  Instituição Cooperativa de Economia e Crédito Mútuo dos Empregados do Grupo Algar e  ,0,2021-02-04T20:03:37Z,4/2/2021 17:03,1024
Comunicado N° 36.720,3/2/2021 14:51,Divulga nome aprovado de pessoas eleitas/nomeadas para cargos de órgãos estatutários ou contratuais de sociedades autorizadas a funcionar pelo Banco Central do Brasil.,DEORF,127050,Comunicado,36720,0,Divulga nome aprovado de pessoas eleitas/nomeadas para cargos de órgãos estatutários  Instituição Cooperativa Central de Economia e Crédito Mútuo - Sicoob Unimais (CNPJ 73.085.573  ,0,2021-02-03T17:51:30Z,3/2/2021 14:51,1025
Comunicado N° 36.715,2/2/2021 14:04,Divulga nome aprovado de pessoas eleitas/nomeadas para cargos de órgãos estatutários ou contratuais de sociedades autorizadas a funcionar pelo Banco Central do Brasil.,DEORF,127045,Comunicado,36715,0,Instituição Banco Cooperativo do Brasil S.A. - Bancoob (CNPJ 02.038.232  Instituição Cooperativa de Crédito do Norte de Rondônia Ltda. - Credisis Crediari (CNPJ  ,0,2021-02-02T17:04:47Z,2/2/2021 14:04,1026
Comunicado N° 36.703,29/1/2021 14:14,Divulga nome aprovado de pessoas eleitas/nomeadas para cargos de órgãos estatutários ou contratuais de sociedades autorizadas a funcionar pelo Banco Central do Brasil.,DEORF,127033,Comunicado,36703,0,Instituição Cooperativa de Economia e Crédito Mútuo dos Servidores da Administração  Instituição Cooperativa de Crédito Rural e Economia com Interação Solidária de Jacutinga  ,0,2021-01-29T17:14:52Z,29/1/2021 14:14,1027
Resolução CMN N° 4.887,28/1/2021 18:00,Dispõe sobre auditoria cooperativa das cooperativas de crédito.,SECRE,51296,Resolução CMN,4887,0,"R E S O L V E U  Esta Resolução dispõe sobre auditoria
cooperativa das cooperativas singulares de crédito, das cooperativas centrais
de crédito e das confederações de centrais  ",0,2021-01-28T21:00:00Z,28/1/2021 18:00,1028
Comunicado N° 36.692,28/1/2021 17:08,Divulga nome aprovado de pessoas eleitas/nomeadas para cargos de órgãos estatutários ou contratuais de sociedades autorizadas a funcionar pelo Banco Central do Brasil.,DEORF,127022,Comunicado,36692,0,Instituição Cooperativa de Crédito e Investimentos do Acre - Sicoob Acre (CNPJ 03.528.402  Instituição Cooperativa de Economia e Crédito Mútuo dos Funcionários do Grupo Progresso  ,0,2021-01-28T20:08:22Z,28/1/2021 17:08,1029
Resolução CMN N° 4.886,28/1/2021 18:00,"Ajusta regras aplicáveis à linha de financiamento para atendimento a cooperados, de que trata a Seção 2 (Atendimento a Cooperados) do Capítulo 5 (Créditos a Cooperativas de Produção Agropecuária) do Manual de Crédito Rural (MCR).",SECRE,51295,Resolução CMN,4886,1,a Cooperados) do Capítulo 5 (Créditos a Cooperativas de Produção Agropecuária) do Manual de Crédito Rural (MCR  ,0,2021-01-28T20:00:00Z,28/1/2021 18:00,1030
Comunicado N° 36.683,26/1/2021 16:35,Divulga nome aprovado de pessoas eleitas/nomeadas para cargos de órgãos estatutários ou contratuais de sociedades autorizadas a funcionar pelo Banco Central do Brasil.,DEORF,127013,Comunicado,36683,0,"Instituição Coopecredi Guariba - Cooperativa de Crédito (CNPJ 44.469.161  Instituição Cooperativa de Economia e Crédito Mútuo dos Servidores da CNC, Sesc e Senac  ",0,2021-01-26T19:35:25Z,26/1/2021 16:35,1031
Comunicado N° 36.667,21/1/2021 16:11,Divulga nome aprovado de pessoas eleitas/nomeadas para cargos de órgãos estatutários ou contratuais de sociedades autorizadas a funcionar pelo Banco Central do Brasil.,DEORF,126996,Comunicado,36667,0,Instituição Cooperativa de Crédito Mútuo dos Empregados em Instituições do Sistema  Instituição Cooperativa de Crédito com Interação Solidária Norte Paranaense - Cresol Norte  ,0,2021-01-21T19:11:53Z,21/1/2021 16:11,1032
Comunicado N° 36.659,20/1/2021 16:41,Divulga nome aprovado de pessoas eleitas/nomeadas para cargos de órgãos estatutários ou contratuais de sociedades autorizadas a funcionar pelo Banco Central do Brasil.,DEORF,126988,Comunicado,36659,0,Instituição Cooperativa de Crédito de São Francisco de Sales Ltda. - Sicoob Credisales  Instituição Central das Cooperativas de Crédito do Nordeste - Sicoob Central NE (CNPJ  ,0,2021-01-20T19:41:43Z,20/1/2021 16:41,1033
Comunicado N° 36.653,19/1/2021 16:01,Divulga nome aprovado de pessoas eleitas/nomeadas para cargos de órgãos estatutários ou contratuais de sociedades autorizadas a funcionar pelo Banco Central do Brasil.,DEORF,126982,Comunicado,36653,0,"Divulga nome aprovado de pessoas eleitas/nomeadas para cargos de órgãos estatutários ou  Instituição Cooperativa de Crédito, Poupança e Investimento do Sul de Mato Grosso  ",0,2021-01-19T19:01:27Z,19/1/2021 16:01,1034
Comunicado N° 36.649,18/1/2021 18:00,Divulga nome de pessoas com intenção de ocupar cargos de administração em instituições autorizadas a funcionar pelo Banco Central do Brasil.,DEORF,126978,Comunicado,36649,0,"Divulga nome de pessoas com intenção de ocupar cargos de administração em instituições  Instituição COOPERATIVA DE CRÉDITO, POUPANÇA E INVESTIMENTO ALIANÇA – SICREDI ALIANÇA PR  ",0,2021-01-18T21:00:25Z,18/1/2021 18:00,1035
Comunicado N° 36.648,18/1/2021 16:36,Divulga nome aprovado de pessoas eleitas/nomeadas para cargos de órgãos estatutários ou contratuais de sociedades autorizadas a funcionar pelo Banco Central do Brasil.,DEORF,126977,Comunicado,36648,0,Instituição Cooperativa de Crédito de Livre Admissão do Centro-Norte Goiano (CNPJ  Instituição Coopsebram - Cooperativa de Economia e Crédito Ltda. (CNPJ 02.321.862  ,0,2021-01-18T19:36:37Z,18/1/2021 16:36,1036
Comunicado N° 36.642,15/1/2021 17:38,Divulga nome de pessoas com intenção de ocupar cargos de administração em instituições autorizadas a funcionar pelo Banco Central do Brasil.,DEORF,126971,Comunicado,36642,0,Divulga nome de pessoas com intenção de ocupar cargos de administração em instituições  Instituição Cooperativa de Crédito do Vale do Itajaí e Litoral Catarinense – Sicredi Vale  ,0,2021-01-15T20:38:04Z,15/1/2021 17:38,1037
Comunicado N° 36.630,13/1/2021 15:44,Divulga nome aprovado de pessoas eleitas/nomeadas para cargos de órgãos estatutários ou contratuais de sociedades autorizadas a funcionar pelo Banco Central do Brasil.,DEORF,126959,Comunicado,36630,0,Instituição Cooperativa de Crédito com Interação Solidária de Goiás - Cresol Goiás (CNPJ  Instituição Cooperativa de Crédito Sicoob Ipê - Sicoob Ipê (CNPJ 24.610.065  ,0,2021-01-13T18:44:53Z,13/1/2021 15:44,1038
Comunicado N° 36.618,11/1/2021 15:43,Divulga nome aprovado de pessoas eleitas/nomeadas para cargos de órgãos estatutários ou contratuais de sociedades autorizadas a funcionar pelo Banco Central do Brasil.,DEORF,126947,Comunicado,36618,0,Instituição Cooperativa Central de Crédito do Rio de Janeiro Ltda. (CNPJ 14.568.725  ,0,2021-01-11T18:43:54Z,11/1/2021 15:43,1039
Comunicado N° 36.613,8/1/2021 15:00,Divulga nome aprovado de pessoas eleitas/nomeadas para cargos de órgãos estatutários ou contratuais de sociedades autorizadas a funcionar pelo Banco Central do Brasil.,DEORF,126942,Comunicado,36613,0,Divulga nome aprovado de pessoas eleitas/nomeadas para cargos de órgãos estatutários ou contratuais de  Instituição Cooperativa de Crédito Rural Ascoob Sisal (CNPJ 63.229.629  ,0,2021-01-08T18:00:27Z,8/1/2021 15:00,1040
Comunicado N° 36.608,7/1/2021 17:06,Divulga nome aprovado de pessoas eleitas/nomeadas para cargos de órgãos estatutários ou contratuais de sociedades autorizadas a funcionar pelo Banco Central do Brasil.,DEORF,126937,Comunicado,36608,0,Instituição Cooperativa de Crédito de Livre Admissão do Circuito das Águas - Sicoob  Instituição Cooperativa de Crédito do Vale do São Francisco - Sicredi Vale do São  ,0,2021-01-07T20:06:41Z,7/1/2021 17:06,1041
Comunicado N° 36.598,5/1/2021 16:31,Divulga nome aprovado de pessoas eleitas/nomeadas para cargos de órgãos estatutários ou contratuais de sociedades autorizadas a funcionar pelo Banco Central do Brasil.,DEORF,126927,Comunicado,36598,0,Instituição Cooperativa de Crédito Rural com Interação Solidária de Sarandi - Cresol  Instituição Cooperativa de Crédito Rural de Ibiam - Sulcredi/Ibiam (CNPJ 08.240.446  ,0,2021-01-05T19:31:53Z,5/1/2021 16:31,1042
Instrução Normativa BCB N° 69,5/1/2021 11:04,"Divulga relação das instituições financeiras pertencentes ao ""Grupo A"" e ao ""Grupo B"", para fins do recolhimento compulsório sobre recursos à vista.",DEBAN,51284,Instrução Normativa BCB,69,1,"S.A. 
Banco Clássico S.A. 
Banco Cooperativo do Brasil S.A. - Bancoob 
Banco Cooperativo Sicredi S.A. 
Banco Crédit Agricole Brasil  ",0,2021-01-05T13:04:00Z,5/1/2021 11:04,1043
Instrução Normativa BCB N° 68,5/1/2021 09:04,"Altera a Instrução Normativa BCB nº 49, que estabelece os procedimentos necessários para a adesão ao Pix.",DECEM,51283,Instrução Normativa BCB,68,1,"dois ou três níveis que irá atuar como liquidante no
SPI da cooperativa singular de crédito filiada a cooperativa central de crédito
deve enviar ao Banco Central do Brasil  ",0,2021-01-05T11:04:00Z,5/1/2021 09:04,1044
Comunicado N° 36.592,4/1/2021 15:52,"Divulga intenção de cancelar a autorização para funcionamento da Cooperativa de Crédito Rural do Agreste Central Alagoano Ltda. - COOPCRAL, em consonância com o disposto no artigo 49, incisos I, III e IV e § 1º, inciso III, da Resolução nº 4.434, de 5 de agosto de 2015.",DEORF,126921,Comunicado,36592,0,a autorização para funcionamento da Cooperativa de Crédito Rural do Agreste Central Alagoano Ltda  ,0,2021-01-04T18:52:45Z,4/1/2021 15:52,1045
Comunicado N° 36.588,31/12/2020 11:09,Divulga nome aprovado de pessoas eleitas/nomeadas para cargos de órgãos estatutários ou contratuais de sociedades autorizadas a funcionar pelo Banco Central do Brasil.,DEORF,126917,Comunicado,36588,0,Divulga nome aprovado de pessoas eleitas/nomeadas para cargos de órgãos estatutários ou  Instituição Cooperativa de Economia e Crédito Mútuo dos Médicos do Planalto Médio do Rio  ,0,2020-12-31T14:09:40Z,31/12/2020 11:09,1046
Comunicado N° 36.579,30/12/2020 14:17,Divulga nome aprovado de pessoas eleitas/nomeadas para cargos de órgãos estatutários ou contratuais de sociedades autorizadas a funcionar pelo Banco Central do Brasil.,DEORF,126908,Comunicado,36579,0,Instituição Cooperativa de Crédito de Livre Admissão de Capitólio Ltda. - Sicoob Credicapi  Instituição Central das Cooperativas de Crédito do Nordeste - Sicoob Central NE (CNPJ  ,0,2020-12-30T17:17:27Z,30/12/2020 14:17,1047
Comunicado N° 36.575,29/12/2020 14:40,Divulga nome aprovado de pessoas eleitas/nomeadas para cargos de órgãos estatutários ou contratuais de sociedades autorizadas a funcionar pelo Banco Central do Brasil.,DEORF,126904,Comunicado,36575,0,Divulga nome aprovado de pessoas eleitas/nomeadas para cargos de órgãos estatutários ou  Instituição Cooperativa de Economia e Crédito Mútuo dos Membros do Ministério Público de  ,0,2020-12-29T17:40:03Z,29/12/2020 14:40,1048
Comunicado N° 36.564,24/12/2020 09:49,Divulga nome aprovado de pessoas eleitas/nomeadas para cargos de órgãos estatutários ou contratuais de sociedades autorizadas a funcionar pelo Banco Central do Brasil.,DEORF,126893,Comunicado,36564,0,Instituição Cooperativa de Crédito Rural com Interação Solidária de Ibiraiaras - Cresol  Instituição Cooperativa de Crédito Mútuo dos Policiais Federais e Servidores da União no  ,0,2020-12-24T12:49:23Z,24/12/2020 09:49,1049
Resolução CMN N° 4.879,23/12/2020 18:12,Dispõe sobre a atividade de auditoria interna nas instituições autorizadas a funcionar pelo Banco Central do Brasil.,SECRE,51271,Resolução CMN,4879,0,"da
atividade de auditoria interna nas cooperativas de crédito, sociedades
corretoras de títulos e valores  ",0,2020-12-23T21:12:00Z,23/12/2020 18:12,1050
Resolução CMN N° 4.878,23/12/2020 18:11,Dispõe sobre a política de sucessão de administradores das instituições autorizadas a funcionar pelo Banco Central do Brasil.,SECRE,51270,Resolução CMN,4878,0,"II - às sociedades de crédito direto  política de sucessão de
administradores das cooperativas de crédito deve ser aprovada pela assembleia
geral  ",0,2020-12-23T21:11:00Z,23/12/2020 18:11,1051
Resolução CMN N° 4.883,23/12/2020 17:17,"Dispõe sobre a consolidação dos dispositivos inseridos nos Capítulos 1, 2 e 3 do Manual de Crédito Rural (MCR), acerca de princípios, conceitos básicos e operação aplicáveis ao crédito rural.",SECRE,51275,Resolução CMN,4883,0,"TÍTULO
CRÉDITO RURAL  em comum acordo e em maior escala, na cooperativa central de
crédito ou na confederação de cooperativas centrais de crédito a que é filiada  ",0,2020-12-23T20:17:00Z,23/12/2020 17:17,1052
Comunicado N° 36.553,22/12/2020 15:08,Divulga nome aprovado de pessoas eleitas/nomeadas para cargos de órgãos estatutários ou contratuais de sociedades autorizadas a funcionar pelo Banco Central do Brasil.,DEORF,126882,Comunicado,36553,0,"Instituição Cooperativa de Crédito de Livre Admissão da Região de Divinópolis Ltda  Instituição Cooperativa Economia Crédito Mútuo Servidores Poder Judiciário, Tribunal  ",0,2020-12-22T18:08:24Z,22/12/2020 15:08,1053
Comunicado N° 36.548,21/12/2020 16:46,Divulga nome aprovado de pessoas eleitas/nomeadas para cargos de órgãos estatutários ou contratuais de sociedades autorizadas a funcionar pelo Banco Central do Brasil.,DEORF,126877,Comunicado,36548,0,Instituição Cooperativa de Economia e Crédito Mútuo dos Servidores da Ascar/Emater-RS Ltda  Instituição Cooperativa de Economia e Crédito Mútuo dos Servidores do Poder Executivo  ,0,2020-12-21T19:46:39Z,21/12/2020 16:46,1054
Comunicado N° 36.544,18/12/2020 16:53,Divulga nome aprovado de pessoas eleitas/nomeadas para cargos de órgãos estatutários ou contratuais de sociedades autorizadas a funcionar pelo Banco Central do Brasil.,DEORF,126873,Comunicado,36544,0,Instituição Cooperativa de Crédito de Livre Admissão do Triângulo Mineiro e Sudeste de  Instituição Cooperativa de Crédito de Livre Admissão da Grande Goiânia Ltda. (CNPJ  ,0,2020-12-18T19:53:42Z,18/12/2020 16:53,1055
Comunicado N° 36.542,18/12/2020 16:30,Divulga nome de pessoas com intenção de ocupar cargos de administração em instituições autorizadas a funcionar pelo Banco Central do Brasil.,DEORF,126871,Comunicado,36542,0,Divulga nome de pessoas com intenção de ocupar cargos de administração em instituições  Instituição Cooperativa de Crédito de Livre Admissão da Região de Guariba (CNPJ 44.469.161  ,0,2020-12-18T19:30:44Z,18/12/2020 16:30,1056
Instrução Normativa BCB N° 59,16/12/2020 17:17,"Divulga procedimentos para aferição do cumprimento da exigibilidade de aplicação de depósitos à vista, captados pelas instituições financeiras, em operações de microcrédito produtivo orientado, e estabelece procedimentos para a remessa de informações relativas às mencionadas operações.",DEBAN,51259,Instrução Normativa BCB,59,0,"rubricas &quot;9.0.9.67.29-4      Créditos Captados por Cooperativas e
SCMEPP – Outros&quot; e &quot;9.0.9.67.20-1 Créditos Captados por Cooperativas
e SCMEPP – Aplicação Imediata&quot;, do Cosif e  ",0,2020-12-16T20:17:00Z,16/12/2020 17:17,1057
Comunicado N° 36.526,16/12/2020 15:24,Divulga nome aprovado de pessoas eleitas/nomeadas para cargos de órgãos estatutários ou contratuais de sociedades autorizadas a funcionar pelo Banco Central do Brasil.,DEORF,126855,Comunicado,36526,0,Divulga nome aprovado de pessoas eleitas/nomeadas para cargos de órgãos estatutários ou  Instituição Cooperativa de Economia e Crédito Mútuo dos Funcionários da FMC Ltda. (CNPJ  ,0,2020-12-16T18:24:15Z,16/12/2020 15:24,1058
Resolução BCB N° 51,16/12/2020 10:01,Estabelece procedimentos para autorização e cancelamento de autorização de débitos em conta.,SECRE,51252,Resolução BCB,51,0,"Estabelece procedimentos para autorização e cancelamento de autorização de débitos em conta  referentes ao pagamento de operações de crédito ou de arrendamento
mercantil financeiro  ",0,2020-12-16T13:01:00Z,16/12/2020 10:01,1059
Resolução BCB N° 56,16/12/2020 09:07,Disciplina o processo de preparação e elaboração do Relatório de Economia Bancária (REB).,SECRE,51257,Resolução BCB,56,0,"e serviços do SFN, entre eles crédito e
produtos cambiais, estrutura do SFN, perfil dos  XI - Departamento de
Supervisão de Cooperativas e de Instituições Não Bancárias (Desuc  ",0,2020-12-16T12:07:00Z,16/12/2020 09:07,1060
Resolução BCB N° 55,16/12/2020 08:05,Aprova o Regulamento do Sistema Especial de Liquidação e de Custódia (Selic).,SECRE,51256,Resolução BCB,55,0,"Aprova o Regulamento do Sistema Especial de Liquidação e de Custódia (Selic  Resolução BCB nº 129/2021 - Alteração no Regulamento anexo - Nova redação: arts  2º, incisos I e II; 29  ",0,2020-12-16T11:05:00Z,16/12/2020 08:05,1061
Comunicado N° 36.521,15/12/2020 15:36,Divulga nome aprovado de pessoas eleitas/nomeadas para cargos de órgãos estatutários ou contratuais de sociedades autorizadas a funcionar pelo Banco Central do Brasil.,DEORF,126850,Comunicado,36521,0,Divulga nome aprovado de pessoas eleitas/nomeadas para cargos de órgãos estatutários ou  Instituição Cooperativa de Economia e Crédito Mútuo dos Empresários de Praia Grande e  ,0,2020-12-15T18:36:44Z,15/12/2020 15:36,1062
Comunicado N° 36.517,14/12/2020 16:32,Divulga nome aprovado de pessoas eleitas/nomeadas para cargos de órgãos estatutários ou contratuais de sociedades autorizadas a funcionar pelo Banco Central do Brasil.,DEORF,126846,Comunicado,36517,0,Instituição Cooperativa de Crédito de Livre Admissão de Ceres e Rialma Ltda. (CNPJ  Instituição Cooperativa de Crédito e Investimentos do Acre - Sicoob Acre (CNPJ 03.528.402  ,0,2020-12-14T19:32:57Z,14/12/2020 16:32,1063
Comunicado N° 36.508,11/12/2020 14:33,Divulga nome aprovado de pessoas eleitas/nomeadas para cargos de órgãos estatutários ou contratuais de sociedades autorizadas a funcionar pelo Banco Central do Brasil.,DEORF,126837,Comunicado,36508,0,"Instituição Cooperativa de Crédito Mútuo dos Servidores de Órgãos Gestores de Recursos  Instituição Cooperativa de Crédito, Poupança e Serviços Financeiros do Centro-Oeste (CNPJ  ",0,2020-12-11T17:33:52Z,11/12/2020 14:33,1064
Comunicado N° 36.490,8/12/2020 14:38,Divulga nome aprovado de pessoas eleitas/nomeadas para cargos de órgãos estatutários ou contratuais de sociedades autorizadas a funcionar pelo Banco Central do Brasil.,DEORF,126818,Comunicado,36490,0,Divulga nome aprovado de pessoas eleitas/nomeadas para cargos de órgãos estatutários ou  Instituição Cooperativa de Economia e Crédito Mútuo dos Funcionários da Nakata (CNPJ  ,0,2020-12-08T17:38:12Z,8/12/2020 14:38,1065
Comunicado N° 36.486,7/12/2020 17:49,Divulga nome de pessoas com intenção de ocupar cargos de administração em instituições autorizadas a funcionar pelo Banco Central do Brasil.,DEORF,126814,Comunicado,36486,0,"Instituição Cooperativa Central de Economia e Crédito Mutuo – Sicoob UniMais (CNPJ 73.085.573  Instituição Crefisa S.A. – Crédito, Financiamento e Investimentos (CNPJ 60779196  ",0,2020-12-07T20:49:48Z,7/12/2020 17:49,1066
Comunicado N° 36.484,7/12/2020 15:28,Divulga nome aprovado de pessoas eleitas/nomeadas para cargos de órgãos estatutários ou contratuais de sociedades autorizadas a funcionar pelo Banco Central do Brasil.,DEORF,126811,Comunicado,36484,0,Instituição Cooperativa de Crédito Credimota - Sicoob Credimota (CNPJ 66.788.142  Instituição Cooperativa de Economia e Crédito Mútuo dos Servidores Municipais do Sul  ,0,2020-12-07T18:28:09Z,7/12/2020 15:28,1067
Instrução Normativa BCB N° 54,7/12/2020 09:41,"Consolida os procedimentos para a remessa de demonstrações financeiras individuais e consolidadas, anuais, semestrais e intermediárias, para fins de constituição da Central de Demonstrações Financeiras do Sistema Financeiro Nacional, de que trata a Resolução BCB nº 2, de 12 de agosto de 2020.",DESIG,51244,Instrução Normativa BCB,54,1,"Consolida os procedimentos para a remessa de demonstrações financeiras individuais e consolidadas, anuais, semestrais e intermediárias, para fins de constituição da Central de  ",0,2020-12-07T12:41:00Z,7/12/2020 09:41,1068
Comunicado N° 36.480,4/12/2020 17:23,"Divulga o rol de instituições participantes obrigatórias do Open Banking, bem como valores relativos ao patrimônio líquido e de seu conglomerado prudencial, conforme o caso, para fins do custeio das atividades de manutenção da estrutura inicial responsável pela governança do processo de implementação no País do Open Banking.",DENOR,126807,Comunicado,36480,0,"Divulga o rol de instituições participantes obrigatórias do Open Banking, bem como valores relativos  BV FINANCEIRA S.A. - CRÉDITO, FINANCIAMENTO E INVESTIMENTO
    
   
   1149953  ",0,2020-12-04T20:23:57Z,4/12/2020 17:23,1069
Comunicado N° 36.478,4/12/2020 14:47,Divulga nome aprovado de pessoas eleitas/nomeadas para cargos de órgãos estatutários ou contratuais de sociedades autorizadas a funcionar pelo Banco Central do Brasil.,DEORF,126805,Comunicado,36478,0,Instituição Cooperativa de Economia e Crédito Mútuo dos Empregados da Companhia Brasileira  Instituição Cooperativa de Crédito União Centro-Oeste Ltda. - Sicoob União Centro-Oeste  ,0,2020-12-04T17:47:10Z,4/12/2020 14:47,1070
Comunicado N° 36.471,3/12/2020 16:38,Divulga nome aprovado de pessoas eleitas/nomeadas para cargos de órgãos estatutários ou contratuais de sociedades autorizadas a funcionar pelo Banco Central do Brasil.,DEORF,126798,Comunicado,36471,0,Instituição Uniprime Centro-Oeste do Brasil - Cooperativa de Crédito (CNPJ 73.647.935  Instituição Servicoop - Cooperativa de Crédito dos Servidores Públicos Estaduais do Rio  ,0,2020-12-03T19:38:53Z,3/12/2020 16:38,1071
Comunicado N° 36.467,2/12/2020 16:09,Divulga nome aprovado de pessoas eleitas/nomeadas para cargos de órgãos estatutários ou contratuais de sociedades autorizadas a funcionar pelo Banco Central do Brasil.,DEORF,126794,Comunicado,36467,0,Instituição Cooperativa de Crédito Rural com Interação Solidária de Rondônia - Cresol  Instituição Servicoop - Cooperativa de Crédito dos Servidores Públicos Estaduais do Rio  ,0,2020-12-02T19:09:13Z,2/12/2020 16:09,1072
Comunicado N° 36.461,1/12/2020 18:07,Divulga nome aprovado de pessoas eleitas/nomeadas para cargos de órgãos estatutários ou contratuais de sociedades autorizadas a funcionar pelo Banco Central do Brasil.,DEORF,126788,Comunicado,36461,0,"Instituição Cooperativa de Crédito, Poupança e Investimento do Rio de Janeiro - Sicredi  Instituição Cooperativa de Crédito Rural Ascoob Itapicuru - Ascoob Itapicuru (CNPJ  ",0,2020-12-01T21:07:00Z,1/12/2020 18:07,1073
Instrução Normativa BCB N° 52,1/12/2020 15:07,"Altera a redação das Cartas Circulares nº 3.850 e 3.853, ambas de 19 de dezembro de 2017, que detalham rubricas contábeis a serem utilizadas na apuração do Patrimônio de Referência Simplificado (PRS5) e no cálculo da parcela dos ativos ponderados pelo risco na forma simplificada (RWAS5) no que se refere ao risco de crédito, respectivamente.",DEREG,51242,Instrução Normativa BCB,52,0,"o valor da conta 1.8.8.25.30-1 - Créditos Tributários -MP 992 e
o somatório das contas 3.0  Recursos Transferidos para Bancos Cooperativos, Confederações
ou Cooperativas Centrais  ",0,2020-12-01T18:07:00Z,1/12/2020 15:07,1074
Instrução Normativa BCB N° 51,1/12/2020 15:02,"Altera a redação das Cartas Circulares nº 3.850 e 3.853, ambas de 19 de dezembro de 2017, que detalham rubricas contábeis a serem utilizadas na apuração do Patrimônio de Referência Simplificado (PRS5) e no cálculo da parcela dos ativos ponderados pelo risco na forma simplificada (RWAS5) no que se refere ao risco de crédito, respectivamente.",DEREG,51241,Instrução Normativa BCB,51,0,"o valor da conta 1.8.8.25.30-1 - Créditos Tributários -MP 992 e o somatório das contas 3.0  Recursos Transferidos para Bancos Cooperativos, Confederações ou Cooperativas Centrais  ",1,2020-12-01T18:02:00Z,1/12/2020 15:02,1075
Comunicado N° 36.459,1/12/2020 10:09,Divulga nome aprovado de pessoas eleitas/nomeadas para cargos de órgãos estatutários ou contratuais de sociedades autorizadas a funcionar pelo Banco Central do Brasil.,DEORF,126786,Comunicado,36459,0,Instituição Cooperativa de Crédito Mútuo dos Servidores Municipais de São João da Boa  Instituição Cooperativa de Crédito Rural de Pequenos Agricultores e da Reforma Agrária do  ,0,2020-12-01T13:09:20Z,1/12/2020 10:09,1076
Comunicado N° 36.447,27/11/2020 15:20,Divulga nome aprovado de pessoas eleitas/nomeadas para cargos de órgãos estatutários ou contratuais de sociedades autorizadas a funcionar pelo Banco Central do Brasil.,DEORF,126774,Comunicado,36447,0,Instituição Cooperativa de Crédito Clássica dos Funcionários e Prestadores de Serviços das  Instituição Cooperativa de Crédito de Livre Admissão de Pernambuco - Sicoob Pernambuco  ,0,2020-11-27T18:20:01Z,27/11/2020 15:20,1077
Resolução CMN N° 4.872,27/11/2020 14:02,Dispõe sobre os critérios gerais para o registro contábil do patrimônio líquido das instituições autorizadas a funcionar pelo Banco Central do Brasil.,SECRE,51239,Resolução CMN,4872,0,"neste Capítulo não
se aplica às cooperativas de crédito, que devem observar o disposto no Capítulo
III  ",0,2020-11-27T17:02:00Z,27/11/2020 14:02,1078
Resolução CMN N° 4.868,27/11/2020 09:00,Remaneja recursos das linhas de financiamento ao amparo do Fundo de Defesa da Economia Cafeeira (Funcafé).,SECRE,51234,Resolução CMN,4868,1,"da Economia Cafeeira –
Funcafé) do Manual de Crédito Rural (MCR) passa a vigorar com as  f)
Financiamento de Capital de Giro para Cooperativas de Produção e para Indústria
de Café  ",0,2020-11-27T12:00:00Z,27/11/2020 09:00,1079
Comunicado N° 36.442,26/11/2020 15:53,Divulga nome aprovado de pessoas eleitas/nomeadas para cargos de órgãos estatutários ou contratuais de sociedades autorizadas a funcionar pelo Banco Central do Brasil.,DEORF,126769,Comunicado,36442,0,Instituição Cooperativa de Crédito de Livre Admissão da Região do Alto São Francisco Ltda  Instituição Cooperativa de Crédito Rural do Sertão Alagoano - Ascoob Cocreal (CNPJ  ,0,2020-11-26T18:53:58Z,26/11/2020 15:53,1080
Instrução Normativa BCB N° 49,25/11/2020 16:10,Estabelece os procedimentos necessários para a adesão ao Pix.,DECEM,51233,Instrução Normativa BCB,49,1,Estabelece os procedimentos necessários para a adesão ao Pix  Instrução Normativa BCB nº 55/2020 - Nova redação aos Anexos III e IV  Instrução Normativa BCB nº 68/2021 - Inclusão do  ,0,2020-11-25T18:10:00Z,25/11/2020 16:10,1081
Comunicado N° 36.434,24/11/2020 17:14,Divulga nome aprovado de pessoas eleitas/nomeadas para cargos de órgãos estatutários ou contratuais de sociedades autorizadas a funcionar pelo Banco Central do Brasil.,DEORF,126761,Comunicado,36434,0,"Instituição Cooperativa de Crédito de Guapé Ltda. - Sicoob Crediguapé (CNPJ 71.009.237  Instituição Cooperativa de Crédito dos Magistrados, Servidores da Justiça do Estado de  ",0,2020-11-24T20:14:06Z,24/11/2020 17:14,1082
Comunicado N° 36.426,23/11/2020 16:56,Divulga nome aprovado de pessoas eleitas/nomeadas para cargos de órgãos estatutários ou contratuais de sociedades autorizadas a funcionar pelo Banco Central do Brasil.,DEORF,126753,Comunicado,36426,0,Instituição Cooperativa de Crédito Rural dos Fornecedores de Cana da Região de Catanduva  Instituição Cooperativa de Crédito de Servidores Públicos Cooperplan Ltda. - Sicoob  ,0,2020-11-23T19:56:02Z,23/11/2020 16:56,1083
Comunicado N° 36.422,20/11/2020 15:43,Divulga nome aprovado de pessoas eleitas/nomeadas para cargos de órgãos estatutários ou contratuais de sociedades autorizadas a funcionar pelo Banco Central do Brasil.,DEORF,126749,Comunicado,36422,0,Instituição Cooperativa de Crédito do Médio Sul Baiano Ltda. - Sicoob Costa do  Instituição Cooperativa de Crédito Rural Ascoob Coopec - Ascoob Coopec (CNPJ 09.244.973  ,0,2020-11-20T18:43:23Z,20/11/2020 15:43,1084
Comunicado N° 36.412,19/11/2020 16:11,Divulga nome aprovado de pessoas eleitas/nomeadas para cargos de órgãos estatutários ou contratuais de sociedades autorizadas a funcionar pelo Banco Central do Brasil.,DEORF,126739,Comunicado,36412,0,Instituição Cooperativa de Crédito dos Empregados da Companhia Industrial Cataguases e da  Instituição Cooperativa de Crédito do Médio Sul Baiano Ltda. - Sicoob Costa do  ,0,2020-11-19T19:11:51Z,19/11/2020 16:11,1085
Comunicado N° 36.408,18/11/2020 17:15,Divulga nome aprovado de pessoas eleitas/nomeadas para cargos de órgãos estatutários ou contratuais de sociedades autorizadas a funcionar pelo Banco Central do Brasil.,DEORF,126735,Comunicado,36408,0,Instituição Cooperativa de Crédito Mútuo dos Servidores da Assembleia Legislativa do  Instituição Cooperativa de Economia e Crédito Mútuo BRF - CrediBRF (CNPJ 82.096.447  ,0,2020-11-18T20:15:08Z,18/11/2020 17:15,1086
Comunicado N° 36.400,17/11/2020 15:36,Divulga nome aprovado de pessoas eleitas/nomeadas para cargos de órgãos estatutários ou contratuais de sociedades autorizadas a funcionar pelo Banco Central do Brasil.,DEORF,126727,Comunicado,36400,0,"Instituição Cooperativa de Crédito, Poupança e Investimento do Sul de Mato Grosso  Instituição Cooperativa de Economia e Crédito Mútuo dos Médicos e Demais Profissionais da  ",0,2020-11-17T18:36:40Z,17/11/2020 15:36,1087
Comunicado N° 36.394,16/11/2020 16:30,Divulga nome aprovado de pessoas eleitas/nomeadas para cargos de órgãos estatutários ou contratuais de sociedades autorizadas a funcionar pelo Banco Central do Brasil.,DEORF,126721,Comunicado,36394,0,"Instituição Cooperativa de Crédito de Livre Admissão do Triângulo Mineiro e Sudeste de  Instituição Cooperativa de Crédito, Investimento e Serviços Financeiros Sicoob Uni Sudeste  ",0,2020-11-16T19:30:45Z,16/11/2020 16:30,1088
Comunicado N° 36.387,13/11/2020 16:10,Divulga nome aprovado de pessoas eleitas/nomeadas para cargos de órgãos estatutários ou contratuais de sociedades autorizadas a funcionar pelo Banco Central do Brasil.,DEORF,126714,Comunicado,36387,0,Divulga nome aprovado de pessoas eleitas/nomeadas para cargos de órgãos estatutários ou contratuais  Instituição Cooperativa de Crédito de Livre Admissão Sul Maranhense - Sicoob Sul  ,0,2020-11-13T19:10:13Z,13/11/2020 16:10,1089
Comunicado N° 36.383,12/11/2020 16:30,Divulga nome aprovado de pessoas eleitas/nomeadas para cargos de órgãos estatutários ou contratuais de sociedades autorizadas a funcionar pelo Banco Central do Brasil.,DEORF,126710,Comunicado,36383,0,Instituição Cooperativa de Economia e Crédito Mútuo dos Funcionários da Companhia Paulista  Instituição Cooperativa de Crédito de Livre Admissão de Associados - Sicoob Credicaru SC  ,0,2020-11-12T19:30:26Z,12/11/2020 16:30,1090
Instrução Normativa BCB N° 43,12/11/2020 14:56,"Estabelece o formato, a periodicidade e as informações a serem prestadas pelos participantes do Pix nas transações ocorridas no período de 16 de novembro de 2020 a 31 de dezembro de 2020 e estabelece prazos para implementação do Pix Cobrança.",DECEM,51217,Instrução Normativa BCB,43,0,"Estabelece o formato, a periodicidade e as informações a serem prestadas pelos  2º  No caso de cooperativas singulares de crédito que sejam
participantes indiretas no Sistema  ",0,2020-11-12T17:56:00Z,12/11/2020 14:56,1091
Comunicado N° 36.377,11/11/2020 16:25,Divulga nome aprovado de pessoas eleitas/nomeadas para cargos de órgãos estatutários ou contratuais de sociedades autorizadas a funcionar pelo Banco Central do Brasil.,DEORF,126703,Comunicado,36377,0,Instituição Cooperativa de Crédito de Livre Admissão da Região de Frutal Ltda. - Sicoob  Instituição Cooperativa de Crédito do Servidor Federal e de Empresas Ltda. - Sicoob  ,0,2020-11-11T19:25:15Z,11/11/2020 16:25,1092
Comunicado N° 36.373,10/11/2020 15:53,Divulga nome aprovado de pessoas eleitas/nomeadas para cargos de órgãos estatutários ou contratuais de sociedades autorizadas a funcionar pelo Banco Central do Brasil.,DEORF,126699,Comunicado,36373,0,Instituição Cooperativa de Crédito com Interação Solidária Oeste Catarinense - Cresol  Instituição Cooperativa de Economia e Crédito Mútuo dos Médicos de Porto Alegre Ltda  ,0,2020-11-10T18:53:39Z,10/11/2020 15:53,1093
Comunicado N° 36.366,9/11/2020 17:13,Divulga nome aprovado de pessoas eleitas/nomeadas para cargos de órgãos estatutários ou contratuais de sociedades autorizadas a funcionar pelo Banco Central do Brasil.,DEORF,126692,Comunicado,36366,0,Instituição Cooperativa de Crédito Rural - Credicana (CNPJ 44.373.041  Instituição Cooperativa de Crédito Mútuo dos Micros e Pequenos Empresários e  ,0,2020-11-09T20:13:54Z,9/11/2020 17:13,1094
Comunicado N° 36.360,6/11/2020 15:37,Divulga nome aprovado de pessoas eleitas/nomeadas para cargos de órgãos estatutários ou contratuais de sociedades autorizadas a funcionar pelo Banco Central do Brasil.,DEORF,126686,Comunicado,36360,0,Instituição Cooperativa de Crédito da Região de Araxá Ltda. - Sicoob Crediara (CNPJ  Instituição Cooperativa de Crédito com Interação Solidária de Minas Gerais - Cresol Minas  ,0,2020-11-06T18:37:07Z,6/11/2020 15:37,1095
Comunicado N° 36.356,5/11/2020 16:02,Divulga nome aprovado de pessoas eleitas/nomeadas para cargos de órgãos estatutários ou contratuais de sociedades autorizadas a funcionar pelo Banco Central do Brasil.,DEORF,126682,Comunicado,36356,0,"Instituição Cooperativa de Crédito, Poupança e Investimento Encosta Superior do Nordeste  Instituição Cooperativa de Crédito Clássica dos Empregados da Vale S.A.e Entidades  ",0,2020-11-05T19:02:57Z,5/11/2020 16:02,1096
Instrução Normativa BCB N° 41,5/11/2020 15:32,"Estabelece cronograma de testes homologatórios de integração que deve ser observado pelas instituições financeiras, instituições credenciadoras e subcredenciadoras e entidades registradoras para a realização das operações e atividades de que tratam a Resolução nº 4.734 e a Circular nº 3.952, ambas de 27 de junho de 2019.",DENOR,51214,Instrução Normativa BCB,41,0,"Estabelece cronograma de testes homologatórios de integração que deve ser observado pelas instituições financeiras, instituições credenciadoras e subcredenciadoras e entidades  ",0,2020-11-05T18:32:00Z,5/11/2020 15:32,1097
Comunicado N° 36.351,4/11/2020 17:07,Divulga nome aprovado de pessoas eleitas/nomeadas para cargos de órgãos estatutários ou contratuais de sociedades autorizadas a funcionar pelo Banco Central do Brasil.,DEORF,126677,Comunicado,36351,0,Instituição Cooperativa de Crédito e Economia com Interação Solidária de Vitor Meireles  Instituição Cooperativa de Crédito de Livre Admissão de Associados Auriverde - Sicoob  ,0,2020-11-04T20:07:18Z,4/11/2020 17:07,1098
Comunicado N° 36.346,3/11/2020 16:57,Divulga nome aprovado de pessoas eleitas/nomeadas para cargos de órgãos estatutários ou contratuais de sociedades autorizadas a funcionar pelo Banco Central do Brasil.,DEORF,126672,Comunicado,36346,0,Instituição Cooperativa de Crédito de Livre Admissão de Associados de Dores do Indaiá Ltda  Instituição Cooperativa de Crédito de Livre Admissão do Centro-Sul Goiano Ltda. (CNPJ  ,0,2020-11-03T19:57:54Z,3/11/2020 16:57,1099
Instrução Normativa BCB N° 39,3/11/2020 15:40,Cria e altera rubricas contábeis no Plano Contábil das Instituições do Sistema Financeiro Nacional.,DENOR,51210,Instrução Normativa BCB,39,1,"Cosif - Crédito Tributário Overhedge - Cta  no
encerramento do exercício social das cooperativas de crédito, conforme previsto
no § 1º do art  ",0,2020-11-03T18:40:00Z,3/11/2020 15:40,1100
Resolução BCB N° 30,29/10/2020 18:01,"Altera a Resolução BCB nº 19, de 1º de outubro de 2020, e o Regulamento anexo à Resolução BCB nº 1, de 12 de agosto de 2020, que disciplina o funcionamento do arranjo de pagamentos Pix.",SECRE,51198,Resolução BCB,30,0,"de pagamento ao usuário recebedor for uma cooperativa singular
de crédito filiada a uma cooperativa central de crédito, o  ",0,2020-10-29T21:01:00Z,29/10/2020 18:01,1101
Resolução BCB N° 31,29/10/2020 18:01,Aprova o Manual de Penalidades do Pix.,SECRE,51199,Resolução BCB,31,1,"Aprova o Manual de Penalidades do Pix  Resolução BCB nº 177/2021 - Revogação total  Publicada no DOU de 3/11/2020, Seção 1, p. 444/445  Cita Resolução CMN nº 4.553/2017  R E S O L V E  ",0,2020-10-29T21:01:00Z,29/10/2020 18:01,1102
Comunicado N° 36.331,29/10/2020 17:00,Divulga nome aprovado de pessoas eleitas/nomeadas para cargos de órgãos estatutários ou contratuais de sociedades autorizadas a funcionar pelo Banco Central do Brasil.,DEORF,126657,Comunicado,36331,0,Instituição Cooperativa de Economia e Crédito Mútuo dos Empregados da Teksid do Brasil  Instituição Cooperativa de Crédito de Livre Admissão de Pernambuco - Sicoob Pernambuco  ,0,2020-10-29T20:00:30Z,29/10/2020 17:00,1103
Comunicado N° 36.325,28/10/2020 15:32,Divulga nome aprovado de pessoas eleitas/nomeadas para cargos de órgãos estatutários ou contratuais de sociedades autorizadas a funcionar pelo Banco Central do Brasil.,DEORF,126651,Comunicado,36325,0,Instituição Cooperativa de Economia e Crédito Mútuo dos Servidores da Federação do  Instituição Cooperativa de Economia e Crédito Mútuo dos Integrantes do Ministério Público  ,0,2020-10-28T18:32:47Z,28/10/2020 15:32,1104
Comunicado N° 36.319,27/10/2020 16:37,Divulga nome aprovado de pessoas eleitas/nomeadas para cargos de órgãos estatutários ou contratuais de sociedades autorizadas a funcionar pelo Banco Central do Brasil.,DEORF,126645,Comunicado,36319,0,Instituição Cooperativa de Crédito de Livre Admissão da Região do Alto São Francisco Ltda  Instituição Cooperativa de Crédito Mútuo dos Empregados do Centro Universitário Newton  ,0,2020-10-27T19:37:22Z,27/10/2020 16:37,1105
Comunicado N° 36.314,26/10/2020 16:28,Divulga nome aprovado de pessoas eleitas/nomeadas para cargos de órgãos estatutários ou contratuais de sociedades autorizadas a funcionar pelo Banco Central do Brasil.,DEORF,126640,Comunicado,36314,0,Instituição Cooperativa de Crédito de Livre Admissão da Região Leste da Bacia do Rio Doce  Instituição Cooperativa de Crédito de Livre Admissão do Vale do São Patrício Ltda. (CNPJ  ,0,2020-10-26T19:28:40Z,26/10/2020 16:28,1106
Comunicado N° 36.309,23/10/2020 16:38,Divulga nome aprovado de pessoas eleitas/nomeadas para cargos de órgãos estatutários ou contratuais de sociedades autorizadas a funcionar pelo Banco Central do Brasil.,DEORF,126635,Comunicado,36309,0,Instituição Cooperativa de Crédito de Capital e Empréstimo dos Empregados Celetistas de Cooperativas dos Estados de São Paulo e Minas  ,0,2020-10-23T19:38:49Z,23/10/2020 16:38,1107
Resolução CMN N° 4.860,23/10/2020 14:01,Dispõe sobre a constituição e o funcionamento de componente organizacional de ouvidoria pelas instituições autorizadas a funcionar pelo Banco Central do Brasil.,SECRE,51184,Resolução CMN,4860,0,"Dispõe sobre a constituição e o  compartilhar a ouvidoria constituída
na respectiva cooperativa central, confederação de cooperativas de crédito ou
banco do sistema cooperativo; e  ",0,2020-10-23T17:01:00Z,23/10/2020 14:01,1108
Resolução BCB N° 24,22/10/2020 19:10,"Altera a Circular nº 3.885, de 26 de março de 2018, que estabelece os requisitos e os procedimentos para autorização para funcionamento, alteração de controle e reorganização societária, cancelamento da autorização para funcionamento, condições para o exercício de cargos de administração nas instituições de pagamento e autorização para a prestação de serviços de pagamento por instituições financeiras e demais instituições autorizadas a funcionar pelo Banco Central do Brasil.",SECRE,51179,Resolução BCB,24,1,"Altera a Circular nº 3.885, de 26 de março de 2018, que estabelece os requisitos e os procedimentos para autorização para funcionamento, alteração de controle e reorganização  ",0,2020-10-22T22:10:00Z,22/10/2020 19:10,1109
Comunicado N° 36.304,22/10/2020 17:01,Divulga nome aprovado de pessoas eleitas/nomeadas para cargos de órgãos estatutários ou contratuais de sociedades autorizadas a funcionar pelo Banco Central do Brasil.,DEORF,126630,Comunicado,36304,0,"Instituição Cooperativa de Crédito Credisudeste Ltda. - Sicoob Credisudeste (CNPJ  Instituição Cooperativa de Crédito dos Médicos, Técnicos e Demais Profissionais da Saúde  ",0,2020-10-22T20:01:19Z,22/10/2020 17:01,1110
Comunicado N° 36.302,21/10/2020 18:04,Divulga nome aprovado de pessoas eleitas/nomeadas para cargos de órgãos estatutários ou contratuais de sociedades autorizadas a funcionar pelo Banco Central do Brasil.,DEORF,126628,Comunicado,36302,0,Instituição Cooperativa de Economia e Crédito Mútuo dos Funcionários da Villares Metals  Instituição BMS Sociedade de Crédito Direto Ltda. (CNPJ 17.826.860  ,1,2020-10-21T21:04:03Z,21/10/2020 18:04,1111
Comunicado N° 36.299,21/10/2020 17:46,Divulga nome de pessoas com intenção de ocupar cargos de administração em instituições autorizadas a funcionar pelo Banco Central do Brasil.,DEORF,126625,Comunicado,36299,0,"Divulga nome de pessoas com intenção de ocupar cargos de administração em instituições  Instituição Cooperativa de Crédito, Poupança e Investimento Univales – Sicredi Univales MT  ",0,2020-10-21T20:46:05Z,21/10/2020 17:46,1112
Comunicado N° 36.298,21/10/2020 16:00,Divulga nome aprovado de pessoas eleitas/nomeadas para cargos de órgãos estatutários ou contratuais de sociedades autorizadas a funcionar pelo Banco Central do Brasil.,DEORF,126624,Comunicado,36298,0,Instituição Cooperativa de Economia e Crédito Mútuo dos Funcionários da Villares Metals  Instituição BMS Sociedade de Crédito Direto Ltda. (CNPJ 17.826.860  ,0,2020-10-21T19:00:17Z,21/10/2020 16:00,1113
Resolução BCB N° 23,20/10/2020 18:11,"Dispõe sobre o fornecimento, pelas instituições autorizadas a funcionar pelo Banco Central do Brasil, de informações sobre sua composição societária.",SECRE,51177,Resolução BCB,23,0,"Dispõe sobre o fornecimento, pelas instituições autorizadas a funcionar pelo Banco Central do  autorizadas a funcionar pelo Banco Central do Brasil, exceto
cooperativas de crédito  ",0,2020-10-20T21:11:00Z,20/10/2020 18:11,1114
Comunicado N° 36.294,20/10/2020 16:56,Divulga nome aprovado de pessoas eleitas/nomeadas para cargos de órgãos estatutários ou contratuais de sociedades autorizadas a funcionar pelo Banco Central do Brasil.,DEORF,126620,Comunicado,36294,0,Instituição Cooperativa de Crédito de Livre Admissão da Região de São Sebastião do Paraíso  Instituição Cooperativa de Crédito de Livre Admissão Sul Maranhense - Sicoob Sul  ,0,2020-10-20T19:56:19Z,20/10/2020 16:56,1115
Comunicado N° 36.290,19/10/2020 17:01,Divulga nome aprovado de pessoas eleitas/nomeadas para cargos de órgãos estatutários ou contratuais de sociedades autorizadas a funcionar pelo Banco Central do Brasil.,DEORF,126616,Comunicado,36290,0,"Instituição Cooperativa de Crédito dos Profissionais de Saúde do Triângulo Mineiro e Sul  Instituição Central das Cooperativas de Crédito dos Estados de Mato Grosso, Mato Grosso do  ",0,2020-10-19T20:01:38Z,19/10/2020 17:01,1116
Instrução Normativa BCB N° 28,19/10/2020 12:50,"Divulga os procedimentos a serem observados pelas cooperativas de crédito para a submissão de atos de concentração conforme disposto no art. 6º da Circular nº 3.590, de 26 de abril de 2012.",DECEM,51175,Instrução Normativa BCB,28,0,"Créditos Tributários - Voto  do Brasil os atos de concentração entre
cooperativas de crédito quando tanto a instituição adquirente como a  ",0,2020-10-19T15:50:00Z,19/10/2020 12:50,1117
Comunicado N° 36.286,16/10/2020 17:34,Divulga nome de pessoas com intenção de ocupar cargos de administração em instituições autorizadas a funcionar pelo Banco Central do Brasil.,DEORF,126612,Comunicado,36286,0,"Divulga nome de pessoas com intenção de ocupar cargos de administração em instituições  Instituição Cooperativa de Crédito, Poupança e Investimento Univales – Sicredi Univales MT  ",0,2020-10-16T20:34:39Z,16/10/2020 17:34,1118
Comunicado N° 36.285,16/10/2020 17:19,Divulga nome aprovado de pessoas eleitas/nomeadas para cargos de órgãos estatutários ou contratuais de sociedades autorizadas a funcionar pelo Banco Central do Brasil.,DEORF,126611,Comunicado,36285,0,Instituição Cooperativa de Crédito dos Fornecedores de Cana de Barra Bonita e Região (CNPJ  Instituição Cooperativa de Crédito de Livre Admissão de Associados Vale do Rio do Peixe  ,0,2020-10-16T20:19:51Z,16/10/2020 17:19,1119
Comunicado N° 36.280,15/10/2020 16:29,Divulga nome aprovado de pessoas eleitas/nomeadas para cargos de órgãos estatutários ou contratuais de sociedades autorizadas a funcionar pelo Banco Central do Brasil.,DEORF,126606,Comunicado,36280,0,Instituição Cooperativa de Crédito de Livre Admissão da Região de Guariba (CNPJ 44.469.161  Instituição Cooperativa de Crédito de Livre Admissão da Grande Teresina e Microrregiões de  ,0,2020-10-15T19:29:53Z,15/10/2020 16:29,1120
Comunicado N° 36.276,14/10/2020 17:24,Divulga nome de pessoas com intenção de ocupar cargos de administração em instituições autorizadas a funcionar pelo Banco Central do Brasil.,DEORF,126602,Comunicado,36276,0,"Divulga nome de pessoas com intenção de ocupar cargos de administração em instituições  Instituição COOPERATIVA DE CRÉDITO, POUPANÇA E INVESTIMENTO ENCOSTA SUPERIOR DO NORDESTE  ",0,2020-10-14T20:24:13Z,14/10/2020 17:24,1121
Comunicado N° 36.275,14/10/2020 16:23,Divulga nome aprovado de pessoas eleitas/nomeadas para cargos de órgãos estatutários ou contratuais de sociedades autorizadas a funcionar pelo Banco Central do Brasil.,DEORF,126601,Comunicado,36275,0,Instituição Cooperativa de Crédito Unicred Região dos Vales Ltda. - Unicred Região dos  Instituição Cooperativa de Crédito dos Empregados da CBA Itapissuma e Empregados de  ,0,2020-10-14T19:23:17Z,14/10/2020 16:23,1122
Comunicado N° 36.271,13/10/2020 15:39,Divulga nome aprovado de pessoas eleitas/nomeadas para cargos de órgãos estatutários ou contratuais de sociedades autorizadas a funcionar pelo Banco Central do Brasil.,DEORF,126597,Comunicado,36271,0,"Instituição Cooperativa de Crédito Mútuo dos Empregados do Magazine Luiza, Empresas  Instituição Cooperativa de Crédito Norte Sul da Bahia Ltda. - Sicoob Norte Sul (CNPJ  ",0,2020-10-13T18:39:56Z,13/10/2020 15:39,1123
Comunicado N° 36.264,9/10/2020 16:55,Divulga nome aprovado de pessoas eleitas/nomeadas para cargos de órgãos estatutários ou contratuais de sociedades autorizadas a funcionar pelo Banco Central do Brasil.,DEORF,126590,Comunicado,36264,0,Instituição Cooperativa de Crédito de Livre Admissão da Região de Divinópolis Ltda  Instituição Cooperativa de Crédito de Livre Admissão do Pontal do Triângulo Ltda. - Sicoob  ,0,2020-10-09T19:55:34Z,9/10/2020 16:55,1124
Comunicado N° 36.258,8/10/2020 15:25,Divulga nome aprovado de pessoas eleitas/nomeadas para cargos de órgãos estatutários ou contratuais de sociedades autorizadas a funcionar pelo Banco Central do Brasil.,DEORF,126584,Comunicado,36258,0,Instituição Cooperativa de Crédito de Livre Admissão do Triângulo Mineiro e Sudeste de  Instituição Sicredi Alagoas - Cooperativa de Crédito (CNPJ 41.180.092  ,0,2020-10-08T18:25:24Z,8/10/2020 15:25,1125
Comunicado N° 36.253,7/10/2020 17:03,Divulga nome aprovado de pessoas eleitas/nomeadas para cargos de órgãos estatutários ou contratuais de sociedades autorizadas a funcionar pelo Banco Central do Brasil.,DEORF,126579,Comunicado,36253,0,Instituição Cooperativa de Crédito de Livre Admissão do Centro Norte dos Estados de Mato  Instituição Cooperativa de Crédito com Interação Solidária de Minas Gerais - Cresol Minas  ,0,2020-10-07T20:03:06Z,7/10/2020 17:03,1126
Comunicado N° 36.245,5/10/2020 15:18,Divulga nome aprovado de pessoas eleitas/nomeadas para cargos de órgãos estatutários ou contratuais de sociedades autorizadas a funcionar pelo Banco Central do Brasil.,DEORF,126571,Comunicado,36245,0,"Instituição Cooperativa de Crédito Poupança e Investimento dos Advogados do Estado do Rio  Instituição Central das Cooperativas de Crédito Mútuo do Rio Grande do Sul, Santa Catarina  ",0,2020-10-05T18:18:22Z,5/10/2020 15:18,1127
Comunicado N° 36.241,2/10/2020 15:58,Divulga nome aprovado de pessoas eleitas/nomeadas para cargos de órgãos estatutários ou contratuais de sociedades autorizadas a funcionar pelo Banco Central do Brasil.,DEORF,126567,Comunicado,36241,0,Instituição Cooperativa de Crédito do Alto Paranaíba e Região Ltda. - Sicoob Credipatos  Instituição Cooperativa de Crédito com Interação Solidária Tradição - Cresol Tradição  ,0,2020-10-02T18:58:53Z,2/10/2020 15:58,1128
Comunicado N° 36.240,2/10/2020 15:47,Divulga nome de pessoas com intenção de ocupar cargos de administração em instituições autorizadas a funcionar pelo Banco Central do Brasil.,DEORF,126566,Comunicado,36240,0,"Divulga nome de pessoas com intenção de ocupar cargos de administração em instituições autorizadas  Instituição Cooperativa de Crédito, Poupança e Investimento do Sul do Mato Grosso  ",0,2020-10-02T18:47:20Z,2/10/2020 15:47,1129
Comunicado N° 36.235,1/10/2020 15:44,Divulga nome aprovado de pessoas eleitas/nomeadas para cargos de órgãos estatutários ou contratuais de sociedades autorizadas a funcionar pelo Banco Central do Brasil.,DEORF,126561,Comunicado,36235,0,Instituição Cooperativa de Crédito Rural de Iraí de Minas Ltda. - Sicoob Credimil (CNPJ  Instituição Cooperativa de Crédito de Livre Admissão do Nordeste de Minas Gerais e Sul da  ,0,2020-10-01T18:44:23Z,1/10/2020 15:44,1130
Comunicado N° 36.228,30/9/2020 16:50,Divulga nome aprovado de pessoas eleitas/nomeadas para cargos de órgãos estatutários ou contratuais de sociedades autorizadas a funcionar pelo Banco Central do Brasil.,DEORF,126553,Comunicado,36228,0,Instituição Cooperativa de Crédito de Livre Admissão de Marechal Cândido Rondon e Região  Instituição Cooperativa de Crédito de Livre Admissão do Centro Sul de Mato Grosso do Sul  ,0,2020-09-30T19:50:34Z,30/9/2020 16:50,1131
Comunicado N° 36.219,29/9/2020 15:54,Divulga nome aprovado de pessoas eleitas/nomeadas para cargos de órgãos estatutários ou contratuais de sociedades autorizadas a funcionar pelo Banco Central do Brasil.,DEORF,126544,Comunicado,36219,0,Instituição Cooperativa de Crédito Sicredi Aracaju (CNPJ 02.923.389  Instituição Cooperativa de Crédito Rural Ascoob Coopec - Ascoob Coopec (CNPJ 09.244.973  ,0,2020-09-29T18:54:05Z,29/9/2020 15:54,1132
Comunicado N° 36.214,28/9/2020 14:38,Divulga nome aprovado de pessoas eleitas/nomeadas para cargos de órgãos estatutários ou contratuais de sociedades autorizadas a funcionar pelo Banco Central do Brasil.,DEORF,126539,Comunicado,36214,0,"Instituição Cooperativa de Crédito de Livre Admissão da União dos Vales do Piranga e  Instituição Cooperativa de Crédito, Poupança e Investimento do Estado do Piauí - Sicredi  ",0,2020-09-28T17:38:43Z,28/9/2020 14:38,1133
Resolução CMN N° 4.854,24/9/2020 18:00,"Dispõe sobre as operações de microcrédito, inclusive as de microcrédito produtivo orientado, realizadas pelas instituições financeiras e sobre o direcionamento de recursos para essas operações.",SECRE,51160,Resolução CMN,4854,0,"Lei Complementar nº 130/2009, arts  III - valor máximo da taxa de abertura
de crédito de até 3% (três por cento) do valor do crédito concedido, vedada a
cobrança de quaisquer outras  ",0,2020-09-24T21:00:00Z,24/9/2020 18:00,1134
Comunicado N° 36.207,24/9/2020 14:09,Divulga nome aprovado de pessoas eleitas/nomeadas para cargos de órgãos estatutários ou contratuais de sociedades autorizadas a funcionar pelo Banco Central do Brasil.,DEORF,126532,Comunicado,36207,0,"Instituição Cooperativa de Crédito de Livre Admissão do Alto Paranaíba, Noroeste e Oeste  Instituição Cooperativa de Crédito de Livre Admissão da Região de São Sebastião do Paraíso  ",0,2020-09-24T17:09:05Z,24/9/2020 14:09,1135
Comunicado N° 36.204,23/9/2020 14:39,Divulga nome aprovado de pessoas eleitas/nomeadas para cargos de órgãos estatutários ou contratuais de sociedades autorizadas a funcionar pelo Banco Central do Brasil.,DEORF,126529,Comunicado,36204,0,Instituição Cooperativa de Crédito de Livre Admissão de Associados do Planalto Catarinense  Instituição Cooperativa de Crédito de Livre Admissão da Margem Esquerda do Urucuia e São  ,0,2020-09-23T17:39:00Z,23/9/2020 14:39,1136
Comunicado N° 36.200,22/9/2020 17:20,Divulga nome de pessoas com intenção de ocupar cargos de administração em instituições autorizadas a funcionar pelo Banco Central do Brasil.,DEORF,126525,Comunicado,36200,0,Divulga nome de pessoas com intenção de ocupar cargos de administração em instituições autorizadas a  Instituição Cooperativa de Crédito de Livre Admissão da Região de Guariba  ,0,2020-09-22T20:20:24Z,22/9/2020 17:20,1137
Comunicado N° 36.199,22/9/2020 16:31,Divulga nome aprovado de pessoas eleitas/nomeadas para cargos de órgãos estatutários ou contratuais de sociedades autorizadas a funcionar pelo Banco Central do Brasil.,DEORF,126524,Comunicado,36199,0,Instituição Cooperativa de Crédito do Centro-Sul Mineiro Ltda. - Sicoob Centro-Sul Mineiro  Instituição Cooperativa de Crédito de Livre Admissão de Associados do Vale do Vinho  ,0,2020-09-22T19:31:03Z,22/9/2020 16:31,1138
Comunicado N° 36.196,21/9/2020 14:55,Divulga nome aprovado de pessoas eleitas/nomeadas para cargos de órgãos estatutários ou contratuais de sociedades autorizadas a funcionar pelo Banco Central do Brasil.,DEORF,126521,Comunicado,36196,0,Instituição Cooperativa de Crédito de Livre Admissão da Região de Caratinga Ltda. - Sicoob  Instituição Cooperativa de Crédito de Livre Admissão de Associados do Alto Uruguai  ,0,2020-09-21T17:55:10Z,21/9/2020 14:55,1139
Comunicado N° 36.190,18/9/2020 14:05,Divulga nome aprovado de pessoas eleitas/nomeadas para cargos de órgãos estatutários ou contratuais de sociedades autorizadas a funcionar pelo Banco Central do Brasil.,DEORF,126515,Comunicado,36190,0,"Instituição Cooperativa de Economia e Crédito Mútuo dos Servidores da Secretaria de Defesa  Instituição Cooperativa de Crédito, Poupança e Investimento Alto Rio Grande MG - Sicredi  ",0,2020-09-18T17:05:41Z,18/9/2020 14:05,1140
Comunicado N° 36.178,16/9/2020 16:47,Divulga nome aprovado de pessoas eleitas/nomeadas para cargos de órgãos estatutários ou contratuais de sociedades autorizadas a funcionar pelo Banco Central do Brasil.,DEORF,126503,Comunicado,36178,0,Instituição Cooperativa de Crédito de Livre Admissão do Sul de Minas Ltda. - Sicoob  Instituição Cooperativa de Crédito Mútuo Serra Mar Ltda. - Unicred Serra Mar (CNPJ  ,0,2020-09-16T19:47:54Z,16/9/2020 16:47,1141
Comunicado N° 36.172,15/9/2020 14:50,Divulga nome aprovado de pessoas eleitas/nomeadas para cargos de órgãos estatutários ou contratuais de sociedades autorizadas a funcionar pelo Banco Central do Brasil.,DEORF,126497,Comunicado,36172,0,Instituição Cooperativa de Crédito de Livre Admissão do Estado de São Paulo - Sicoob  Instituição Financred - Sociedade de Crédito ao Microempreendedor e à Empresa de Pequeno  ,0,2020-09-15T17:50:27Z,15/9/2020 14:50,1142
Comunicado N° 36.169,14/9/2020 15:29,Divulga nome aprovado de pessoas eleitas/nomeadas para cargos de órgãos estatutários ou contratuais de sociedades autorizadas a funcionar pelo Banco Central do Brasil.,DEORF,126494,Comunicado,36169,0,Instituição Cooperativa de Crédito Mútuo dos Funcionários das Empresas Ferroviárias no  Instituição Cooperativa de Crédito dos Profissionais da Área da Saúde e de Livre Admissão  ,0,2020-09-14T18:29:48Z,14/9/2020 15:29,1143
Comunicado N° 36.165,11/9/2020 16:00,Divulga nome aprovado de pessoas eleitas/nomeadas para cargos de órgãos estatutários ou contratuais de sociedades autorizadas a funcionar pelo Banco Central do Brasil.,DEORF,126490,Comunicado,36165,0,Instituição Cooperativa de Crédito de Livre Admissão do Estado de São Paulo - Sicoob  Instituição Cooperativa de Crédito de Livre Admissão da Grande Goiânia Ltda. (CNPJ  ,0,2020-09-11T19:00:20Z,11/9/2020 16:00,1144
Comunicado N° 36.161,10/9/2020 16:04,Divulga nome aprovado de pessoas eleitas/nomeadas para cargos de órgãos estatutários ou contratuais de sociedades autorizadas a funcionar pelo Banco Central do Brasil.,DEORF,126486,Comunicado,36161,0,Instituição Cooperativa de Crédito de Livre Admissão do Noroeste de Minas Gerais Ltda  Instituição Cooperativa de Crédito do Vale do São Francisco - Sicredi Vale do São  ,0,2020-09-10T19:04:54Z,10/9/2020 16:04,1145
Comunicado N° 36.158,9/9/2020 15:01,Divulga nome aprovado de pessoas eleitas/nomeadas para cargos de órgãos estatutários ou contratuais de sociedades autorizadas a funcionar pelo Banco Central do Brasil.,DEORF,126483,Comunicado,36158,0,Instituição Cooperativa de Crédito de Produtores Rurais e de Livre Admissão do Triângulo  ,0,2020-09-09T18:01:11Z,9/9/2020 15:01,1146
Comunicado N° 36.152,8/9/2020 15:25,Divulga nome aprovado de pessoas eleitas/nomeadas para cargos de órgãos estatutários ou contratuais de sociedades autorizadas a funcionar pelo Banco Central do Brasil.,DEORF,126477,Comunicado,36152,0,Instituição Cooperativa de Crédito Rural de Primavera do Leste (CNPJ 26.563.270  Instituição Coopserj - Cooperativa de Crédito Mútuo dos Servidores Públicos do Poder  ,0,2020-09-08T18:25:07Z,8/9/2020 15:25,1147
Comunicado N° 36.147,4/9/2020 17:52,Divulga nome aprovado de pessoas eleitas/nomeadas para cargos de órgãos estatutários ou contratuais de sociedades autorizadas a funcionar pelo Banco Central do Brasil.,DEORF,126472,Comunicado,36147,0,"Instituição Cooperativa de Crédito dos Magistrados, Servidores da Justiça do Estado de  Instituição Cooperativa de Economia e Crédito Mútuo dos Empregados da Prolec GE Brasil  ",0,2020-09-04T20:52:49Z,4/9/2020 17:52,1148
Comunicado N° 36.139,3/9/2020 16:16,Divulga nome aprovado de pessoas eleitas/nomeadas para cargos de órgãos estatutários ou contratuais de sociedades autorizadas a funcionar pelo Banco Central do Brasil.,DEORF,126464,Comunicado,36139,0,Instituição Central das Cooperativas de Crédito do Estado de São Paulo - Sicoob Central  Instituição Cooperativa de Crédito Unicred Centro-Sul Ltda. - Unicred Centro-Sul (CNPJ  ,0,2020-09-03T19:16:51Z,3/9/2020 16:16,1149
Comunicado N° 36.133,2/9/2020 15:29,Divulga nome aprovado de pessoas eleitas/nomeadas para cargos de órgãos estatutários ou contratuais de sociedades autorizadas a funcionar pelo Banco Central do Brasil.,DEORF,126458,Comunicado,36133,0,Instituição Cooperativa de Crédito dos Servidores dos Poderes Legislativos do Estado de  Instituição Cooperativa de Crédito dos Médicos e Profissionais de Saúde de São Luís  ,0,2020-09-02T18:29:58Z,2/9/2020 15:29,1150
Comunicado N° 36.126,1/9/2020 16:21,Divulga nome aprovado de pessoas eleitas/nomeadas para cargos de órgãos estatutários ou contratuais de sociedades autorizadas a funcionar pelo Banco Central do Brasil.,DEORF,126450,Comunicado,36126,0,"Instituição Cooperativa de Crédito de Livre Admissão Centro-Oeste Goiano Ltda. (CNPJ  Instituição Cooperativa de Crédito dos Funcionários da Perpart, do IPA e da Adagro  ",0,2020-09-01T19:21:50Z,1/9/2020 16:21,1151
Comunicado N° 36.121,31/8/2020 15:08,Divulga nome aprovado de pessoas eleitas/nomeadas para cargos de órgãos estatutários ou contratuais de sociedades autorizadas a funcionar pelo Banco Central do Brasil.,DEORF,126445,Comunicado,36121,0,Instituição Cooperativa de Crédito de Livre Admissão de Carmo do Rio Claro Ltda. - Sicoob  Instituição Cooperativa de Crédito de Livre Admissão de Ceres e Rialma Ltda. (CNPJ  ,0,2020-08-31T18:08:41Z,31/8/2020 15:08,1152
Comunicado N° 36.109,28/8/2020 16:04,Divulga nome aprovado de pessoas eleitas/nomeadas para cargos de órgãos estatutários ou contratuais de sociedades autorizadas a funcionar pelo Banco Central do Brasil.,DEORF,126433,Comunicado,36109,0,Instituição Cooperativa de Crédito de Livre Admissão do Centro-Sul Goiano Ltda. (CNPJ  Instituição Cooperativa de Economia e Crédito Mútuo dos Servidores da Secretaria de Estado  ,0,2020-08-28T19:04:06Z,28/8/2020 16:04,1153
Resolução CMN N° 4.849,27/8/2020 19:03,Define as taxas de juros para os financiamentos ao amparo do Fundo de Defesa da Economia Cafeeira (Funcafé).,SECRE,51141,Resolução CMN,4849,1,"da Economia
Cafeeira – Funcafé) do Manual de Crédito Rural (MCR) passa a vigorar com as  para Aquisição de Café
(FAC) para cooperativas de cafeicultores que exerçam as atividades  ",0,2020-08-27T22:03:00Z,27/8/2020 19:03,1154
Comunicado N° 36.103,27/8/2020 15:49,Divulga nome aprovado de pessoas eleitas/nomeadas para cargos de órgãos estatutários ou contratuais de sociedades autorizadas a funcionar pelo Banco Central do Brasil.,DEORF,126427,Comunicado,36103,0,Instituição Cooperativa de Crédito Coopacredi Ltda. - Sicoob Coopacredi (CNPJ 65.229.254  Instituição Uniprime Sul MS - Cooperativa de Crédito (CNPJ 37.554.441  ,0,2020-08-27T18:49:32Z,27/8/2020 15:49,1155
Comunicado N° 36.100,26/8/2020 17:36,Divulga nome de pessoas com intenção de ocupar cargos de administração em instituições autorizadas a funcionar pelo Banco Central do Brasil.,DEORF,126424,Comunicado,36100,0,Divulga nome de pessoas com intenção de ocupar cargos de administração em instituições  Instituição Cooperativa de Crédito da Fronteira Sul – Sicredi Fronteira Sul RS  (CNPJ  ,0,2020-08-26T20:36:56Z,26/8/2020 17:36,1156
Comunicado N° 36.099,26/8/2020 15:49,Divulga nome aprovado de pessoas eleitas/nomeadas para cargos de órgãos estatutários ou contratuais de sociedades autorizadas a funcionar pelo Banco Central do Brasil.,DEORF,126423,Comunicado,36099,0,Instituição Cooperativa de Crédito dos Médicos e Demais Profissionais da Saúde do Sul de  Instituição Cooperativa de Crédito dos Integrantes do Poder Judiciário e das Instituições  ,0,2020-08-26T18:49:32Z,26/8/2020 15:49,1157
Comunicado N° 36.087,25/8/2020 13:51,Divulga nome aprovado de pessoas eleitas/nomeadas para cargos de órgãos estatutários ou contratuais de sociedades autorizadas a funcionar pelo Banco Central do Brasil.,DEORF,126411,Comunicado,36087,0,Instituição Cooperativa de Crédito de Livre Admissão do Vale do São Patrício Ltda. (CNPJ  Instituição Cooperativa de Crédito de Livre Admissão do Centro Sul de Mato Grosso do Sul  ,0,2020-08-25T16:51:36Z,25/8/2020 13:51,1158
Resolução CMN N° 4.846,24/8/2020 18:01,"Dispõe sobre as operações de crédito para financiamento da folha salarial ou do pagamento de verbas trabalhistas no âmbito do Programa Emergencial de Suporte a Empregos (Pese), instituído pela Lei nº 14.043, de 19 de agosto de 2020.",SECRE,51135,Resolução CMN,4846,0,"4º, incisos VI e VIII, e 9º  IV - sociedades cooperativas, exceto
de sociedades de crédito  3.402, de 6 de setembro de 2006, para crédito dos recursos na
conta-salário do empregado  ",0,2020-08-24T21:01:00Z,24/8/2020 18:01,1159
Comunicado N° 36.083,24/8/2020 16:04,Divulga nome aprovado de pessoas eleitas/nomeadas para cargos de órgãos estatutários ou contratuais de sociedades autorizadas a funcionar pelo Banco Central do Brasil.,DEORF,126407,Comunicado,36083,0,Instituição Cooperativa de Crédito dos Empresários do Estado de Goiás Ltda. (CNPJ  Instituição Cooperativa de Crédito Norte Sul da Bahia Ltda. - Sicoob Norte Sul (CNPJ  ,0,2020-08-24T19:04:23Z,24/8/2020 16:04,1160
Comunicado N° 36.078,21/8/2020 16:17,Divulga nome aprovado de pessoas eleitas/nomeadas para cargos de órgãos estatutários ou contratuais de sociedades autorizadas a funcionar pelo Banco Central do Brasil.,DEORF,126402,Comunicado,36078,0,Divulga nome aprovado de pessoas eleitas/nomeadas para cargos de órgãos estatutários ou  Instituição Cooperativa de Crédito de Livre Admissão de Rio Verde e Região Ltda. (CNPJ  ,0,2020-08-21T19:17:40Z,21/8/2020 16:17,1161
Comunicado N° 36.067,20/8/2020 15:17,Divulga nome aprovado de pessoas eleitas/nomeadas para cargos de órgãos estatutários ou contratuais de sociedades autorizadas a funcionar pelo Banco Central do Brasil.,DEORF,126391,Comunicado,36067,0,Instituição Sicoob Cred Copercana Cooperativa de Crédito (CNPJ 64.739.121  Instituição Cooperativa de Crédito de Livre Admissão do Tocantins Ltda. (CNPJ 26.960.328  ,0,2020-08-20T18:17:34Z,20/8/2020 15:17,1162
Comunicado N° 36.060,19/8/2020 16:55,Divulga nome aprovado de pessoas eleitas/nomeadas para cargos de órgãos estatutários ou contratuais de sociedades autorizadas a funcionar pelo Banco Central do Brasil.,DEORF,126384,Comunicado,36060,0,Instituição Cooperativa de Crédito Cocre (CNPJ 54.401.286  Instituição Cooperativa de Crédito de Livre Admissão de Capitólio Ltda. - Sicoob Credicapi  ,0,2020-08-19T19:55:23Z,19/8/2020 16:55,1163
Comunicado N° 36.057,19/8/2020 10:04,"Transmite ordem judicial de levantamento da indisponibilidade de bens às instituições financeiras, às demais instituições autorizadas a funcionar pelo Banco Central do Brasil, às bolsas de valores e às entidades autorizadas a exercer a atividade de registro de ativos financeiros e de valores mobiliários.",DERAD,126381,Comunicado,36057,0,"Transmite ordem judicial de levantamento da indisponibilidade de bens às  de 2012, que decretou a intervenção na Cooperativa de Crédito Rural do Litoral Vale do Itajaí e  ",0,2020-08-19T13:04:51Z,19/8/2020 10:04,1164
Comunicado N° 36.053,18/8/2020 16:40,Divulga nome aprovado de pessoas eleitas/nomeadas para cargos de órgãos estatutários ou contratuais de sociedades autorizadas a funcionar pelo Banco Central do Brasil.,DEORF,126377,Comunicado,36053,0,Instituição Cooperativa de Crédito de Livre Admissão da Região de Tiros e Matutina Ltda  Instituição Cooperativa de Crédito dos Integrantes do Ministério Público e do Poder  ,0,2020-08-18T19:40:30Z,18/8/2020 16:40,1165
Comunicado N° 36.049,17/8/2020 16:21,Divulga nome aprovado de pessoas eleitas/nomeadas para cargos de órgãos estatutários ou contratuais de sociedades autorizadas a funcionar pelo Banco Central do Brasil.,DEORF,126373,Comunicado,36049,0,Instituição Cooperativa de Crédito de Livre Admissão da Região de Frutal Ltda. - Sicoob  Instituição Cooperativa de Crédito de Livre Admissão do Vale do Paranaíba Ltda. (CNPJ  ,0,2020-08-17T19:21:29Z,17/8/2020 16:21,1166
Comunicado N° 36.044,14/8/2020 16:21,Divulga nome aprovado de pessoas eleitas/nomeadas para cargos de órgãos estatutários ou contratuais de sociedades autorizadas a funcionar pelo Banco Central do Brasil.,DEORF,126368,Comunicado,36044,0,"Instituição Cooperativa de Economia e Crédito Mútuo dos Professores Estaduais da Região  Instituição Finansinos S.A. Crédito, Financiamento e Investimento (CNPJ 91.669.747  ",0,2020-08-14T19:21:56Z,14/8/2020 16:21,1167
Comunicado N° 36.040,13/8/2020 16:14,Divulga nome aprovado de pessoas eleitas/nomeadas para cargos de órgãos estatutários ou contratuais de sociedades autorizadas a funcionar pelo Banco Central do Brasil.,DEORF,126364,Comunicado,36040,0,Instituição Cooperativa de Crédito Mútuo dos Micros e Pequenos Empresários e  Instituição Cooperativa de Crédito e Economia com Interação Solidária de Porto Xavier  ,0,2020-08-13T19:14:53Z,13/8/2020 16:14,1168
Resolução BCB N° 3,12/8/2020 09:31,Dispõe sobre informações e procedimentos para autorização para instalação de agências no País e sobre o fornecimento de informações de dependências das instituições financeiras e das demais instituições autorizadas a funcionar pelo Banco Central do Brasil.,SECRE,51120,Resolução BCB,3,0,"1º, exceto cooperativas de crédito e sociedades de crédito ao microempreendedor
e à empresa de  ",0,2020-08-12T12:31:00Z,12/8/2020 09:31,1169
Resolução BCB N° 1,12/8/2020 09:30,Institui o arranjo de pagamentos Pix e aprova o seu Regulamento.,SECRE,51118,Resolução BCB,1,0,"Institui o arranjo de pagamentos Pix e aprova o seu Regulamento  Resolução BCB nº 30/2020 - Alteração no Regulamento anexo, a partir de 3/11/2020 - Nova redação: art  ",0,2020-08-12T12:30:00Z,12/8/2020 09:30,1170
Comunicado N° 36.028,11/8/2020 16:41,Divulga nome aprovado de pessoas eleitas/nomeadas para cargos de órgãos estatutários ou contratuais de sociedades autorizadas a funcionar pelo Banco Central do Brasil.,DEORF,126352,Comunicado,36028,0,Instituição Cooperativa de Crédito de Livre Admissão de Campos Gerais e Campo do Meio Ltda  Instituição Cooperativa de Crédito Sicredi Região Sul da Bahia - Sicredi Região Sul da  ,0,2020-08-11T19:41:01Z,11/8/2020 16:41,1171
Comunicado N° 36.023,10/8/2020 15:51,Divulga nome aprovado de pessoas eleitas/nomeadas para cargos de órgãos estatutários ou contratuais de sociedades autorizadas a funcionar pelo Banco Central do Brasil.,DEORF,126347,Comunicado,36023,0,Instituição Cooperativa de Crédito e Investimento do Oeste - Credisis Oeste (CNPJ  Instituição Cooperativa de Crédito de Livre Admissão do Oeste Maranhense - Sicoob Oeste  ,0,2020-08-10T18:51:47Z,10/8/2020 15:51,1172
Comunicado N° 36.017,7/8/2020 14:29,Divulga nome aprovado de pessoas eleitas/nomeadas para cargos de órgãos estatutários ou contratuais de sociedades autorizadas a funcionar pelo Banco Central do Brasil.,DEORF,126341,Comunicado,36017,0,Instituição Cooperativa de Economia e Crédito Mútuo dos Trabalhadores da Cooper Standard  Instituição Cooperativa de Crédito de Livre Admissão do Alto Vale do Itajaí - Viacredi  ,0,2020-08-07T17:29:01Z,7/8/2020 14:29,1173
Comunicado N° 36.015,6/8/2020 18:03,Divulga nome de pessoas com intenção de ocupar cargos de administração em instituições autorizadas a funcionar pelo Banco Central do Brasil.,DEORF,126339,Comunicado,36015,0,do Brasil Financeira S.A. - Crédito Financiamento e Investimentos (CNPJ 33.040.601  Instituição Cooperativa de Crédito de Livre Admissão do Pontal do Triangulo Ltda – Sicoob  ,0,2020-08-06T21:03:06Z,6/8/2020 18:03,1174
Comunicado N° 36.012,6/8/2020 15:44,Divulga nome aprovado de pessoas eleitas/nomeadas para cargos de órgãos estatutários ou contratuais de sociedades autorizadas a funcionar pelo Banco Central do Brasil.,DEORF,126336,Comunicado,36012,0,Instituição Cooperativa de Crédito de Livre Admissão da Região de Pará de Minas Ltda  Instituição Cooperativa de Crédito Sicredi Alto Sertão Paraibano - Sicredi Alto Sertão  ,0,2020-08-06T18:44:29Z,6/8/2020 15:44,1175
Comunicado N° 36.008,5/8/2020 14:43,Divulga nome aprovado de pessoas eleitas/nomeadas para cargos de órgãos estatutários ou contratuais de sociedades autorizadas a funcionar pelo Banco Central do Brasil.,DEORF,126332,Comunicado,36008,0,"Instituição Cooperativa de Economia e Crédito Mútuo dos Empregados da Eaton (CNPJ  Instituição BMW Financeira S.A. - Crédito, Financiamento e Investimento (CNPJ 04.452.473  ",0,2020-08-05T17:43:06Z,5/8/2020 14:43,1176
Comunicado N° 36.004,4/8/2020 15:39,Divulga nome aprovado de pessoas eleitas/nomeadas para cargos de órgãos estatutários ou contratuais de sociedades autorizadas a funcionar pelo Banco Central do Brasil.,DEORF,126328,Comunicado,36004,0,Instituição Cooperativa de Crédito Cooplivre (CNPJ 49.389.307  Instituição Cooperativa de Crédito de Livre Admissão do Centro Norte dos Estados de Mato  ,0,2020-08-04T18:39:22Z,4/8/2020 15:39,1177
Comunicado N° 36.001,3/8/2020 17:56,Divulga nome de pessoas com intenção de ocupar cargos de administração em instituições autorizadas a funcionar pelo Banco Central do Brasil.,DEORF,126325,Comunicado,36001,0,Divulga nome de pessoas com intenção de ocupar cargos de administração em instituições  Instituição Cooperativa de Crédito de Livre Admissão da Região de Tiros e Matutina Ltda  ,0,2020-08-03T20:56:34Z,3/8/2020 17:56,1178
Comunicado N° 36.000,3/8/2020 17:21,Divulga nome aprovado de pessoas eleitas/nomeadas para cargos de órgãos estatutários ou contratuais de sociedades autorizadas a funcionar pelo Banco Central do Brasil.,DEORF,126324,Comunicado,36000,0,Instituição Cooperativa de Crédito de Livre Admissão de Associados de Manaus (CNPJ  Instituição Cooperativa de Crédito de Livre Admissão do Centro Norte dos Estados de Mato  ,0,2020-08-03T20:21:48Z,3/8/2020 17:21,1179
Comunicado N° 35.995,31/7/2020 15:49,Divulga nome aprovado de pessoas eleitas/nomeadas para cargos de órgãos estatutários ou contratuais de sociedades autorizadas a funcionar pelo Banco Central do Brasil.,DEORF,126319,Comunicado,35995,0,Instituição Cooperativa de Crédito de Livre Admissão do Triângulo Mineiro e Sudeste de  Instituição Cooperativa Central de Crédito do Norte/Nordeste - Central Sicredi Norte  ,0,2020-07-31T18:49:37Z,31/7/2020 15:49,1180
Resolução CMN N° 4.840,30/7/2020 18:07,"Altera o prazo de vencimento das parcelas de operações de crédito rural de mutuários cujas atividades foram prejudicadas pelas medidas de distanciamento social ligadas à pandemia de Covid-19, de que trata a Seção 22 (Operações de custeio e investimento prejudicadas em decorrência das medidas de distanciamento social adotadas para mitigar os impactos da pandemia provocada pelo Covid-19 - Resolução nº 4.801/2020) do Capítulo 18 (Renegociação de Dívidas Originárias de Operações de Crédito Rural) do Manual de Crédito Rural (MCR); e altera o prazo relativo à decretação de situação de emergência ou estado de calamidade pública em municípios afetados por seca ou estiagem para fins da renegociação de operações de crédito rural de que trata a Seção 23 (Operações que tiveram prejuízos em decorrência de seca ou estiagem em municípios com decretação de situação de emergência ou estado de calamidade pública - Resolução nº 4.802/2020) do Capítulo 18 (Renegociação de Dívidas Originárias de Operações de Crédito Rural) do MCR.",SECRE,51109,Resolução CMN,4840,1,"de
Dívidas Originárias de Operações de Crédito Rural) do Manual de Crédito Rural
(MCR); e altera o prazo relativo à  ",0,2020-07-30T21:07:00Z,30/7/2020 18:07,1181
Resolução CMN N° 4.839,30/7/2020 18:03,"Altera o preço de referência para as operações de Financiamento Especial para Estocagem de Produtos Agropecuários (FEE) de algodão em pluma; reduz a taxa de juros dos créditos de custeio e investimento ao amparo do Programa Nacional de Fortalecimento da Agricultura Familiar (Pronaf) para os agricultores cujas atividades foram prejudicadas pelo ""Ciclone Bomba"" de 2020; e eleva os limites de financiamento ao amparo da Linha Crédito de Industrialização para Agroindústria Familiar (Pronaf Industrialização de Agroindústria Familiar).",SECRE,51108,Resolução CMN,4839,1,"pluma; reduz a taxa de juros dos créditos de custeio e investimento ao amparo do Programa  o inciso I por associado relacionado na DAP pessoa jurídica
emitida para a cooperativa  ",0,2020-07-30T21:03:00Z,30/7/2020 18:03,1182
Comunicado N° 35.988,30/7/2020 15:55,Divulga nome aprovado de pessoas eleitas/nomeadas para cargos de órgãos estatutários ou contratuais de sociedades autorizadas a funcionar pelo Banco Central do Brasil.,DEORF,126312,Comunicado,35988,0,"Instituição Cooperativa de Crédito Mútuo dos Funcionários da Fábrica de Cimento Votoran  Instituição Cooperativa de Crédito, Poupança e Investimento União Paraná/São Paulo  ",0,2020-07-30T18:55:30Z,30/7/2020 15:55,1183
Comunicado N° 35.986,29/7/2020 14:50,Divulga nome aprovado de pessoas eleitas/nomeadas para cargos de órgãos estatutários ou contratuais de sociedades autorizadas a funcionar pelo Banco Central do Brasil.,DEORF,126310,Comunicado,35986,0,Instituição Cooperativa de Crédito de Livre Admissão do Alto Vale do Itajaí - Viacredi  Instituição Cooperativa de Crédito e Economia com Interação Solidária de Dionísio  ,0,2020-07-29T17:50:51Z,29/7/2020 14:50,1184
Comunicado N° 35.980,28/7/2020 14:34,Divulga nome aprovado de pessoas eleitas/nomeadas para cargos de órgãos estatutários ou contratuais de sociedades autorizadas a funcionar pelo Banco Central do Brasil.,DEORF,126304,Comunicado,35980,0,"Instituição Cooperativa de Economia e Crédito Mútuo dos Empregados da Mosaic Fertilizantes  Instituição Cooperativa de Crédito, Poupança e Investimento Progresso - Sicredi Progresso  ",0,2020-07-28T17:34:44Z,28/7/2020 14:34,1185
Comunicado N° 35.970,27/7/2020 14:45,Divulga nome aprovado de pessoas eleitas/nomeadas para cargos de órgãos estatutários ou contratuais de sociedades autorizadas a funcionar pelo Banco Central do Brasil.,DEORF,126294,Comunicado,35970,0,"Instituição Cooperativa de Economia e Crédito Mútuo dos Empregados do Grupo Colorado (CNPJ  do Brasil Financeira S.A. - Crédito, Financiamento e Investimentos (CNPJ 33.040.601  ",0,2020-07-27T17:45:38Z,27/7/2020 14:45,1186
Carta Circular N° 4.074,24/7/2020 18:10,"Estabelece procedimentos relativos ao envio de documentos e informações, de respostas a exigências e de interposição de recursos, à formalização de exigências, à comunicação da decisão e às demais comunicações relacionadas com a instrução e com o exame de processos de autorização conduzidos pelo Departamento de Organização do Sistema Financeiro (Deorf), e dá outras providências.",DEORF,51104,Carta Circular,4074,1,"CARTA CIRCULAR Nº 4.074, DE 24 DE JULHO DE 2020  Estabelece procedimentos relativos ao envio de documentos e informações, de respostas a exigências e de interposição de recursos, à  ",0,2020-07-24T21:10:00Z,24/7/2020 18:10,1187
Comunicado N° 35.964,24/7/2020 15:51,Divulga nome aprovado de pessoas eleitas/nomeadas para cargos de órgãos estatutários ou contratuais de sociedades autorizadas a funcionar pelo Banco Central do Brasil.,DEORF,126288,Comunicado,35964,0,Divulga nome aprovado de pessoas eleitas/nomeadas para cargos de órgãos estatutários ou contratuais de  Instituição Cooperativa de Crédito - Sicoob Credmetal (CNPJ 03.535.065  ,0,2020-07-24T18:51:58Z,24/7/2020 15:51,1188
Comunicado N° 35.959,23/7/2020 16:56,Divulga nome aprovado de pessoas eleitas/nomeadas para cargos de órgãos estatutários ou contratuais de sociedades autorizadas a funcionar pelo Banco Central do Brasil.,DEORF,126283,Comunicado,35959,0,"Instituição Cooperativa de Crédito de Livre Admissão das Regiões Sudoeste, Sul e Oeste de  Instituição Cooperativa de Crédito Rural e Economia com Interação Solidária de Jaguaruna  ",0,2020-07-23T19:56:12Z,23/7/2020 16:56,1189
Comunicado N° 35.954,22/7/2020 16:15,Divulga nome aprovado de pessoas eleitas/nomeadas para cargos de órgãos estatutários ou contratuais de sociedades autorizadas a funcionar pelo Banco Central do Brasil.,DEORF,126278,Comunicado,35954,0,Instituição Cooperativa de Crédito Rural Seara - Crediseara (CNPJ 00.204.963  Instituição Cooperativa de Crédito Poupança e Investimento dos Integrantes da Brigada  ,0,2020-07-22T19:15:54Z,22/7/2020 16:15,1190
Comunicado N° 35.953,22/7/2020 13:01,"Divulga novos subcenários de utilização das mensagens de afastamento de sigilo bancário do Catálogo 5.00 do CCS (mensagens CCS0011 e CCS0012), para contemplar o envio das informações solicitadas por meio do Sistema de Transferência de Arquivos (STA)",DEATI,126277,Comunicado,35953,0,"dezembro de 2019, o segmento das cooperativas de crédito já responde as mensagens CCS0009, CCS0011 e  Fatura de cartão de crédito
    
   
    
   Essas informações serão fornecidas  ",0,2020-07-22T16:01:13Z,22/7/2020 13:01,1191
Comunicado N° 35.949,21/7/2020 15:49,Divulga nome aprovado de pessoas eleitas/nomeadas para cargos de órgãos estatutários ou contratuais de sociedades autorizadas a funcionar pelo Banco Central do Brasil.,DEORF,126273,Comunicado,35949,0,"Instituição Cooperativa de Crédito, Poupança e Investimento Ouro Verde do Mato Grosso  Instituição Cooperativa de Crédito de Livre Admissão do Médio Leste de Mato Grosso  ",0,2020-07-21T18:49:58Z,21/7/2020 15:49,1192
Resolução N° 4.838,21/7/2020 09:00,Dispõe sobre operações de crédito contratadas no âmbito do Programa de Capital de Giro para Preservação de Empresas pelas instituições que especifica.,SECRE,51100,Resolução,4838,0,"Banco Central do Brasil, exceto cooperativas de crédito e administradoras de consórcio  2º  As operações de crédito no âmbito do CGPE devem ser contratadas até 31 de dezembro de  ",0,2020-07-21T12:00:00Z,21/7/2020 09:00,1193
Comunicado N° 35.945,20/7/2020 16:50,Divulga nome aprovado de pessoas eleitas/nomeadas para cargos de órgãos estatutários ou contratuais de sociedades autorizadas a funcionar pelo Banco Central do Brasil.,DEORF,126269,Comunicado,35945,0,"Instituição Cooperativa de Crédito, Poupança e Investimento Vale do Cerrado - Sicredi Vale  Instituição Cooperativa de Crédito dos Servidores Públicos no Estado da Bahia Ltda  ",0,2020-07-20T19:50:17Z,20/7/2020 16:50,1194
Comunicado N° 35.942,17/7/2020 16:58,Divulga nome aprovado de pessoas eleitas/nomeadas para cargos de órgãos estatutários ou contratuais de sociedades autorizadas a funcionar pelo Banco Central do Brasil.,DEORF,126266,Comunicado,35942,0,Instituição Cooperativa de Crédito de Livre Admissão do Sudoeste de Minas Gerais e  Instituição Cooperativa Central de Economia e Crédito Mútuo das Unicred's de Santa Catarina e do  ,0,2020-07-17T19:58:50Z,17/7/2020 16:58,1195
Comunicado N° 35.935,16/7/2020 15:12,Divulga nome aprovado de pessoas eleitas/nomeadas para cargos de órgãos estatutários ou contratuais de sociedades autorizadas a funcionar pelo Banco Central do Brasil.,DEORF,126259,Comunicado,35935,0,"Instituição Cooperativa de Economia e Crédito Mútuo dos Empregados das Instituições de  Instituição Agibank Financeira S.A. - Crédito, Financiamento e Investimento (CNPJ  ",0,2020-07-16T18:12:11Z,16/7/2020 15:12,1196
Comunicado N° 35.932,15/7/2020 15:53,Divulga nome aprovado de pessoas eleitas/nomeadas para cargos de órgãos estatutários ou contratuais de sociedades autorizadas a funcionar pelo Banco Central do Brasil.,DEORF,126256,Comunicado,35932,0,"Instituição Cooperativa de Economia e Crédito dos Empresários, Profissionais do Mercado  Instituição Cooperativa de Crédito, Poupança e Investimento de Araraquara e Região  ",0,2020-07-15T18:53:21Z,15/7/2020 15:53,1197
Comunicado N° 35.929,14/7/2020 16:29,Divulga nome aprovado de pessoas eleitas/nomeadas para cargos de órgãos estatutários ou contratuais de sociedades autorizadas a funcionar pelo Banco Central do Brasil.,DEORF,126253,Comunicado,35929,0,"Instituição Cooperativa de Crédito de Livre Admissão da Alta Paulista - Sicoob Cocrealpa  Instituição Cooperativa de Crédito, Poupança e Investimento da Região Centro Oeste  ",0,2020-07-14T19:29:24Z,14/7/2020 16:29,1198
Comunicado N° 35.925,13/7/2020 15:46,Divulga nome aprovado de pessoas eleitas/nomeadas para cargos de órgãos estatutários ou contratuais de sociedades autorizadas a funcionar pelo Banco Central do Brasil.,DEORF,126249,Comunicado,35925,0,"Instituição Cooperativa de Economia e Crédito Mútuo dos Servidores Públicos Municipais em  Via Certa Financiadora S.A. - Crédito, Financiamento e Investimentos (CNPJ 05.192.316  ",0,2020-07-13T18:46:17Z,13/7/2020 15:46,1199
Comunicado N° 35.922,10/7/2020 19:16,Divulga as associações e grupos de associações eleitos para indicarem representantes para o Conselho Deliberativo da estrutura inicial responsável pela governança do processo de implementação no País do Sistema Financeiro Aberto (Open Banking).,DENOR,126246,Comunicado,35922,0,c) subgrupo 1.3 Organização das Cooperativas Brasileiras (OCB); e  a) subgrupo 2.1 Associação Brasileira das Empresas de Cartões de Crédito e Serviços (Abecs  ,0,2020-07-10T22:16:04Z,10/7/2020 19:16,1200
Comunicado N° 35.918,10/7/2020 13:57,Divulga nome aprovado de pessoas eleitas/nomeadas para cargos de órgãos estatutários ou contratuais de sociedades autorizadas a funcionar pelo Banco Central do Brasil.,DEORF,126242,Comunicado,35918,0,Instituição Cooperativa de Crédito de Livre Admissão de Itaúna e Região Ltda. - Sicoob  Instituição Cooperativa de Crédito Rural com Interação Solidária de Rondônia - Cresol  ,0,2020-07-10T16:57:50Z,10/7/2020 13:57,1201
Comunicado N° 35.913,9/7/2020 16:09,Divulga nome aprovado de pessoas eleitas/nomeadas para cargos de órgãos estatutários ou contratuais de sociedades autorizadas a funcionar pelo Banco Central do Brasil.,DEORF,126237,Comunicado,35913,0,"Instituição Cooperativa de Crédito de Livre Admissão Centro Brasileira Ltda. (CNPJ  Instituição Cooperativa de Crédito, Poupança e Investimento Raízes - Sicredi Raízes RS/SC  ",0,2020-07-09T19:09:25Z,9/7/2020 16:09,1202
Comunicado N° 35.909,8/7/2020 14:43,Divulga nome aprovado de pessoas eleitas/nomeadas para cargos de órgãos estatutários ou contratuais de sociedades autorizadas a funcionar pelo Banco Central do Brasil.,DEORF,126233,Comunicado,35909,0,Instituição Cooperativa de Crédito de Pimenta Ltda. - Sicoob Credipimenta (CNPJ 42.934.794  Instituição Cooperativa de Crédito Rural com Interação Solidária do Espírito Santo  ,0,2020-07-08T17:43:11Z,8/7/2020 14:43,1203
Comunicado N° 35.904,7/7/2020 17:14,Divulga nome aprovado de pessoas eleitas/nomeadas para cargos de órgãos estatutários ou contratuais de sociedades autorizadas a funcionar pelo Banco Central do Brasil.,DEORF,126228,Comunicado,35904,0,Instituição Cooperativa de Crédito de Livre Admissão de Santa Cruz das Palmeiras e Região  Instituição Cooperativa de Crédito dos Empregados do IRB-Brasil Re Ltda. (CNPJ 42.153.585  ,0,2020-07-07T20:14:41Z,7/7/2020 17:14,1204
Comunicado N° 35.896,6/7/2020 16:08,Divulga nome aprovado de pessoas eleitas/nomeadas para cargos de órgãos estatutários ou contratuais de sociedades autorizadas a funcionar pelo Banco Central do Brasil.,DEORF,126220,Comunicado,35896,0,Instituição Cooperativa de Economia e Crédito Mútuo dos Funcionários da Cargill (CNPJ  Instituição Cooperativa de Crédito Rural e Economia com Interação Solidária de Rio Fortuna  ,0,2020-07-06T19:08:45Z,6/7/2020 16:08,1205
Comunicado N° 35.895,6/7/2020 10:53,"Divulga as associações e grupos de associações elegíveis a participar do processo eletivo para a indicação de representantes para o Conselho Deliberativo da estrutura inicial responsável pela governança do processo de implementação no País do Sistema Financeiro Aberto (Open Banking), bem como divulga o cronograma do processo eletivo e orientações para o registro de voto.",DENOR,126219,Comunicado,35895,0,"2. Organização das Cooperativas Brasileiras (OCB  com conta de depósitos ou operações de crédito de varejo, ou que sejam instituições de  ",0,2020-07-06T13:53:13Z,6/7/2020 10:53,1206
Comunicado N° 35.890,3/7/2020 16:37,Divulga nome aprovado de pessoas eleitas/nomeadas para cargos de órgãos estatutários ou contratuais de sociedades autorizadas a funcionar pelo Banco Central do Brasil.,DEORF,126214,Comunicado,35890,0,"Instituição Cooperativa de Crédito de Livre Admissão de Pitangui e Região Ltda. - Sicoob  Instituição Cooperativa de Crédito, Poupança e Investimento Planalto - Sicredi Planalto RS  ",0,2020-07-03T19:37:21Z,3/7/2020 16:37,1207
Carta Circular N° 4.067,2/7/2020 19:13,"Altera a Carta Circular nº 4.060, de 23 de junho de 2020.",DEBAN,51093,Carta Circular,4067,1,"de Poupança e Empréstimo, Sociedades de Crédito Imobiliário e/ou Cooperativas de Crédito  ",0,2020-07-02T22:13:00Z,2/7/2020 19:13,1208
Comunicado N° 35.886,2/7/2020 16:23,Divulga nome aprovado de pessoas eleitas/nomeadas para cargos de órgãos estatutários ou contratuais de sociedades autorizadas a funcionar pelo Banco Central do Brasil.,DEORF,126210,Comunicado,35886,0,Instituição Sicoob Credinova - Cooperativa de Crédito de Livre Admissão de Nova Serrana e  Instituição Cooperativa de Economia e Crédito Mútuo dos Empregados do Grupo Femsa Brasil  ,0,2020-07-02T19:23:53Z,2/7/2020 16:23,1209
Circular N° 4.035,1/7/2020 18:38,"Altera a Circular nº 3.975, de 8 de janeiro de 2020, que institui o recolhimento compulsório sobre recursos de depósitos de poupança, para modificar a regra de remuneração do saldo de encerramento diário da conta de recolhimento correspondente a cada modalidade de depósito de poupança e para incluir dedução de exigibilidade de saldo de repasses interfinanceiros de bancos cooperativos a cooperativas singulares destinados à concessão de financiamento de capital de giro.",SECRE,51092,Circular,4035,1,interfinanceiros efetuados por bancos cooperativos a cooperativas singulares integrantes do mesmo sistema cooperativo de crédito destinados à concessão de operações de crédito para  ,0,2020-07-01T21:38:00Z,1/7/2020 18:38,1210
Comunicado N° 35.883,1/7/2020 17:18,Divulga nome aprovado de pessoas eleitas/nomeadas para cargos de órgãos estatutários ou contratuais de sociedades autorizadas a funcionar pelo Banco Central do Brasil.,DEORF,126207,Comunicado,35883,0,"Instituição Cooperativa de Crédito de Livre Admissão de Belo Horizonte e Cidades Polo do  Instituição Cooperativa de Crédito, Poupança e Investimento Norte Mato-Grossense e Oeste  ",0,2020-07-01T20:18:21Z,1/7/2020 17:18,1211
Carta Circular N° 4.066,1/7/2020 16:55,"Divulga relação das instituições financeiras pertencentes ao ""Grupo A"" e ao ""Grupo B"", para fins do recolhimento compulsório sobre recursos à vista.",DEBAN,51091,Carta Circular,4066,1,"CARTA CIRCULAR Nº 4.066, DE 1º DE JULHO DE 2020  R E S O L V E  BCV - Banco de Crédito e Varejo S.A.  Banco Cooperativo do Brasil S.A. - Bancoob  Banco Cooperativo Sicredi S.A.  ",0,2020-07-01T19:55:00Z,1/7/2020 16:55,1212
Comunicado N° 35.878,30/6/2020 16:08,Divulga nome aprovado de pessoas eleitas/nomeadas para cargos de órgãos estatutários ou contratuais de sociedades autorizadas a funcionar pelo Banco Central do Brasil.,DEORF,126201,Comunicado,35878,0,"Instituição Cooperativa de Crédito de Livre Admissão de Pitangui, Papagaios, Maravilhas e  Instituição Cooperativa de Crédito de Livre Admissão da Grande Goiânia Ltda. (CNPJ  ",0,2020-06-30T19:08:45Z,30/6/2020 16:08,1213
Comunicado N° 35.869,29/6/2020 17:33,Divulga nome de pessoas com intenção de ocupar cargos de administração em instituições autorizadas a funcionar pelo Banco Central do Brasil.,DEORF,126192,Comunicado,35869,0,"Divulga nome de pessoas com intenção de ocupar cargos de administração em instituições  Instituição Cooperativa de Crédito, Poupança e Investimento de Espumoso - Sicredi Espumoso  ",0,2020-06-29T20:33:28Z,29/6/2020 17:33,1214
Comunicado N° 35.868,29/6/2020 14:49,Divulga nome aprovado de pessoas eleitas/nomeadas para cargos de órgãos estatutários ou contratuais de sociedades autorizadas a funcionar pelo Banco Central do Brasil.,DEORF,126191,Comunicado,35868,0,Instituição Cooperativa de Poupança e Crédito do Vale do Rio Doce Ltda. - Sicoob  Instituição Casa do Crédito S.A. - Sociedade de Crédito ao Microempreendedor (CNPJ 05.442.029  ,0,2020-06-29T17:49:33Z,29/6/2020 14:49,1215
Comunicado N° 35.862,26/6/2020 14:47,Divulga nome aprovado de pessoas eleitas/nomeadas para cargos de órgãos estatutários ou contratuais de sociedades autorizadas a funcionar pelo Banco Central do Brasil.,DEORF,126185,Comunicado,35862,0,Instituição Cooperativa de Crédito de Livre Admissão do Nordeste de Minas Gerais e Sul da  Instituição Cooperativa de Crédito de Livre Admissão de Associados Itaipu - Sicoob  ,0,2020-06-26T17:47:35Z,26/6/2020 14:47,1216
Resolução N° 4.833,25/6/2020 18:02,"Eleva o limite de crédito para operações de Financiamentos para Garantia de Preços ao Produtor (FGPP) para cana-de-açúcar e pescado; dispõe sobre a utilização de Recursos Obrigatórios em operações de FGPP; altera o prazo para produtores rurais e cooperativas singulares de produção agropecuária, que tenham sofrido perdas na renda em decorrência de seca ou estiagem, renegociarem suas operações de custeio e investimento; altera o prazo para contratação de linha especial de crédito ao amparo do Programa Nacional de Apoio ao Médio Produtor Rural (Pronamp) e Programa Nacional de Fortalecimento da Agricultura Familiar (Pronaf), em localidades atingidas por seca ou estiagem ou pelas medidas de distanciamento provocadas pela Covid-19; e eleva o volume de recursos destinados para o financiamento de capital de giro ao amparo do Programa de Capitalização de Cooperativas Agropecuárias (Procap-Agro).",SECRE,51081,Resolução,4833,1,para contratação de linha especial de crédito ao amparo do Programa Nacional de Apoio ao  2 (Programa de Capitalização de Cooperativas Agropecuárias Procap-Agro) do Capítulo 13  ,0,2020-06-25T21:02:00Z,25/6/2020 18:02,1217
Resolução N° 4.832,25/6/2020 18:01,Define os encargos financeiros e o bônus de adimplência das operações rurais realizadas com recursos dos Fundos Constitucionais de Financiamento para o período de 1º de julho de 2020 a 30 de junho de 2021.,SECRE,51080,Resolução,4832,1,do Capítulo 2 (Condições Básicas) do Manual de Crédito Rural (MCR) passa a vigorar com as  de 9 I - para produtores rurais e suas cooperativas de produção com receita bruta anual de  ,0,2020-06-25T21:01:00Z,25/6/2020 18:01,1218
Comunicado N° 35.849,25/6/2020 15:40,Divulga nome aprovado de pessoas eleitas/nomeadas para cargos de órgãos estatutários ou contratuais de sociedades autorizadas a funcionar pelo Banco Central do Brasil.,DEORF,126172,Comunicado,35849,0,Instituição Cooperativa de Crédito Credialp Ltda. - Sicoob Credialp (CNPJ 25.353.939  Instituição Cooperativa de Crédito de Livre Admissão de Associados de Jaraguá do Sul e  ,0,2020-06-25T18:40:46Z,25/6/2020 15:40,1219
Circular N° 4.033,24/6/2020 18:00,"Altera a Circular nº 3.975, de 8 de janeiro de 2020, que institui o recolhimento compulsório sobre recursos de depósitos de poupança, para estabelecer deduções de exigibilidade de saldo de operações de crédito para financiamento de capital de giro e de saldo de aplicações em Depósitos a Prazo com Garantia Especial (DPGE) de instituições não pertencentes ao mesmo conglomerado.",SECRE,51078,Circular,4033,1,"Poupança e Empréstimo, as Sociedades de Crédito Imobiliário e as Cooperativas de Crédito  § 6º  As operações de crédito para financiamento de capital de giro de que trata o inciso I  ",0,2020-06-24T21:00:00Z,24/6/2020 18:00,1220
Comunicado N° 35.841,24/6/2020 17:37,Divulga nome de pessoas com intenção de ocupar cargos de administração em instituições autorizadas a funcionar pelo Banco Central do Brasil.,DEORF,126164,Comunicado,35841,0,Divulga nome de pessoas com intenção de ocupar cargos de administração em instituições  Instituição Cooperativa de Crédito de Livre Admissão da Região de Pará de Minas Ltda  ,0,2020-06-24T20:37:50Z,24/6/2020 17:37,1221
Comunicado N° 35.840,24/6/2020 16:11,Divulga nome aprovado de pessoas eleitas/nomeadas para cargos de órgãos estatutários ou contratuais de sociedades autorizadas a funcionar pelo Banco Central do Brasil.,DEORF,126163,Comunicado,35840,0,"Instituição Cooperativa de Crédito Rural com Interação Solidária da Costa Oeste - Cresol  Instituição Cooperativa de Crédito, Poupança e Investimento do Araguaia e Xingu - Sicredi  ",0,2020-06-24T19:11:30Z,24/6/2020 16:11,1222
Carta Circular N° 4.060,23/6/2020 17:46,"Divulga procedimentos a respeito da prestação de informações de que trata a Circular nº 3.975, de 8 de janeiro de 2020.",DEBAN,51075,Carta Circular,4060,1,"6º  No caso de sistema cooperativo organizado em três níveis no qual a confederação não seja de crédito, o banco cooperativo responsável pela comprovação do cumprimento da  ",0,2020-06-23T20:46:00Z,23/6/2020 17:46,1223
Comunicado N° 35.836,23/6/2020 16:11,Divulga nome aprovado de pessoas eleitas/nomeadas para cargos de órgãos estatutários ou contratuais de sociedades autorizadas a funcionar pelo Banco Central do Brasil.,DEORF,126159,Comunicado,35836,0,Instituição Cooperativa de Crédito de Livre Admissão do Centro-Sul Rondoniense - Sicoob  Instituição Cooperativa de Crédito dos Servidores Públicos no Estado da Bahia Ltda  ,0,2020-06-23T19:11:01Z,23/6/2020 16:11,1224
Circular N° 4.029,23/6/2020 13:30,"Altera a Circular nº 3.975, de 8 de janeiro de 2020, que institui o recolhimento compulsório sobre recursos de depósitos de poupança, para estabelecer deduções de exigibilidade de saldo de operações de crédito para financiamento de capital de giro e de saldo de aplicações em Depósitos a Prazo com Garantia Especial (DPGE) de instituições não pertencentes ao mesmo conglomerado.",SECRE,51073,Circular,4029,0,"Poupança e Empréstimo, as Sociedades de Crédito Imobiliário e as Cooperativas de Crédito  6º  As operações de crédito para financiamento de capital de giro de que trata o inciso I  ",1,2020-06-23T16:30:00Z,23/6/2020 13:30,1225
Comunicado N° 35.831,22/6/2020 14:31,Divulga nome aprovado de pessoas eleitas/nomeadas para cargos de órgãos estatutários ou contratuais de sociedades autorizadas a funcionar pelo Banco Central do Brasil.,DEORF,126154,Comunicado,35831,0,Divulga nome aprovado de pessoas eleitas/nomeadas para cargos de órgãos estatutários ou  Instituição Cooperativa de Crédito da Região do Vale do Rio Grande Ltda. - Sicoob  ,0,2020-06-22T17:31:49Z,22/6/2020 14:31,1226
Comunicado N° 35.826,19/6/2020 16:28,Divulga nome aprovado de pessoas eleitas/nomeadas para cargos de órgãos estatutários ou contratuais de sociedades autorizadas a funcionar pelo Banco Central do Brasil.,DEORF,126149,Comunicado,35826,0,Instituição Cooperativa de Crédito dos Empresários do Estado de Goiás Ltda. (CNPJ  Instituição Cooperativa de Crédito e Investimentos de Rondônia - Sicoob Credjurd (CNPJ  ,0,2020-06-19T19:28:00Z,19/6/2020 16:28,1227
Comunicado N° 35.820,18/6/2020 16:33,Divulga nome aprovado de pessoas eleitas/nomeadas para cargos de órgãos estatutários ou contratuais de sociedades autorizadas a funcionar pelo Banco Central do Brasil.,DEORF,126143,Comunicado,35820,0,Divulga nome aprovado de pessoas eleitas  Instituição Cooperativa de Crédito Credicitrus (CNPJ 54.037.916  Instituição Companhia Província de Crédito Imobiliário (CNPJ 87.091.716  ,0,2020-06-18T19:33:32Z,18/6/2020 16:33,1228
Resolução N° 4.829,18/6/2020 09:06,"Altera os percentuais de direcionamento dos recursos à vista (MCR 6-2) e respectivos subdirecionamentos destinados à contratação de operações no âmbito do Programa Nacional de Fortalecimento da Agricultura Familiar (Pronaf) e do Programa Nacional de Apoio ao Médio Produtor Rural (Pronamp), e dos recursos da poupança rural (MCR 6-4); institui condições para o cumprimento do direcionamento dos recursos captados por emissão das Letras de Crédito do Agronegócio (MCR 6-7); estabelece a obrigatoriedade de apresentação de coordenadas geodésicas para todas as operações de crédito rural de custeio e de investimento; e simplifica as regras aplicáveis à linha de financiamento para atendimento a cooperados (MCR 5-2).",SECRE,51070,Resolução,4829,0,estoque dos insumos e dos bens adquiridos pela cooperativa com os recursos do crédito deve corresponder ao saldo de capital da  ,0,2020-06-18T12:06:00Z,18/6/2020 09:06,1229
Resolução N° 4.827,18/6/2020 09:04,Define as Taxas de Juros do Crédito Rural (TCR) a serem aplicadas às operações contratadas a partir de 1º de julho de 2020.,SECRE,51068,Resolução,4827,1,Define as Taxas de Juros do Crédito Rural (TCR) a serem aplicadas às operações contratadas  para Aquisição de Café (FAC) para cooperativas de cafeicultores que exerçam as atividades  ,0,2020-06-18T12:04:00Z,18/6/2020 09:04,1230
Resolução N° 4.824,18/6/2020 09:01,Ajusta normas gerais do crédito rural a serem aplicadas a partir de 1º de julho de 2020.,SECRE,51065,Resolução,4824,1,1º  A Seção 2 (Créditos de Custeio) do Capítulo 3 (Operações) do Manual de Crédito Rural (MCR) passa a vigorar com as  a) limite de crédito: os constantes no MCR 3-4-15  ,0,2020-06-18T12:01:00Z,18/6/2020 09:01,1231
Comunicado N° 35.816,17/6/2020 15:04,Divulga nome aprovado de pessoas eleitas/nomeadas para cargos de órgãos estatutários ou contratuais de sociedades autorizadas a funcionar pelo Banco Central do Brasil.,DEORF,126139,Comunicado,35816,0,Divulga nome aprovado de pessoas eleitas/nomeadas para cargos de órgãos estatutários ou contratuais de sociedades  Instituição Cooperativa de Crédito Credicitrus (CNPJ 54.037.916  ,0,2020-06-17T18:04:40Z,17/6/2020 15:04,1232
Comunicado N° 35.813,16/6/2020 16:04,Divulga nome aprovado de pessoas eleitas/nomeadas para cargos de órgãos estatutários ou contratuais de sociedades autorizadas a funcionar pelo Banco Central do Brasil.,DEORF,126136,Comunicado,35813,0,Instituição Cooperativa de Crédito Mútuo dos Empregados da Fiação Alpina - Cooperalpina  Instituição Cooperativa de Crédito dos Funcionários do Grupo Walmart Ltda. - Sicoob  ,0,2020-06-16T19:04:16Z,16/6/2020 16:04,1233
Comunicado N° 35.807,15/6/2020 14:05,Divulga nome aprovado de pessoas eleitas/nomeadas para cargos de órgãos estatutários ou contratuais de sociedades autorizadas a funcionar pelo Banco Central do Brasil.,DEORF,126130,Comunicado,35807,0,"Instituição Cooperativa de Crédito de Livre Admissão de Sacramento Ltda. - Sicoob  Instituição Cooperativa de Crédito, Poupança e Investimento Sicredi Pioneira RS - Sicredi  ",0,2020-06-15T17:05:48Z,15/6/2020 14:05,1234
Comunicado N° 35.802,12/6/2020 15:15,Divulga nome aprovado de pessoas eleitas/nomeadas para cargos de órgãos estatutários ou contratuais de sociedades autorizadas a funcionar pelo Banco Central do Brasil.,DEORF,126125,Comunicado,35802,0,"Instituição Sicredi Ceará Centro Norte - Cooperativa de Crédito da Região Centro Norte do Ceará (CNPJ  Instituição Aymoré Crédito, Financiamento e Investimento S.A. (CNPJ 07.707.650  ",0,2020-06-12T18:15:21Z,12/6/2020 15:15,1235
Comunicado N° 35.796,10/6/2020 16:14,Divulga nome aprovado de pessoas eleitas/nomeadas para cargos de órgãos estatutários ou contratuais de sociedades autorizadas a funcionar pelo Banco Central do Brasil.,DEORF,126119,Comunicado,35796,0,Instituição Sicredi Ceará Centro Norte - Cooperativa de Crédito da Região Centro Norte do Ceará (CNPJ  ,0,2020-06-10T19:14:06Z,10/6/2020 16:14,1236
Comunicado N° 35.791,9/6/2020 15:37,Divulga nome aprovado de pessoas eleitas/nomeadas para cargos de órgãos estatutários ou contratuais de sociedades autorizadas a funcionar pelo Banco Central do Brasil.,DEORF,126114,Comunicado,35791,0,Instituição Cooperativa de Crédito Rural com Interação Solidária de Apiúna - Cresol Apiúna  Instituição Cooperativa de Crédito do Vale Europeu - Sicoob Euro Vale (CNPJ 82.133.182  ,0,2020-06-09T18:37:52Z,9/6/2020 15:37,1237
Comunicado N° 35.786,8/6/2020 15:14,Divulga nome aprovado de pessoas eleitas/nomeadas para cargos de órgãos estatutários ou contratuais de sociedades autorizadas a funcionar pelo Banco Central do Brasil.,DEORF,126109,Comunicado,35786,0,Instituição Cooperativa de Crédito Credirama Ltda. - Sicoob Credirama (CNPJ 03.412.878  Instituição Cooperativa de Crédito com Interação Solidária do Vale Europeu - Cresol Vale  ,0,2020-06-08T18:14:31Z,8/6/2020 15:14,1238
Comunicado N° 35.780,5/6/2020 15:43,Divulga nome aprovado de pessoas eleitas/nomeadas para cargos de órgãos estatutários ou contratuais de sociedades autorizadas a funcionar pelo Banco Central do Brasil.,DEORF,126103,Comunicado,35780,0,Instituição Cooperativa de Crédito de Livre Admissão de Iguatama Ltda. - Sicoob Creditama  Instituição Zipdin Soluções Digitais Sociedade de Crédito Direto S.A. (CNPJ INEXISTENTE  ,0,2020-06-05T18:43:00Z,5/6/2020 15:43,1239
Comunicado N° 35.771,4/6/2020 15:27,Divulga nome aprovado de pessoas eleitas/nomeadas para cargos de órgãos estatutários ou contratuais de sociedades autorizadas a funcionar pelo Banco Central do Brasil.,DEORF,126094,Comunicado,35771,0,Instituição Cooperativa de Crédito de Livre Admissão da Região Metropolitana de Goiânia  Instituição Cooperativa de Crédito Centro-Leste - Sicredi Centro-Leste RS (CNPJ 88.471.024  ,0,2020-06-04T18:27:43Z,4/6/2020 15:27,1240
Circular N° 4.023,3/6/2020 18:05,"Altera a Circular nº 3.929, de 13 de fevereiro de 2019, que altera e consolida as normas relativas à apuração da base de cálculo e ao recolhimento das contribuições das instituições associadas ao Fundo Garantidor de Créditos (FGC).",SECRE,51057,Circular,4023,1,"9º da Lei nº 4.595, de  como base de cálculo das contribuições ordinárias ao Fundo Garantidor de Créditos (FGC  4.3.2.35.00-7 OBRIGAÇÕES POR EMISSÃO DE LETRAS DE CRÉDITO IMOBILIÁRIO  ",0,2020-06-03T21:05:00Z,3/6/2020 18:05,1241
Comunicado N° 35.764,3/6/2020 14:52,Divulga nome aprovado de pessoas eleitas/nomeadas para cargos de órgãos estatutários ou contratuais de sociedades autorizadas a funcionar pelo Banco Central do Brasil.,DEORF,126087,Comunicado,35764,0,"Instituição Cooperativa de Crédito de Livre Admissão do Centro-Norte Goiano (CNPJ  Instituição Cooperativa de Crédito, Poupança e Investimento Sorriso - Sicredi Celeiro do  ",0,2020-06-03T17:52:42Z,3/6/2020 14:52,1242
Comunicado N° 35.758,2/6/2020 14:42,Divulga nome aprovado de pessoas eleitas/nomeadas para cargos de órgãos estatutários ou contratuais de sociedades autorizadas a funcionar pelo Banco Central do Brasil.,DEORF,126081,Comunicado,35758,0,Instituição Cooperativa de Crédito de Livre Admissão de Goiânia e Microrregiões Ltda  Instituição Cooperativa de Crédito com Interação Solidária Oeste Catarinense - Cresol  ,0,2020-06-02T17:42:19Z,2/6/2020 14:42,1243
Comunicado N° 35.750,1/6/2020 14:11,Divulga nome aprovado de pessoas eleitas/nomeadas para cargos de órgãos estatutários ou contratuais de sociedades autorizadas a funcionar pelo Banco Central do Brasil.,DEORF,126073,Comunicado,35750,0,"Instituição Cooperativa de Crédito, Poupança e Investimento Bandeirantes - Sicredi  Instituição Cooperativa de Crédito Rural com Interação Solidária Horizonte - Cresol  ",0,2020-06-01T17:11:14Z,1/6/2020 14:11,1244
Resolução N° 4.820,29/5/2020 15:32,"Estabelece, por prazo determinado, vedações à remuneração do capital próprio, ao aumento da remuneração de administradores, à recompra de ações e à redução de capital social, a serem observadas por instituições financeiras e demais instituições autorizadas a funcionar pelo Banco Central do Brasil, considerando os potenciais efeitos da pandemia do coronavírus (Covid-19) sobre o Sistema Financeiro Nacional.",SECRE,51053,Resolução,4820,0,R E S O L V E  Resolução se aplica às confederações constituídas por cooperativas centrais de crédito  § 6º  O disposto no inciso III do caput não se aplica às cooperativas de crédito  ,0,2020-05-29T18:32:00Z,29/5/2020 15:32,1245
Resolução N° 4.817,29/5/2020 15:30,"Dispõe sobre os critérios para mensuração e reconhecimento contábeis de investimentos em coligadas, controladas e controladas em conjunto mantidos por instituições financeiras e demais instituições autorizadas a funcionar pelo Banco Central do Brasil.",SECRE,51050,Resolução,4817,0,"RESOLUÇÃO Nº 4.817, DE 29 DE MAIO DE 2020  Dispõe sobre os critérios para mensuração e reconhecimento contábeis de investimentos em coligadas, controladas e controladas em conjunto  ",0,2020-05-29T18:30:00Z,29/5/2020 15:30,1246
Resolução N° 4.818,29/5/2020 15:30,Consolida os critérios gerais para elaboração e divulgação de demonstrações financeiras individuais e consolidadas pelas instituições financeiras e demais instituições autorizadas a funcionar pelo Banco Central do Brasil.,SECRE,51051,Resolução,4818,0,"RESOLUÇÃO Nº 4.818, DE 29 DE MAIO DE 2020  R E S O L V E U  II - cooperativas de crédito singulares; e  III - sociedades de crédito ao microempreendedor e à empresa de pequeno porte  ",0,2020-05-29T18:30:00Z,29/5/2020 15:30,1247
Comunicado N° 35.742,29/5/2020 14:48,Divulga nome aprovado de pessoas eleitas/nomeadas para cargos de órgãos estatutários ou contratuais de sociedades autorizadas a funcionar pelo Banco Central do Brasil.,DEORF,126065,Comunicado,35742,0,"Instituição Cooperativa de Crédito Mútuo dos Corretores de Seguros do Estado de São Paulo  Instituição Cooperativa de Crédito, Poupança e Investimento Vale do Piquiri ABCD - Sicredi  ",0,2020-05-29T17:48:23Z,29/5/2020 14:48,1248
Comunicado N° 35.731,28/5/2020 16:21,Divulga nome aprovado de pessoas eleitas/nomeadas para cargos de órgãos estatutários ou contratuais de sociedades autorizadas a funcionar pelo Banco Central do Brasil.,DEORF,126054,Comunicado,35731,0,"Instituição Cooperativa de Crédito dos Médicos, Servidores Públicos e Empresários do  Instituição Cooperativa de Crédito de Livre Admissão de Associados Unirondônia Ltda. (CNPJ  ",0,2020-05-28T19:21:41Z,28/5/2020 16:21,1249
Comunicado N° 35.727,27/5/2020 15:47,Divulga nome aprovado de pessoas eleitas/nomeadas para cargos de órgãos estatutários ou contratuais de sociedades autorizadas a funcionar pelo Banco Central do Brasil.,DEORF,126050,Comunicado,35727,0,Instituição Cooperativa de Crédito Rural com Interação Solidária Vale das Águas - Cresol  Instituição Cooperativa de Crédito do Planalto Sul - Sicoob Credisserrana (CNPJ 03.033.469  ,0,2020-05-27T18:47:10Z,27/5/2020 15:47,1250
Comunicado N° 35.722,26/5/2020 15:33,Divulga nome aprovado de pessoas eleitas/nomeadas para cargos de órgãos estatutários ou contratuais de sociedades autorizadas a funcionar pelo Banco Central do Brasil.,DEORF,126044,Comunicado,35722,0,"Instituição Cooperativa de Crédito, Poupança e Investimento Vale do Jaguari e Zona da Mata  Instituição Cooperativa de Crédito de Livre Admissão do Sudoeste da Amazônia Ltda  ",0,2020-05-26T18:33:19Z,26/5/2020 15:33,1251
Carta Circular N° 4.056,25/5/2020 18:07,"Estabelece os procedimentos necessários para a adesão ao arranjo de pagamentos instantâneos (PIX), desde o seu lançamento.",DECEM,51047,Carta Circular,4056,1,"2º, as cooperativas de crédito filiadas a confederações, centrais ou federações de cooperativas de crédito ou a bancos cooperativos cujo cadastro tenha sido realizado nos  ",0,2020-05-25T21:07:00Z,25/5/2020 18:07,1252
Comunicado N° 35.719,25/5/2020 15:49,Divulga nome aprovado de pessoas eleitas/nomeadas para cargos de órgãos estatutários ou contratuais de sociedades autorizadas a funcionar pelo Banco Central do Brasil.,DEORF,126041,Comunicado,35719,0,"Instituição Cooperativa de Crédito com Interação Solidária União dos Vales - Cresol União  Instituição Cooperativa de Crédito, Poupança e Investimento do Norte e Nordeste de Santa  ",0,2020-05-25T18:49:44Z,25/5/2020 15:49,1253
Carta Circular N° 4.054,25/5/2020 11:59,"Divulga procedimentos para a instrução de pedidos de autorização para captação de depósitos de poupança rural, por parte das cooperativas de crédito, nos termos da Resolução nº 4.716, de 25 de abril de 2019, e da Resolução nº 4.772, de 19 de dezembro de 2019.",DEORF,51045,Carta Circular,4054,1,"b) qualificação das cooperativas singulares objeto do pedido de autorização, com a identificação da respectiva cooperativa central de crédito a qual cada uma está filiada  ",0,2020-05-25T14:59:00Z,25/5/2020 11:59,1254
Comunicado N° 35.707,22/5/2020 14:09,Divulga nome aprovado de pessoas eleitas/nomeadas para cargos de órgãos estatutários ou contratuais de sociedades autorizadas a funcionar pelo Banco Central do Brasil.,DEORF,126029,Comunicado,35707,0,Instituição Cooperativa de Crédito do Centro-Sul Mineiro Ltda. - Sicoob Centro-Sul Mineiro  Instituição Cooperativa de Crédito da Fronteira Sul - Sicredi Fronteira Sul RS (CNPJ  ,0,2020-05-22T17:09:04Z,22/5/2020 14:09,1255
Comunicado N° 35.703,21/5/2020 17:40,Divulga nome de pessoas com intenção de ocupar cargos de administração em instituições autorizadas a funcionar pelo Banco Central do Brasil.,DEORF,126025,Comunicado,35703,0,"Divulga nome de pessoas com intenção de ocupar cargos de administração em instituições  Instituição Cooperativa de Crédito, Poupança e Investimento de Espumoso - Sicredi Espumoso  ",0,2020-05-21T20:40:48Z,21/5/2020 17:40,1256
Comunicado N° 35.702,21/5/2020 14:34,Divulga nome aprovado de pessoas eleitas/nomeadas para cargos de órgãos estatutários ou contratuais de sociedades autorizadas a funcionar pelo Banco Central do Brasil.,DEORF,126024,Comunicado,35702,0,"Instituição Cooperativa de Crédito de Livre Admissão de Marechal Cândido Rondon e Região  Instituição Cooperativa de Crédito, Poupança e Investimento Alto Uruguai - Sicredi Alto  ",0,2020-05-21T17:34:55Z,21/5/2020 14:34,1257
Comunicado N° 35.698,20/5/2020 16:01,Divulga nome aprovado de pessoas eleitas/nomeadas para cargos de órgãos estatutários ou contratuais de sociedades autorizadas a funcionar pelo Banco Central do Brasil.,DEORF,126020,Comunicado,35698,0,Instituição Cooperativa de Crédito de Livre Admissão da Região de Três Pontas Ltda  Instituição Cooperativa de Crédito Clássica dos Funcionários e Prestadores de Serviços das  ,0,2020-05-20T19:01:53Z,20/5/2020 16:01,1258
Comunicado N° 35.692,19/5/2020 17:03,Divulga nome de pessoas com intenção de ocupar cargos de administração em instituições autorizadas a funcionar pelo Banco Central do Brasil.,DEORF,126014,Comunicado,35692,0,"Componente Deorf/GTRJA 
 
 
Instituição Cooperativa De Crédito, Poupança e Investimento Celeiro - Sicredi  ",0,2020-05-19T20:03:49Z,19/5/2020 17:03,1259
Comunicado N° 35.691,19/5/2020 15:04,Divulga nome aprovado de pessoas eleitas/nomeadas para cargos de órgãos estatutários ou contratuais de sociedades autorizadas a funcionar pelo Banco Central do Brasil.,DEORF,126013,Comunicado,35691,0,Instituição Cooperativa de Crédito da Região e Colar Metropolitano do Vale do Aço Ltda  Instituição Cooperativa de Crédito Rural com Interação Solidária de Oliveira dos Brejinhos  ,0,2020-05-19T18:04:33Z,19/5/2020 15:04,1260
Comunicado N° 35.686,18/5/2020 17:53,Divulga nome aprovado de pessoas eleitas/nomeadas para cargos de órgãos estatutários ou contratuais de sociedades autorizadas a funcionar pelo Banco Central do Brasil.,DEORF,126008,Comunicado,35686,0,"Instituição Cooperativa de Economia e Crédito Mútuo dos Funcionários da Cargill (CNPJ  Instituição Cooperativa de Crédito, Poupança e Investimento União dos Estados de Mato  ",0,2020-05-18T20:53:27Z,18/5/2020 17:53,1261
Comunicado N° 35.680,15/5/2020 13:45,Divulga nome aprovado de pessoas eleitas/nomeadas para cargos de órgãos estatutários ou contratuais de sociedades autorizadas a funcionar pelo Banco Central do Brasil.,DEORF,126002,Comunicado,35680,0,"Instituição Cooperativa de Crédito, Poupança e Investimento Vale do Piquiri ABCD - Sicredi  Instituição Cooperativa de Crédito com Interação Solidária de Goiás - Cresol Goiás (CNPJ  ",0,2020-05-15T16:45:55Z,15/5/2020 13:45,1262
Comunicado N° 35.676,14/5/2020 17:52,Divulga nome de pessoas com intenção de ocupar cargos de administração em instituições autorizadas a funcionar pelo Banco Central do Brasil.,DEORF,125998,Comunicado,35676,0,"Instituição COMPANHIA PROVINCIA DE CRÉDITO IMOBIIÁRIO (CNPJ 87.091.716  Instituição da Cooperativa de Crédito, Poupança e Investimento Celeiro - Sicredi Celeiro  ",0,2020-05-14T20:52:45Z,14/5/2020 17:52,1263
Comunicado N° 35.673,14/5/2020 15:05,Divulga nome aprovado de pessoas eleitas/nomeadas para cargos de órgãos estatutários ou contratuais de sociedades autorizadas a funcionar pelo Banco Central do Brasil.,DEORF,125995,Comunicado,35673,0,Instituição Cooperativa de Economia e Crédito Mútuo dos Funcionários da Usina Santa Maria  Instituição Cooperativa de Crédito de Livre Admissão do Centro-Norte Goiano (CNPJ  ,0,2020-05-14T18:05:21Z,14/5/2020 15:05,1264
Carta Circular N° 4.051,14/5/2020 12:26,"Dispõe sobre a remessa de demonstrações financeiras individuais e consolidadas, anuais, semestrais e intermediárias, em forma de dados abertos, para fins de constituição da Central de Demonstrações Financeiras do Sistema Financeiro Nacional, de que trata a Circular nº 3.964, de 25 de setembro de 2019 e a Carta Circular nº 3.981, de 25 de outubro de 2019.",DESIG,51041,Carta Circular,4051,1,"CARTA CIRCULAR Nº 4.051, DE 14 DE MAIO DE 2020  R E S O L V E  II - cooperativas de crédito singulares  III - sociedades de crédito ao microempreendedor e à empresa de pequeno porte  ",0,2020-05-14T15:26:00Z,14/5/2020 12:26,1265
Resolução N° 4.816,13/5/2020 20:22,"Altera a Resolução nº 4.802, de 9 de abril de 2020, que autoriza, para produtores rurais e cooperativas singulares de produção agropecuária que tenham sofrido perdas na renda em decorrência de seca ou estiagem, a renegociação de operações de crédito rural de custeio e de investimento.",SECRE,51040,Resolução,4816,1,"1º e as operações de crédito rural contratadas no âmbito do Programa de Sustentação de  autoriza, para produtores rurais e cooperativas singulares de produção agropecuária que  ",0,2020-05-13T23:22:00Z,13/5/2020 20:22,1266
Comunicado N° 35.668,13/5/2020 14:51,Divulga nome aprovado de pessoas eleitas/nomeadas para cargos de órgãos estatutários ou contratuais de sociedades autorizadas a funcionar pelo Banco Central do Brasil.,DEORF,125990,Comunicado,35668,0,Instituição Cooperativa de Crédito Maxi Alfa de Livre Admissão de Associados - Sicoob  Instituição Cooperativa de Crédito de Livre Admissão do Sudoeste da Amazônia Ltda  ,0,2020-05-13T17:51:52Z,13/5/2020 14:51,1267
Comunicado N° 35.660,12/5/2020 14:50,Divulga nome aprovado de pessoas eleitas/nomeadas para cargos de órgãos estatutários ou contratuais de sociedades autorizadas a funcionar pelo Banco Central do Brasil.,DEORF,125982,Comunicado,35660,0,"Instituição Cooperativa de Crédito de Livre Admissão de Pitangui, Papagaios, Maravilhas e  Instituição Crefaz Sociedade de Crédito ao Microempreendedor e à Empresa de Pequeno Porte  ",0,2020-05-12T17:50:45Z,12/5/2020 14:50,1268
Comunicado N° 35.656,11/5/2020 15:35,Divulga nome aprovado de pessoas eleitas/nomeadas para cargos de órgãos estatutários ou contratuais de sociedades autorizadas a funcionar pelo Banco Central do Brasil.,DEORF,125978,Comunicado,35656,0,Instituição Cooperativa de Crédito União do Centro Oeste de Minas Ltda. - Sicoob Centro  Instituição Cooperativa de Crédito Crediesmeraldas Ltda. - Sicoob Crediesmeraldas (CNPJ  ,0,2020-05-11T18:35:17Z,11/5/2020 15:35,1269
Circular N° 4.017,8/5/2020 18:00,"Altera parâmetros para o cálculo e a cobrança de custo financeiro das instituições financeiras que apresentarem deficiência nas exigibilidades de direcionamento de recursos para o crédito rural, de que trata a Seção 8 (Cálculo e Cobrança de Custo Financeiro por Deficiência no Cumprimento das Exigibilidades) do Capítulo 6 (Recursos) do Manual de Crédito Rural (MCR).",SECRE,51034,Circular,4017,1,"“6 - A RmOpC dos bancos cooperativos, das confederações de centrais de cooperativas de crédito e das cooperativas centrais de crédito será calculada com base na agregação dos  ",0,2020-05-08T21:00:00Z,8/5/2020 18:00,1270
Comunicado N° 35.652,8/5/2020 15:41,Divulga nome aprovado de pessoas eleitas/nomeadas para cargos de órgãos estatutários ou contratuais de sociedades autorizadas a funcionar pelo Banco Central do Brasil.,DEORF,125974,Comunicado,35652,0,"Instituição Cooperativa de Crédito de Livre Admissão do Estado de São Paulo - Sicoob  NU Financeira S.A. - Sociedade de Crédito, Financiamento e Investimento (CNPJ 30.680.829  ",0,2020-05-08T18:41:26Z,8/5/2020 15:41,1271
Comunicado N° 35.646,7/5/2020 16:20,Divulga nome aprovado de pessoas eleitas/nomeadas para cargos de órgãos estatutários ou contratuais de sociedades autorizadas a funcionar pelo Banco Central do Brasil.,DEORF,125968,Comunicado,35646,0,Divulga nome aprovado de pessoas eleitas/nomeadas para cargos de órgãos estatutários ou  Instituição Cooperativa de Economia e Crédito Mútuo do Vale das Antas Ltda. - Unicred Vale  ,0,2020-05-07T19:20:46Z,7/5/2020 16:20,1272
Comunicado N° 35.639,6/5/2020 14:58,Divulga nome aprovado de pessoas eleitas/nomeadas para cargos de órgãos estatutários ou contratuais de sociedades autorizadas a funcionar pelo Banco Central do Brasil.,DEORF,125961,Comunicado,35639,0,Instituição Cooperativa de Crédito Rural com Interação Solidária de Pouso Redondo - Cresol  Instituição Global Finanças Sociedade de Crédito ao Microempreendedor e à Empresa de  ,0,2020-05-06T17:58:48Z,6/5/2020 14:58,1273
Comunicado N° 35.630,5/5/2020 15:48,Divulga nome aprovado de pessoas eleitas/nomeadas para cargos de órgãos estatutários ou contratuais de sociedades autorizadas a funcionar pelo Banco Central do Brasil.,DEORF,125952,Comunicado,35630,0,Instituição Cooperativa de Crédito de Livre Admissão do Vale do Rio Grande Ltda. - Sicoob  Instituição Cooperativa de Economia e Crédito Mútuo do Vale das Antas Ltda. - Unicred Vale  ,0,2020-05-05T18:48:15Z,5/5/2020 15:48,1274
Comunicado N° 35.624,4/5/2020 14:51,Divulga nome aprovado de pessoas eleitas/nomeadas para cargos de órgãos estatutários ou contratuais de sociedades autorizadas a funcionar pelo Banco Central do Brasil.,DEORF,125946,Comunicado,35624,0,"Instituição Cooperativa de Economia e Crédito Mútuo dos Engenheiros, Arquitetos, Agrônomos  Instituição Cooperativa de Crédito Unicred Sul-Catarinense Ltda. - Unicred Sul Catarinense  ",0,2020-05-04T17:51:46Z,4/5/2020 14:51,1275
Resolução Conjunta Nº 1,4/5/2020 12:00,Dispõe sobre a implementação do Open Finance.,NA,51028,Resolução Conjunta,1,0,"RESOLUÇÃO CONJUNTA Nº 1, DE 4 DE MAIO DE 2020  Dispõe sobre a implementação do Sistema Financeiro Aberto  5. operações de crédito  b) encaminhamento de proposta de operação de crédito  ",0,2020-05-04T15:00:00Z,4/5/2020 12:00,1276
Circular N° 4.015,4/5/2020 10:49,Dispõe sobre o escopo de dados e serviços do Sistema Financeiro Aberto (Open Banking).,SECRE,51025,Circular,4015,0,"o inciso III, alínea &quot;a&quot;, do caput, as cooperativas de crédito devem considerar a data de associação do  c) limites de crédito por modalidade de operação  ",0,2020-05-04T13:49:00Z,4/5/2020 10:49,1277
Resolução N° 4.814,30/4/2020 18:40,"Altera a Resolução nº 4.677, de 31 de julho de 2018, que estabelece limites máximos de exposição por cliente e limite máximo de exposições concentradas.",SECRE,51024,Resolução,4814,0,ou de empréstimo a associado de cooperativa singular de crédito integrante do mesmo sistema cooperativo de crédito  ,0,2020-04-30T21:40:00Z,30/4/2020 18:40,1278
Resolução N° 4.807,30/4/2020 18:30,"Altera as Resoluções ns. 4.801 e 4.802, ambas de 9 de abril de 2020, que autorizam medidas relacionadas ao crédito rural para mitigar o efeito negativo do distanciamento social decorrente da Covid-19, e da seca, respectivamente.",SECRE,51017,Resolução,4807,1,"b) limite de crédito: R$65.000.000,00 (sessenta e cinco milhões de reais) por cooperativa, em uma ou mais operações, independentemente de  ",0,2020-04-30T21:30:00Z,30/4/2020 18:30,1279
Comunicado N° 35.617,30/4/2020 15:48,"Divulga Declaração de Propósito de responsabilidade da Cooperativa de Crédito, Poupança e Investimento Sorriso Sicredi Celeirodo MT.",DEORF,125938,Comunicado,35617,0,"de Propósito de responsabilidade da Cooperativa de Crédito, Poupança e Investimento Sorriso Sicredi  ",0,2020-04-30T18:48:35Z,30/4/2020 15:48,1280
Comunicado N° 35.614,30/4/2020 15:03,Divulga nome aprovado de pessoas eleitas/nomeadas para cargos de órgãos estatutários ou contratuais de sociedades autorizadas a funcionar pelo Banco Central do Brasil.,DEORF,125935,Comunicado,35614,0,Uniprime Central - Central Interestadual de Cooperativas de Crédito Ltda. (CNPJ 03.046.391  Instituição Cooperativa de Crédito do Planalto Sul - Sicoob Credisserrana (CNPJ 03.033.469  ,0,2020-04-30T18:03:41Z,30/4/2020 15:03,1281
Comunicado N° 35.602,29/4/2020 14:46,Divulga nome aprovado de pessoas eleitas/nomeadas para cargos de órgãos estatutários ou contratuais de sociedades autorizadas a funcionar pelo Banco Central do Brasil.,DEORF,125923,Comunicado,35602,0,"Instituição Cooperativa de Crédito de Livre Admissão de Pará de Minas Ltda. - Sicoob  Instituição Cooperativa de Crédito, Poupança e Investimento do Noroeste do Estado de São  ",0,2020-04-29T17:46:02Z,29/4/2020 14:46,1282
Carta Circular N° 4.039,29/4/2020 13:55,"Altera a Carta Circular nº 4.024, de 9 de abril de 2020, que estabelece procedimentos para verificação dos critérios de elegibilidade das garantias vinculadas para a Linha Temporária Especial de Liquidez via emissão de Letra Financeira com garantia em ativos financeiros ou valores mobiliários (LTEL-LFG) de que tratam a Resolução nº 4.795, de 2 de abril de 2020, e a Circular nº 3.996, de 6 de abril de 2020.",DESIG,51011,Carta Circular,4039,1,"CARTA CIRCULAR Nº 4.039, DE 29 DE ABRIL DE  interfinanceiros realizados pelos bancos cooperativos, no âmbito do Sistema Nacional de Crédito Cooperativo, conforme previsto no art  ",0,2020-04-29T16:55:00Z,29/4/2020 13:55,1283
Carta Circular N° 4.038,29/4/2020 11:38,"Estabelece procedimentos relativos ao envio de documentos de instrução por meio do Protocolo Digital, à solicitação de informações, à formalização de exigências, à comunicação da decisão e às demais comunicações relacionadas com a instrução e com o exame de processos de autorização conduzidos pelo Departamento de Organização do Sistema Financeiro (Deorf) e à suspensão do envio dos atos societários autenticados às instituições requerentes.",DEORF,51010,Carta Circular,4038,1,"CARTA CIRCULAR Nº 4.038, DE 29 DE ABRIL DE 2020  Estabelece procedimentos relativos ao envio de documentos de instrução por meio do Protocolo Digital, à solicitação de informações  ",0,2020-04-29T14:38:00Z,29/4/2020 11:38,1284
Circular N° 4.013,28/4/2020 18:04,"Altera a Circular nº 3.590, de 26 de abril de 2012, que dispõe sobre a análise de atos de concentração no Sistema Financeiro Nacional pelo Banco Central do Brasil.",SECRE,51009,Circular,4013,0,II - cessões de créditos que não envolvam as operações referidas em seus incisos I a VII  sobre o fornecimento de informações pelas cooperativas de crédito para o exame de atos de  ,0,2020-04-28T21:04:00Z,28/4/2020 18:04,1285
Circular N° 4.011,28/4/2020 18:02,"Altera a Circular nº 3.996, de 6 de abril de 2020, que dispõe sobre as operações de empréstimo por meio de Linha Temporária Especial de Liquidez para aquisição de Letra Financeira com garantia em ativos financeiros ou valores mobiliários (LTEL-LFG), de que trata a Resolução nº 4.795, de 2 de abril de 2020.",SECRE,51007,Circular,4011,1,"CIRCULAR Nº 4.011, DE 28 DE ABRIL DE  no âmbito do Sistema Nacional de Crédito Cooperativo integram o rol de operações com característica de concessão de crédito de que trata o art  ",0,2020-04-28T21:02:00Z,28/4/2020 18:02,1286
Comunicado N° 35.596,28/4/2020 16:07,Divulga nome aprovado de pessoas eleitas/nomeadas para cargos de órgãos estatutários ou contratuais de sociedades autorizadas a funcionar pelo Banco Central do Brasil.,DEORF,125917,Comunicado,35596,0,"Instituição Cooperativa de Crédito de Livre Admissão de Pedro Leopoldo Ltda. - Sicoob  Instituição Cooperativa de Crédito, Poupança e Investimento do Cerrado de Goiás - Sicredi  ",0,2020-04-28T19:07:19Z,28/4/2020 16:07,1287
Circular N° 4.007,24/4/2020 19:59,"Altera a Circular 3.996, de 6 de abril de 2020, que dispõe sobre as operações de empréstimo por meio de Linha Temporária Especial de Liquidez para aquisição de Letra Financeira com garantia em ativos financeiros ou valores mobiliários (LTEL-LFG), de que trata a Resolução nº 4.795, de 2 de abril de 2020.",SECRE,51002,Circular,4007,1,"CIRCULAR Nº 4.007, DE 24 DE ABRIL DE  no âmbito do Sistema Nacional de Crédito Cooperativo integram o rol de operações com característica de concessão de crédito de que trata o art  ",0,2020-04-24T22:59:00Z,24/4/2020 19:59,1288
Comunicado N° 35.573,24/4/2020 15:03,Divulga nome aprovado de pessoas eleitas/nomeadas para cargos de órgãos estatutários ou contratuais de sociedades autorizadas a funcionar pelo Banco Central do Brasil.,DEORF,125894,Comunicado,35573,0,Instituição Cooperativa de Crédito de Livre Admissão do Estado de São Paulo - Sicoob  Instituição Cooperativa de Crédito de Livre Admissão de Rio Branco Ltda. (CNPJ 01.608.685  ,0,2020-04-24T18:03:24Z,24/4/2020 15:03,1289
Comunicado N° 35.555,23/4/2020 14:13,Divulga nome aprovado de pessoas eleitas/nomeadas para cargos de órgãos estatutários ou contratuais de sociedades autorizadas a funcionar pelo Banco Central do Brasil.,DEORF,125876,Comunicado,35555,0,"Divulga nome aprovado de pessoas eleitas/nomeadas para cargos de órgãos estatutários ou  Instituição Cooperativa de Economia e Crédito Mútuo dos Magistrados, Membros do Ministério  ",0,2020-04-23T17:13:56Z,23/4/2020 14:13,1290
Comunicado N° 35.545,22/4/2020 15:17,Divulga nome aprovado de pessoas eleitas/nomeadas para cargos de órgãos estatutários ou contratuais de sociedades autorizadas a funcionar pelo Banco Central do Brasil.,DEORF,125866,Comunicado,35545,0,Instituição Cooperativa de Crédito de Livre Admissão do Nordeste de Minas Gerais Ltda  Instituição Cooperativa de Crédito Mútuo dos Funcionários da Camda-Cocrealpa - Credi-Camda  ,0,2020-04-22T18:17:54Z,22/4/2020 15:17,1291
Carta Circular N° 4.034,22/4/2020 10:20,"Altera, em função dos impactos da Covid-19 na economia, as datas-limites para a remessa ao Banco Central do Brasil dos documentos 3040 - Dados de Risco de Crédito, 3050 - Estatísticas Agregadas de Crédito e de Arrendamento Mercantil e 5300 - Informações sobre Relacionamentos de Cooperativa.",DESIG,50996,Carta Circular,4034,0,"documentos 3040 - Dados de Risco de Crédito, 3050 - Estatísticas Agregadas de Crédito e de Arrendamento Mercantil e 5300 - Informações sobre Relacionamentos de Cooperativa  ",0,2020-04-22T13:20:00Z,22/4/2020 10:20,1292
Comunicado N° 35.534,20/4/2020 14:20,Divulga nome aprovado de pessoas eleitas/nomeadas para cargos de órgãos estatutários ou contratuais de sociedades autorizadas a funcionar pelo Banco Central do Brasil.,DEORF,125855,Comunicado,35534,0,Instituição Cooperativa de Crédito Credicarpa Ltda. - Sicoob Credicarpa (CNPJ 23.949.522  Instituição Cooperativa de Economia e Crédito Mútuo dos Empregados dos Laboratórios B  ,0,2020-04-20T17:20:56Z,20/4/2020 14:20,1293
Comunicado N° 35.527,17/4/2020 16:29,Divulga nome aprovado de pessoas eleitas/nomeadas para cargos de órgãos estatutários ou contratuais de sociedades autorizadas a funcionar pelo Banco Central do Brasil.,DEORF,125848,Comunicado,35527,0,Instituição Cooperativa de Crédito de Livre Admissão da Grande Goiânia Ltda. (CNPJ  Instituição Cooperativa de Crédito de Mairi Ltda. - Sicoob Coopemar (CNPJ 04.174.720  ,0,2020-04-17T19:29:45Z,17/4/2020 16:29,1294
Comunicado N° 35.522,16/4/2020 16:16,Divulga nome aprovado de pessoas eleitas/nomeadas para cargos de órgãos estatutários ou contratuais de sociedades autorizadas a funcionar pelo Banco Central do Brasil.,DEORF,125843,Comunicado,35522,0,"Instituição Cooperativa de Crédito, Poupança e Investimento Novos Horizontes - Sicredi  Instituição Uniprime Paulista - Cooperativa de Crédito (CNPJ 74.220.948  ",0,2020-04-16T19:16:53Z,16/4/2020 16:16,1295
Circular N° 4.004,16/4/2020 09:01,"Altera a Circular nº 3.996, de 6 de abril de 2020, que dispõe sobre as operações de empréstimo por meio de Linha Temporária Especial de Liquidez para aquisição de Letra Financeira com garantia em ativos financeiros ou valores mobiliários (LTEL-LFG), de que trata a Resolução nº 4.795, de 2 de abril de 2020.",SECRE,50991,Circular,4004,1,"16 de abril de 2020 Página 2 de 4 crédito, no momento da emissão, relativas a operações de  com base no Balancete Combinado do Sistema Cooperativo, de que trata a Resolução nº 4.151  ",0,2020-04-16T12:01:00Z,16/4/2020 09:01,1296
Comunicado N° 35.517,15/4/2020 15:46,Divulga nome aprovado de pessoas eleitas/nomeadas para cargos de órgãos estatutários ou contratuais de sociedades autorizadas a funcionar pelo Banco Central do Brasil.,DEORF,125838,Comunicado,35517,0,Instituição Cooperativa de Crédito do Vale Europeu - Sicoob Euro Vale (CNPJ 82.133.182  Instituição Cooperativa de Crédito Teixeira de Freitas Ltda. - Sicoob Extremo Sul (CNPJ  ,0,2020-04-15T18:46:02Z,15/4/2020 15:46,1297
Comunicado N° 35.511,14/4/2020 14:18,Divulga nome aprovado de pessoas eleitas/nomeadas para cargos de órgãos estatutários ou contratuais de sociedades autorizadas a funcionar pelo Banco Central do Brasil.,DEORF,125832,Comunicado,35511,0,Instituição Cooperativa de Crédito Poupança e Investimento dos Profissionais Médicos e da  Instituição Cooperativa de Crédito de Livre Admissão do Sudoeste Goiano (CNPJ 24.795.049  ,0,2020-04-14T17:18:52Z,14/4/2020 14:18,1298
Comunicado N° 35.504,13/4/2020 14:48,Divulga nome aprovado de pessoas eleitas/nomeadas para cargos de órgãos estatutários ou contratuais de sociedades autorizadas a funcionar pelo Banco Central do Brasil.,DEORF,125825,Comunicado,35504,0,Instituição Cooperativa de Crédito de Livre Admissão da Zona da Mata Ltda. - Sicoob  Instituição Cooperativa de Crédito Poupança e Investimento dos Profissionais Médicos e da  ,0,2020-04-13T17:48:54Z,13/4/2020 14:48,1299
Carta Circular N° 4.024,9/4/2020 18:03,"Estabelece procedimentos para verificação dos critérios de elegibilidade das garantias vinculadas para a Linha Temporária Especial de Liquidez via emissão de Letra Financeira com garantia em ativos financeiros ou valores mobiliários (LTEL-LFG) de que tratam a Resolução nº 4.795, de 2 de abril de 2020, e a Circular nº 3.996, de 6 de abril de 2020.",DESIG,50981,Carta Circular,4024,1,"R E S O L V E  do documento 3040 - Dados de Risco de Crédito, cujas informações tenham sido processadas e incorporadas à base de dados do Sistema de Informações de Crédito (SCR  ",0,2020-04-09T21:03:00Z,9/4/2020 18:03,1300
Comunicado N° 35.495,9/4/2020 15:45,Divulga nome aprovado de pessoas eleitas/nomeadas para cargos de órgãos estatutários ou contratuais de sociedades autorizadas a funcionar pelo Banco Central do Brasil.,DEORF,125816,Comunicado,35495,0,Instituição Cooperativa de Crédito Crediuna Ltda. - Sicoob Crediuna (CNPJ 64.237.530  Instituição Cooperativa de Crédito Rural com Interação Solidária de Curitibanos - Cresol  ,0,2020-04-09T18:45:50Z,9/4/2020 15:45,1301
Circular N° 4.000,9/4/2020 08:34,"Altera a Circular nº 3.614, de 14 de novembro de 2012, que dispõe sobre as condições de emissão de Letra de Crédito Imobiliário.",SECRE,50978,Circular,4000,0,"novembro de 2012, que dispõe sobre as condições de emissão de Letra de Crédito Imobiliário  hipotecárias, os bancos de investimento e as cooperativas de crédito podem emitir LCI  ",0,2020-04-09T11:34:00Z,9/4/2020 08:34,1302
Resolução N° 4.801,9/4/2020 08:30,"Autoriza, para produtores rurais, inclusive agricultores familiares cujas atividades tenham sido prejudicadas em decorrência das medidas de distanciamento social adotadas para mitigar os impactos da pandemia provocada pela Covid-19, a prorrogação do reembolso das operações de crédito rural de custeio e de investimento; a contratação de Financiamento para Garantia de Preços ao Produtor (FGPP) ao amparo de Recursos Obrigatórios de que trata a Seção 2 do Capítulo 6 do Manual de Crédito Rural (MCR 6-2); e cria linhas especiais de crédito de custeio ao amparo do Programa Nacional de Fortalecimento da Agricultura Familiar (Pronaf) e do Programa Nacional de Apoio ao Médio Produtor Rural (Pronamp).",SECRE,50973,Resolução,4801,1,"RESOLUÇÃO Nº 4.801, DE 9 DE ABRIL DE  a Seção 2 do Capítulo 6 do Manual de Crédito Rural (MCR 6-2); e cria linhas especiais de crédito de custeio ao amparo do Programa Nacional de  ",0,2020-04-09T11:30:00Z,9/4/2020 08:30,1303
Resolução N° 4.802,9/4/2020 08:30,"Autoriza, para produtores rurais e cooperativas singulares de produção agropecuária que tenham sofrido perdas na renda em decorrência de seca ou estiagem, a renegociação de operações de crédito rural de custeio e de investimento; e o financiamento no âmbito do Programa de Capitalização de Cooperativas Agropecuárias (Procap-Agro) ao amparo de Recursos Obrigatórios, de que trata o Manual de Crédito Rural (MCR 6-2); e cria linhas especiais de crédito de custeio ao amparo do Programa Nacional de Fortalecimento da Agricultura Familiar (Pronaf) e do Programa Nacional de Apoio ao Médio Produtor Rural (Pronamp).",SECRE,50974,Resolução,4802,1,"RESOLUÇÃO Nº 4.802, DE 9 DE ABRIL DE  a Seção 2 do Capítulo 6 do Manual de Crédito Rural (MCR 6-2); e cria linhas especiais de crédito de custeio ao amparo do Programa Nacional de  ",0,2020-04-09T11:30:00Z,9/4/2020 08:30,1304
Comunicado N° 35.490,8/4/2020 16:17,Divulga nome aprovado de pessoas eleitas/nomeadas para cargos de órgãos estatutários ou contratuais de sociedades autorizadas a funcionar pelo Banco Central do Brasil.,DEORF,125811,Comunicado,35490,0,Instituição Cooperativa de Crédito de Livre Admissão de Associados Oeste Catarinense (CNPJ  Instituição Cooperativa de Crédito Rural com Interação Solidária de Getúlio Vargas  ,0,2020-04-08T19:17:13Z,8/4/2020 16:17,1305
Comunicado N° 35.483,7/4/2020 16:31,Divulga Declaração de Propósito de responsabilidade da Cooperativa de Crédito Poupança e Investimento do Cerrado de Goiás  Sicredi Cerrado GO.,DEORF,125804,Comunicado,35483,0,de exercer o cargo de administração na Cooperativa de Crédito Poupança e Investimento do Cerrado de  ,0,2020-04-07T19:31:21Z,7/4/2020 16:31,1306
Comunicado N° 35.481,7/4/2020 15:42,Divulga nome aprovado de pessoas eleitas/nomeadas para cargos de órgãos estatutários ou contratuais de sociedades autorizadas a funcionar pelo Banco Central do Brasil.,DEORF,125802,Comunicado,35481,0,Instituição Cooperativa de Crédito da Região e Colar Metropolitano do Vale do Aço Ltda  Instituição Cooperativa de Crédito e Serviços Financeiros de Curitiba e Região  ,0,2020-04-07T18:42:49Z,7/4/2020 15:42,1307
Comunicado N° 35.473,6/4/2020 15:30,Divulga nome aprovado de pessoas eleitas/nomeadas para cargos de órgãos estatutários ou contratuais de sociedades autorizadas a funcionar pelo Banco Central do Brasil.,DEORF,125794,Comunicado,35473,0,Instituição Cooperativa de Crédito Mútuo dos Micro e Pequenos Empresários e  Instituição Cooperativa de Crédito de Livre Admissão de Associados Campos Novos - Sicoob  ,0,2020-04-06T18:30:04Z,6/4/2020 15:30,1308
Resolução N° 4.800,6/4/2020 12:45,"Dispõe sobre as operações de crédito para financiamento da folha salarial realizadas, pelas instituições financeiras, no âmbito do Programa Emergencial de Suporte a Empregos, instituído pela Medida Provisória nº 944, de 3 de abril de 2020.",SECRE,50970,Resolução,4800,1,"sociedades empresárias e sociedades cooperativas, excetuadas as sociedades de crédito, observado que  § 2º  As operações de crédito de que trata o caput deverão  ",0,2020-04-06T15:45:00Z,6/4/2020 12:45,1309
Resolução N° 4.798,6/4/2020 10:30,"Institui linha de crédito especial com recursos dos Fundos Constitucionais de Financiamento do Norte (FNO), do Nordeste (FNE) e do Centro-Oeste (FCO), de que trata o art. 8º-A da Lei nº 10.177, de 12 de janeiro de 2001, e estabelece  encargos financeiros, prazos, limites, finalidades e demais condições desse financiamento, destinado a atender aos setores produtivos, industrial, comercial e de serviços dos Municípios com situação de emergência ou estado de calamidade pública reconhecidos pelo Poder Executivo.",SECRE,50967,Resolução,4798,0,"RESOLUÇÃO Nº 4.798, DE 6 DE ABRIL  a adoção de procedimento para recuperação de crédito menos rigoroso do que aqueles que usualmente empregarem em suas próprias operações de crédito  ",0,2020-04-06T13:30:00Z,6/4/2020 10:30,1310
Resolução N° 4.799,6/4/2020 10:30,"Altera o Regulamento do Fundo Garantidor de Créditos (FGC), de que trata o Anexo II à Resolução nº 4.222, de 23 de maio de 2013, para ajustar o valor máximo garantido do Depósito a Prazo com Garantia Especial (DPGE).",SECRE,50968,Resolução,4799,1,"III - os créditos titulados por associações, condomínios, cooperativas, grupos ou administradoras de  ",0,2020-04-06T13:30:00Z,6/4/2020 10:30,1311
Circular N° 3.996,6/4/2020 08:30,"Dispõe sobre as operações de empréstimo por meio de Linha Temporária Especial de Liquidez para aquisição de Letra Financeira com garantia em ativos financeiros ou valores mobiliários (LTEL-LFG), de que trata a Resolução nº 4.795, de 2 de abril de 2020.",SECRE,50964,Circular,3996,1,"CIRCULAR Nº 3.996, DE 6 DE ABRIL  enseja a abertura de limite de crédito para a instituição financeira, o qual balizará as  a) operações que tenham característica de crédito rotativo  ",0,2020-04-06T11:30:00Z,6/4/2020 08:30,1312
Comunicado N° 35.466,3/4/2020 15:39,Divulga nome aprovado de pessoas eleitas/nomeadas para cargos de órgãos estatutários ou contratuais de sociedades autorizadas a funcionar pelo Banco Central do Brasil.,DEORF,125787,Comunicado,35466,0,Divulga nome aprovado de pessoas eleitas/nomeadas para cargos de órgãos estatutários ou  Instituição Cooperativa de Crédito Nossocrédito Ltda. - Sicoob Nossocrédito (CNPJ  ,0,2020-04-03T18:39:00Z,3/4/2020 15:39,1313
Comunicado N° 35.458,2/4/2020 15:32,Divulga nome aprovado de pessoas eleitas/nomeadas para cargos de órgãos estatutários ou contratuais de sociedades autorizadas a funcionar pelo Banco Central do Brasil.,DEORF,125779,Comunicado,35458,0,Instituição Cooperativa de Crédito Credicampo Ltda. - Sicoob Credicampo (CNPJ 21.661.202  Instituição Cooperativa de Crédito dos Médicos e Demais Profissionais de Nível Superior da  ,0,2020-04-02T18:32:32Z,2/4/2020 15:32,1314
Comunicado N° 35.451,1/4/2020 17:15,Divulga nome aprovado de pessoas eleitas/nomeadas para cargos de órgãos estatutários ou contratuais de sociedades autorizadas a funcionar pelo Banco Central do Brasil.,DEORF,125772,Comunicado,35451,0,Divulga nome aprovado de pessoas eleitas/nomeadas para cargos de órgãos estatutários ou  Instituição Cooperativa de Crédito Rural com Interação Solidária de Treze de Maio - Cresol  ,0,2020-04-01T20:15:04Z,1/4/2020 17:15,1315
Comunicado N° 35.442,31/3/2020 14:32,Divulga nome aprovado de pessoas eleitas/nomeadas para cargos de órgãos estatutários ou contratuais de sociedades autorizadas a funcionar pelo Banco Central do Brasil.,DEORF,125762,Comunicado,35442,0,Instituição Cooperativa de Crédito e Economia com Interação Solidária de Coronel Martins  Instituição Cooperativa de Crédito Rural com Interação Solidária de Santa Maria - Cresol  ,0,2020-03-31T17:32:27Z,31/3/2020 14:32,1316
Ato de Diretor N° 667,30/3/2020 16:54,Decreta o encerramento da liquidação extrajudicial da Universicred Cooperativa de Economia e Crédito Mútuo dos Empregados da ASOEC - Associação Salgado de Oliveira.,SECRE,125753,Ato de Diretor,667,0,liquidação extrajudicial a que a Universicred Cooperativa de Economia e Crédito Mútuo dos Empregados da ASOEC - Associação  ,0,2020-03-30T19:54:56Z,30/3/2020 16:54,1317
Comunicado N° 35.426,27/3/2020 16:10,Divulga nome aprovado de pessoas eleitas/nomeadas para cargos de órgãos estatutários ou contratuais de sociedades autorizadas a funcionar pelo Banco Central do Brasil.,DEORF,125745,Comunicado,35426,0,Instituição Cooperativa de Crédito de Livre Admissão da Região de Pará de Minas Ltda  Instituição Cooperativa de Crédito de Livre Admissão de Associados Sul Catarinense  ,0,2020-03-27T19:10:37Z,27/3/2020 16:10,1318
Resolução N° 4.789,26/3/2020 18:00,Define os recursos para os financiamentos ao amparo do Fundo de Defesa da Economia Cafeeira (Funcafé).,SECRE,50956,Resolução,4789,1,f) Financiamento de Capital de Giro para Cooperativas de Produção e para Indústria de Café  da Economia Cafeeira – Funcafé) do Manual de Crédito Rural (MCR) passa a vigorar com a  ,0,2020-03-26T21:00:00Z,26/3/2020 18:00,1319
Resolução N° 4.790,26/3/2020 18:00,Dispõe sobre procedimentos para autorização e cancelamento de autorização de débitos em conta de depósitos e em conta-salário.,SECRE,50957,Resolução,4790,0,"RESOLUÇÃO Nº 4.790, DE 26 DE MARÇO DE 2020  referentes ao pagamento de operações de crédito ou de arrendamento mercantil financeiro  a) sobre limite de crédito em conta, se houver; e  ",0,2020-03-26T21:00:00Z,26/3/2020 18:00,1320
Comunicado N° 35.417,26/3/2020 16:09,Divulga nome aprovado de pessoas eleitas/nomeadas para cargos de órgãos estatutários ou contratuais de sociedades autorizadas a funcionar pelo Banco Central do Brasil.,DEORF,125736,Comunicado,35417,0,"Instituição Central das Cooperativas de Crédito dos Estados de Mato Grosso, Mato Grosso do  Instituição Cooperativa de Crédito Rural com Interação Solidária de Alfredo Wagner  ",0,2020-03-26T19:09:23Z,26/3/2020 16:09,1321
Comunicado N° 35.403,24/3/2020 15:21,Divulga nome aprovado de pessoas eleitas/nomeadas para cargos de órgãos estatutários ou contratuais de sociedades autorizadas a funcionar pelo Banco Central do Brasil.,DEORF,125721,Comunicado,35403,0,"Instituição Cooperativa de Economia e Crédito Mútuo dos Funcionários da Cia Açucareira  Instituição Cooperativa de Crédito, Poupança e Investimento Progresso - Sicredi Progresso  ",0,2020-03-24T18:21:13Z,24/3/2020 15:21,1322
Comunicado N° 35.397,23/3/2020 14:09,Divulga nome aprovado de pessoas eleitas/nomeadas para cargos de órgãos estatutários ou contratuais de sociedades autorizadas a funcionar pelo Banco Central do Brasil.,DEORF,125715,Comunicado,35397,0,"Instituição Cooperativa de Economia e Crédito Mútuo dos Servidores da Prefeitura Municipal  Instituição Cooperativa de Crédito, Poupança e Investimento Sicredi Evolução - Sicredi  ",0,2020-03-23T17:09:33Z,23/3/2020 14:09,1323
Carta Circular N° 4.017,20/3/2020 16:06,"Estabelece procedimento de encaminhamento de documentos para instrução dos pleitos relativos às autorizações cuja análise técnica tenha sido atribuída ao Departamento de Organização do Sistema Financeiro (Deorf), nos termos do Regimento Interno desta Autarquia, por meio do Protocolo Digital do Banco Central.",DEORF,50947,Carta Circular,4017,1,"CARTA CIRCULAR Nº 4.017, DE 20 DE MARÇO DE  para funcionamento, no caso das sociedades de crédito direto, das sociedades de  sociedades de crédito ao microempreendedor e à empresa de  ",0,2020-03-20T19:06:00Z,20/3/2020 16:06,1324
Comunicado N° 35.386,20/3/2020 14:40,Divulga nome aprovado de pessoas eleitas/nomeadas para cargos de órgãos estatutários ou contratuais de sociedades autorizadas a funcionar pelo Banco Central do Brasil.,DEORF,125704,Comunicado,35386,0,"Instituição Cooperativa de Crédito dos Servidores Militares, Polícia Civil e da Secretaria  Instituição Cooperativa de Crédito de Empresários - Sicoob - Transcredi (CNPJ 04.247.370  ",0,2020-03-20T17:40:47Z,20/3/2020 14:40,1325
Comunicado N° 35.359,18/3/2020 14:34,Divulga nome aprovado de pessoas eleitas/nomeadas para cargos de órgãos estatutários ou contratuais de sociedades autorizadas a funcionar pelo Banco Central do Brasil.,DEORF,125677,Comunicado,35359,0,Instituição Cooperativa de Economia e Crédito Mútuo dos Empregados da Confab (CNPJ  Instituição Cooperativa de Crédito de Empresários - Sicoob - Transcredi (CNPJ 04.247.370  ,0,2020-03-18T17:34:23Z,18/3/2020 14:34,1326
Comunicado N° 35.344,17/3/2020 15:24,Divulga nome aprovado de pessoas eleitas/nomeadas para cargos de órgãos estatutários ou contratuais de sociedades autorizadas a funcionar pelo Banco Central do Brasil.,DEORF,125662,Comunicado,35344,0,Instituição Cooperativa de Crédito de Livre Admissão de Associados - Sicoob Ecocredi (CNPJ  Instituição Cooperativa de Economia e Crédito Mútuo dos Empregados do Grupo CVRD e  ,1,2020-03-17T18:24:08Z,17/3/2020 15:24,1327
Comunicado N° 35.343,17/3/2020 15:12,Divulga nome aprovado de pessoas eleitas/nomeadas para cargos de órgãos estatutários ou contratuais de sociedades autorizadas a funcionar pelo Banco Central do Brasil.,DEORF,125661,Comunicado,35343,0,Instituição Cooperativa de Crédito de Livre Admissão de Associados - Sicoob Ecocredi (CNPJ  Instituição Cooperativa de Economia e Crédito Mútuo dos Empregados do Grupo CVRD e  ,0,2020-03-17T18:12:24Z,17/3/2020 15:12,1328
Comunicado N° 35.342,17/3/2020 10:08,Divulga Declaração de Propósito de responsabilidade da Cooperativa de Crédito de Livre Admissão da Região de Pará de Minas Ltda. Sicoob Credirural.,DEORF,125660,Comunicado,35342,0,de exercer cargos de administração na Cooperativa de Crédito de Livre Admissão da Região de Pará de  ,0,2020-03-17T13:08:25Z,17/3/2020 10:08,1329
Comunicado N° 35.325,13/3/2020 16:26,Divulga nome aprovado de pessoas eleitas/nomeadas para cargos de órgãos estatutários ou contratuais de sociedades autorizadas a funcionar pelo Banco Central do Brasil.,DEORF,125643,Comunicado,35325,0,"Instituição Cooperativa de Crédito de Livre Admissão do Norte de Mato Grosso - Sicoob  Instituição Cooperativa de Crédito, Poupança e Investimento Paranapanema PR/SP - Sicredi  ",0,2020-03-13T19:26:21Z,13/3/2020 16:26,1330
Comunicado N° 35.316,12/3/2020 17:36,Divulga nome aprovado de pessoas eleitas/nomeadas para cargos de órgãos estatutários ou contratuais de sociedades autorizadas a funcionar pelo Banco Central do Brasil.,DEORF,125634,Comunicado,35316,0,Divulga nome aprovado de pessoas eleitas/nomeadas para cargos de órgãos estatutários ou  Instituição Cooperativa de Crédito de Livre Admissão da Região Sudeste de Minas Gerais  ,0,2020-03-12T20:36:20Z,12/3/2020 17:36,1331
Carta Circular N° 4.011,10/3/2020 10:44,"Divulga procedimentos a serem observados para a abertura de conta Reservas Bancárias e de Conta de Liquidação, de que trata a Circular nº 3.438, de 2 de março de 2009, ou alteração de forma de acesso principal ao Sistema de Transferência de Reservas (STR).",DEBAN,50934,Carta Circular,4011,1,a) cooperativa de crédito em processo de autorização para funcionamento que tenha previsto  dispõe sobre a constituição e a autorização para funcionamento das cooperativas de crédito  ,0,2020-03-10T13:44:00Z,10/3/2020 10:44,1332
Comunicado N° 35.280,9/3/2020 14:55,Divulga nome aprovado de pessoas eleitas/nomeadas para cargos de órgãos estatutários ou contratuais de sociedades autorizadas a funcionar pelo Banco Central do Brasil.,DEORF,125598,Comunicado,35280,0,Divulga nome aprovado de pessoas eleitas/nomeadas para cargos de órgãos estatutários ou contratuais de sociedades  Instituição Credicoamo Crédito Rural Cooperativa (CNPJ 81.723.108  ,0,2020-03-09T17:55:56Z,9/3/2020 14:55,1333
Comunicado N° 35.266,5/3/2020 14:05,Divulga nome aprovado de pessoas eleitas/nomeadas para cargos de órgãos estatutários ou contratuais de sociedades autorizadas a funcionar pelo Banco Central do Brasil.,DEORF,125584,Comunicado,35266,0,Instituição Cooperativa de Economia e Crédito Mútuo dos Empregados da Coop - Cooperativa de Consumo e dos Empregados do  ,0,2020-03-05T17:05:28Z,5/3/2020 14:05,1334
Comunicado N° 35.262,4/3/2020 14:48,Divulga nome aprovado de pessoas eleitas/nomeadas para cargos de órgãos estatutários ou contratuais de sociedades autorizadas a funcionar pelo Banco Central do Brasil.,DEORF,125580,Comunicado,35262,0,"Instituição Cooperativa de Crédito, Poupança e Investimento Iguaçu - Sicredi Iguaçu PR/SC  Instituição Cooperativa de Crédito de Livre Admissão do Vale do Machado - Credisis Ji-Cred  ",0,2020-03-04T17:48:57Z,4/3/2020 14:48,1335
Comunicado N° 35.254,3/3/2020 15:57,Divulga nome aprovado de pessoas eleitas/nomeadas para cargos de órgãos estatutários ou contratuais de sociedades autorizadas a funcionar pelo Banco Central do Brasil.,DEORF,125572,Comunicado,35254,0,Instituição Cooperativa de Poupança e Crédito Mútuo dos Empresários e Profissionais  Instituição Cooperativa de Economia e Crédito Mútuo dos Funcionários da Ceplac Ltda  ,0,2020-03-03T18:57:24Z,3/3/2020 15:57,1336
Comunicado N° 35.248,2/3/2020 15:16,Divulga nome aprovado de pessoas eleitas/nomeadas para cargos de órgãos estatutários ou contratuais de sociedades autorizadas a funcionar pelo Banco Central do Brasil.,DEORF,125566,Comunicado,35248,0,Divulga nome aprovado de pessoas eleitas/nomeadas para cargos de órgãos estatutários ou  Instituição Cooperativa de Economia e Crédito Mútuo dos Servidores da Administração  ,0,2020-03-02T18:16:20Z,2/3/2020 15:16,1337
Comunicado N° 35.244,28/2/2020 15:32,Divulga nome aprovado de pessoas eleitas/nomeadas para cargos de órgãos estatutários ou contratuais de sociedades autorizadas a funcionar pelo Banco Central do Brasil.,DEORF,125562,Comunicado,35244,0,Instituição Cooperativa Central de Crédito - Ailos (CNPJ 05.463.212  Instituição Cooperativa de Economia e Crédito Mútuo Unicred Ijuí Ltda. - Unicred Ijuí  ,0,2020-02-28T18:32:35Z,28/2/2020 15:32,1338
Comunicado N° 35.232,27/2/2020 15:27,"Divulga Declaração de Propósito de responsabilidade do(a) (Cooperativa de Crédito, Poupança e Investimento Grandes Lagos do Paraná e Litoral Paulista - Sicredi Grandes Lagos PR/SP.",DEORF,125550,Comunicado,35232,0,"na condição de administradores da Cooperativa de Crédito, Poupança e Investimento Grandes Lagos do  ",0,2020-02-27T18:27:47Z,27/2/2020 15:27,1339
Comunicado N° 35.230,27/2/2020 15:19,"Divulga Declaração de Propósito de responsabilidade do(a) Cooperativa de Crédito, Poupança e Investimento Alto Uruguai - Sicredi Alto Uruguai RS/SC/MG.",DEORF,125548,Comunicado,35230,0,de exercer cargo de administração na Cooperativa de Crédito Poupança e Investimento Alto Uruguai – Sicredi  ,0,2020-02-27T18:19:07Z,27/2/2020 15:19,1340
Comunicado N° 35.228,26/2/2020 15:49,Divulga nome aprovado de pessoas eleitas/nomeadas para cargos de órgãos estatutários ou contratuais de sociedades autorizadas a funcionar pelo Banco Central do Brasil.,DEORF,125546,Comunicado,35228,0,Divulga nome aprovado de pessoas eleitas/nomeadas para cargos de órgãos estatutários ou  Instituição Cooperativa Central de Crédito de Santa Catarina e Rio Grande do Sul - Sicoob  ,0,2020-02-26T18:49:54Z,26/2/2020 15:49,1341
Comunicado N° 35.220,21/2/2020 16:36,Divulga Declaração de Propósito de responsabilidade da Credicoamo Crédito Rural Cooperativa.,DEORF,125538,Comunicado,35220,0,Declaração de Propósito de responsabilidade da Credicoamo Crédito Rural Cooperativa  sua intenção de exercer cargos de administração na CREDICOAMO CRÉDITO RURAL COOPERATIVA  ,0,2020-02-21T19:36:05Z,21/2/2020 16:36,1342
Comunicado N° 35.209,20/2/2020 14:27,Divulga nome aprovado de pessoas eleitas/nomeadas para cargos de órgãos estatutários ou contratuais de sociedades autorizadas a funcionar pelo Banco Central do Brasil.,DEORF,125527,Comunicado,35209,0,"Divulga nome aprovado de pessoas eleitas/nomeadas para cargos de órgãos estatutários ou  Instituição Cooperativa de Crédito, Poupança e Investimento do Planalto Central - Sicredi  ",0,2020-02-20T17:27:13Z,20/2/2020 14:27,1343
Comunicado N° 35.193,17/2/2020 15:48,"Divulga Declaração de Propósito de responsabilidade da Cooperativa de Crédito, Poupança e Investimento Iguaçu Sicredi Iguaçu PR/SC/SP.",DEORF,125511,Comunicado,35193,0,"de Propósito de responsabilidade da Cooperativa de Crédito, Poupança e Investimento Iguaçu Sicredi  ",0,2020-02-17T18:48:02Z,17/2/2020 15:48,1344
Comunicado N° 35.152,10/2/2020 15:57,Divulga Declaração de Propósito de responsabilidade da Cooperativa de Crédito de Livre Admissão da Região Sudeste de Minas Gerais Ltda. SICOOB CREDISUCESSO.,DEORF,125467,Comunicado,35152,0,Declaração de Propósito de responsabilidade da Cooperativa de Crédito de Livre Admissão da Região Sudeste de Minas  ,0,2020-02-10T18:57:30Z,10/2/2020 15:57,1345
Comunicado N° 35.136,6/2/2020 17:02,Divulga Declaração de Propósito de responsabilidade da Cooperativa de Crédito de Livre Admissão da Região Sudeste de Minas Gerais Ltda. Sicoob Credisucesso.,DEORF,125451,Comunicado,35136,0,Declaração de Propósito de responsabilidade da Cooperativa de Crédito de Livre Admissão da Região Sudeste de Minas  ,0,2020-02-06T20:02:41Z,6/2/2020 17:02,1346
Comunicado N° 35.135,6/2/2020 17:01,Divulga Declaração de Propósito de responsabilidade do Banco Cooperativo do Brasil S.A. Bancoob,DEORF,125450,Comunicado,35135,0,"Declaração de Propósito de responsabilidade do Banco Cooperativo do Brasil S.A. Bancoob  DF) 
Carteiras Comercial e de Crédito Imobiliário 
Composição societária 
Controladores  ",0,2020-02-06T20:01:10Z,6/2/2020 17:01,1347
Carta Circular N° 4.003,4/2/2020 16:02,"Cria, altera e exclui rubricas contábeis no Plano Contábil das Instituições do Sistema Financeiro Nacional para registro dos depósitos de poupança.",DENOR,50915,Carta Circular,4003,1,"destina-se ao registro, nos  Bancos Cooperativos, nas Confederações ou nas Cooperativas Centrais, dos demais recursos recebidos das cooperativas filiadas para os quais não haja  ",0,2020-02-04T19:02:00Z,4/2/2020 16:02,1348
Comunicado N° 35.111,31/1/2020 13:52,Divulga nome aprovado de pessoas eleitas/nomeadas para cargos de órgãos estatutários ou contratuais de sociedades autorizadas a funcionar pelo Banco Central do Brasil.,DEORF,125426,Comunicado,35111,0,Divulga nome aprovado de pessoas eleitas/nomeadas para cargos de órgãos estatutários ou  Instituição Cooperativa de Economia e Crédito Mútuo BRF - CrediBRF (CNPJ 82.096.447  ,0,2020-01-31T16:52:31Z,31/1/2020 13:52,1349
Comunicado N° 35.098,30/1/2020 16:01,Divulga nome aprovado de pessoas eleitas/nomeadas para cargos de órgãos estatutários ou contratuais de sociedades autorizadas a funcionar pelo Banco Central do Brasil.,DEORF,125413,Comunicado,35098,0,Divulga nome aprovado de pessoas eleitas/nomeadas para cargos de órgãos estatutários ou  Instituição Cooperativa de Crédito de Cascavel e Região - Sicoob Credicapital (CNPJ  ,0,2020-01-30T19:01:55Z,30/1/2020 16:01,1350
Resolução N° 4.776,29/1/2020 18:00,Dispõe sobre os critérios gerais para elaboração e divulgação de demonstrações financeiras consolidadas pelas instituições financeiras e demais instituições autorizadas a funcionar pelo Banco Central do Brasil.,SECRE,50908,Resolução,4776,1,"RESOLUÇÃO Nº 4.776, DE 29 DE JANEIRO DE 2020  Dispõe sobre os critérios gerais para elaboração e divulgação de demonstrações financeiras  R E S O L V  I - às cooperativas de crédito; e  ",0,2020-01-29T21:00:00Z,29/1/2020 18:00,1351
Comunicado N° 35.083,28/1/2020 16:33,Divulga nome aprovado de pessoas eleitas/nomeadas para cargos de órgãos estatutários ou contratuais de sociedades autorizadas a funcionar pelo Banco Central do Brasil.,DEORF,125398,Comunicado,35083,0,Divulga nome aprovado de pessoas eleitas/nomeadas para cargos de órgãos estatutários ou  Instituição Cooperativa de Crédito Rural com Interação Solidária União dos Pinhais  ,0,2020-01-28T19:33:40Z,28/1/2020 16:33,1352
Comunicado N° 35.079,27/1/2020 17:07,Divulga Declaração de Propósito de responsabilidade da Credicoamo Crédito Rural Cooperativa.,DEORF,125394,Comunicado,35079,0,Declaração de Propósito de responsabilidade da Credicoamo Crédito Rural Cooperativa  sua intenção de exercer cargos de administração na CREDICOAMO CRÉDITO RURAL COOPERATIVA  ,0,2020-01-27T20:07:04Z,27/1/2020 17:07,1353
Comunicado N° 35.077,27/1/2020 16:34,Divulga nome aprovado de pessoas eleitas/nomeadas para cargos de órgãos estatutários ou contratuais de sociedades autorizadas a funcionar pelo Banco Central do Brasil.,DEORF,125392,Comunicado,35077,0,"Instituição Cooperativa de Economia e Crédito Mútuo dos Empresários de Americana, Limeira  Instituição Cooperativa de Crédito dos Empresários do Estado de Goiás Ltda. (CNPJ  ",0,2020-01-27T19:34:11Z,27/1/2020 16:34,1354
Comunicado N° 35.072,24/1/2020 15:28,Divulga nome aprovado de pessoas eleitas/nomeadas para cargos de órgãos estatutários ou contratuais de sociedades autorizadas a funcionar pelo Banco Central do Brasil.,DEORF,125387,Comunicado,35072,0,Instituição Sicredi Ceará Centro Norte - Cooperativa de Crédito da Região Centro Norte do Ceará (CNPJ  ,0,2020-01-24T18:28:27Z,24/1/2020 15:28,1355
Comunicado N° 35.068,23/1/2020 15:37,Divulga nome aprovado de pessoas eleitas/nomeadas para cargos de órgãos estatutários ou contratuais de sociedades autorizadas a funcionar pelo Banco Central do Brasil.,DEORF,125383,Comunicado,35068,0,Divulga nome aprovado de pessoas eleitas/nomeadas para cargos de órgãos estatutários ou  Instituição Cooperativa de Crédito Unicred Desbravadora Ltda. - Unicred Desbravadora Sul  ,0,2020-01-23T18:37:22Z,23/1/2020 15:37,1356
Circular N° 3.978,23/1/2020 10:30,"Dispõe sobre a política, os procedimentos e os controles internos a serem adotados pelas instituições autorizadas a funcionar pelo Banco Central do Brasil visando à prevenção da utilização do sistema financeiro para a prática dos crimes de ""lavagem"" ou ocultação de bens, direitos e valores, de que trata a Lei nº 9.613, de 3 de março de 1998, e de financiamento do terrorismo, previsto na Lei nº 13.260, de 16 de março de 2016.",SECRE,50905,Circular,3978,0,"CIRCULAR Nº 3.978, DE 23 DE JANEIRO DE 2020  Dispõe sobre a política, os procedimentos e os  do terrorismo única por conglomerado prudencial e por sistema cooperativo de crédito  ",0,2020-01-23T13:30:00Z,23/1/2020 10:30,1357
Comunicado N° 35.059,21/1/2020 16:21,"Divulga Declaração de Propósito de responsabilidade da Cooperativa de Crédito, Poupança e Investimento Campos Gerais Sicredi Campos Gerais PR/SP.",DEORF,125373,Comunicado,35059,0,"de Propósito de responsabilidade da Cooperativa de Crédito, Poupança e Investimento Campos Gerais  ",0,2020-01-21T19:21:04Z,21/1/2020 16:21,1358
Comunicado N° 35.056,20/1/2020 16:17,"Divulga Declaração de Propósito de responsabilidade da Cooperativa de Crédito, Poupança e Investimento Nossa Terra Sicredi Nossa Terra PR/SP.",DEORF,125369,Comunicado,35056,0,"de Propósito de responsabilidade da Cooperativa de Crédito, Poupança e Investimento Nossa Terra Sicredi  ",0,2020-01-20T19:17:30Z,20/1/2020 16:17,1359
Comunicado N° 35.055,20/1/2020 16:09,Divulga nome aprovado de pessoas eleitas/nomeadas para cargos de órgãos estatutários ou contratuais de sociedades autorizadas a funcionar pelo Banco Central do Brasil.,DEORF,125368,Comunicado,35055,0,Instituição Cooperativa de Economia e Crédito Mútuo dos Funcionários da Astrazeneca do  Instituição Cooperativa de Crédito da Foz do Rio Itajaí-Açu - Credifoz (CNPJ 09.512.539  ,0,2020-01-20T19:09:34Z,20/1/2020 16:09,1360
Comunicado N° 35.049,16/1/2020 16:46,"Divulga Declaração de Propósito de responsabilidade da Cooperativa de Crédito, Poupança e Investimento Grandes Lagos do Paraná e Litoral Paulista Sicredi Grandes Lagos PR/SP.",DEORF,125362,Comunicado,35049,0,"de Propósito de responsabilidade da Cooperativa de Crédito, Poupança e Investimento Grandes Lagos do  ",0,2020-01-16T19:46:48Z,16/1/2020 16:46,1361
Comunicado N° 35.039,15/1/2020 16:57,"Divulga Declaração de Propósito de responsabilidade da Cooperativa de Crédito, Poupança e Investimento Terra dos Pinheirais do Paraná e Noroeste Paulista Sicredi Planalto das Águas PR/SP.",DEORF,125352,Comunicado,35039,0,"na condição de administradores da Cooperativa de Crédito, Poupança e Investimento Terra dos Pinheirais  ",0,2020-01-15T19:57:11Z,15/1/2020 16:57,1362
Comunicado N° 35.038,15/1/2020 16:49,Divulga nome aprovado de pessoas eleitas/nomeadas para cargos de órgãos estatutários ou contratuais de sociedades autorizadas a funcionar pelo Banco Central do Brasil.,DEORF,125351,Comunicado,35038,0,"Divulga nome aprovado de pessoas eleitas/nomeadas para cargos de órgãos estatutários ou  Instituição Cooperativa de Crédito, Poupança e Investimento Alto Uruguai - Sicredi Alto  ",0,2020-01-15T19:49:14Z,15/1/2020 16:49,1363
Comunicado N° 35.031,14/1/2020 16:29,Divulga nome aprovado de pessoas eleitas/nomeadas para cargos de órgãos estatutários ou contratuais de sociedades autorizadas a funcionar pelo Banco Central do Brasil.,DEORF,125344,Comunicado,35031,0,Instituição Stara Financeira S.A. - Crédito Financiamento e Investimento (CNPJ 17.359.351  Instituição Central Cooperativa de Crédito no Estado do Espírito Santo - Cecoop (CNPJ  ,0,2020-01-14T19:29:05Z,14/1/2020 16:29,1364
Comunicado N° 35.025,13/1/2020 15:40,Divulga nome aprovado de pessoas eleitas/nomeadas para cargos de órgãos estatutários ou contratuais de sociedades autorizadas a funcionar pelo Banco Central do Brasil.,DEORF,125338,Comunicado,35025,0,Divulga nome aprovado de pessoas eleitas/nomeadas para cargos de órgãos estatutários ou  Instituição Cooperativa de Crédito Rural com Interação Solidária Pioneira - Cresol  ,0,2020-01-13T18:40:14Z,13/1/2020 15:40,1365
Comunicado N° 35.019,10/1/2020 16:33,Divulga nome aprovado de pessoas eleitas/nomeadas para cargos de órgãos estatutários ou contratuais de sociedades autorizadas a funcionar pelo Banco Central do Brasil.,DEORF,125332,Comunicado,35019,0,Instituição Cooperativa de Crédito de Livre Admissão do Alto São Francisco Ltda. (CNPJ  Instituição Cooperativa de Crédito Rural Coopavel (CNPJ 76.461.557  ,0,2020-01-10T19:33:37Z,10/1/2020 16:33,1366
Comunicado N° 35.012,9/1/2020 16:28,"Divulga Declaração de Propósito de responsabilidade da Cooperativa de Crédito, Poupança e Investimento Iguaçu Sicredi Iguaçu PR/SC/SP.",DEORF,125325,Comunicado,35012,0,"de Propósito de responsabilidade da Cooperativa de Crédito, Poupança e Investimento Iguaçu Sicredi  ",0,2020-01-09T19:28:31Z,9/1/2020 16:28,1367
Comunicado N° 35.011,9/1/2020 15:41,Divulga nome aprovado de pessoas eleitas/nomeadas para cargos de órgãos estatutários ou contratuais de sociedades autorizadas a funcionar pelo Banco Central do Brasil.,DEORF,125324,Comunicado,35011,0,Instituição Cooperativa de Crédito de Livre Admissão de Conselheiro Pena e Região Ltda  Instituição Cooperativa de Crédito de Livre Admissão do Noroeste de Minas Gerais Ltda  ,0,2020-01-09T18:41:32Z,9/1/2020 15:41,1368
Circular N° 3.975,8/1/2020 18:00,Institui o recolhimento compulsório sobre recursos de depósitos de poupança em substituição ao encaixe obrigatório sobre recursos de depósitos de poupança.,SECRE,50902,Circular,3975,1,"Parágrafo único.  Na hipótese de cooperativas de crédito que integrem sistema cooperativo, a comprovação do cumprimento da exigibilidade  ",0,2020-01-08T21:00:00Z,8/1/2020 18:00,1369
Comunicado N° 35.005,8/1/2020 16:25,Divulga nome aprovado de pessoas eleitas/nomeadas para cargos de órgãos estatutários ou contratuais de sociedades autorizadas a funcionar pelo Banco Central do Brasil.,DEORF,125318,Comunicado,35005,0,Instituição Cooperativa de Crédito Rural com Interação Solidária da Costa Oeste - Cresol  Instituição Cooperativa de Crédito Rural com Interação Solidária Vale das Águas - Cresol  ,0,2020-01-08T19:25:11Z,8/1/2020 16:25,1370
Comunicado N° 35.000,7/1/2020 16:02,Divulga nome aprovado de pessoas eleitas/nomeadas para cargos de órgãos estatutários ou contratuais de sociedades autorizadas a funcionar pelo Banco Central do Brasil.,DEORF,125313,Comunicado,35000,0,Divulga nome aprovado de pessoas eleitas/nomeadas para cargos de órgãos estatutários ou  Instituição Cooperativa de Crédito Teixeira de Freitas Ltda. - Sicoob Extremo Sul (CNPJ  ,0,2020-01-07T19:02:50Z,7/1/2020 16:02,1371
Resolução N° 4.774,7/1/2020 11:23,"Retira a fixação de percentual de encaixe obrigatório sobre recursos captados em depósitos de poupança do Manual de Crédito Rural e da Resolução nº 4.676, de 31 de julho de 2018.",SECRE,50901,Resolução,4774,1,"R E S O L V E U  b) é responsabilidade da confederação de crédito, do banco cooperativo ou da cooperativa central de crédito a comprovação do direcionamento para crédito rural  ",0,2020-01-07T14:23:00Z,7/1/2020 11:23,1372
Comunicado N° 34.995,6/1/2020 15:12,Divulga nome aprovado de pessoas eleitas/nomeadas para cargos de órgãos estatutários ou contratuais de sociedades autorizadas a funcionar pelo Banco Central do Brasil.,DEORF,125308,Comunicado,34995,0,Divulga nome aprovado de pessoas eleitas/nomeadas para cargos de órgãos estatutários ou  Instituição Cooperativa de Crédito Sul do Espírito Santo - Sicoob Sul (CNPJ 32.467.086  ,0,2020-01-06T18:12:51Z,6/1/2020 15:12,1373
Comunicado N° 34.992,3/1/2020 16:24,Divulga nome aprovado de pessoas eleitas/nomeadas para cargos de órgãos estatutários ou contratuais de sociedades autorizadas a funcionar pelo Banco Central do Brasil.,DEORF,125305,Comunicado,34992,0,Instituição Cooperativa de Crédito de Livre Admissão do Centro-Nordeste Mineiro Ltda  Instituição Cooperativa de Crédito de Livre Admissão de Associados de Guaramirim - Crevisc  ,0,2020-01-03T19:24:07Z,3/1/2020 16:24,1374
Carta Circular N° 3.999,2/1/2020 14:51,"Divulga relação das instituições financeiras pertencentes ao ""Grupo A"" e ao ""Grupo B"", para fins do recolhimento compulsório sobre recursos à vista.",DEBAN,50900,Carta Circular,3999,1,"CARTA CIRCULAR Nº 3.999, DE 2 DE JANEIRO DE 2020  R E S O L V E  BCV - Banco de Crédito e Varejo S.A.  Banco Cooperativo do Brasil S.A. - Bancoob  Banco Cooperativo Sicredi S.A.  ",0,2020-01-02T17:51:00Z,2/1/2020 14:51,1375
